INSERT INTO _user (status, id, email, first_name, last_name, password, role) VALUES ('ACTIVE', 6000, 'admin@gmail.com', 'John', 'Doe', '$2a$12$AgOr5O5nmLlIgsBgHrP57eouuZ9XRgOX.evYytR7oZ.XRBrgCS65W', 'ADMIN');
--password : password
INSERT INTO _user (created_at, id, email, first_name, last_name, password, role, status) VALUES ('2023-04-14T10:09', 1, 'draginja.savić@yahoo.com', 'Draginja', 'Savić', '$2a$12$MlnyH21ePO39K3ufi9qxO.MXpbIJqThmjnuR0J8mqqhxizKIeqeC6', 'PATIENT', 'ACTIVE');
INSERT INTO patient (id, date_of_birth, address, mbo, phone_number) VALUES (1, '1951-02-19', 'Trg Petra Preradovića 07', '0161433163', '0912544736');
INSERT INTO _user (created_at, id, email, first_name, last_name, password, role, status) VALUES ('2022-10-13T05:16', 2, 'karolina.novaković@outlook.com', 'Karolina', 'Novaković', '$2a$12$MlnyH21ePO39K3ufi9qxO.MXpbIJqThmjnuR0J8mqqhxizKIeqeC6', 'PATIENT', 'ACTIVE');
INSERT INTO patient (id, date_of_birth, address, mbo, phone_number) VALUES (2, '1983-10-21', 'Marulićev trg 42', '6427148240', '0917626141');
INSERT INTO _user (created_at, id, email, first_name, last_name, password, role, status) VALUES ('2023-02-16T22:37', 3, 'branka.marušić@gmail.com', 'Branka', 'Marušić', '$2a$12$MlnyH21ePO39K3ufi9qxO.MXpbIJqThmjnuR0J8mqqhxizKIeqeC6', 'PATIENT', 'ACTIVE');
INSERT INTO patient (id, date_of_birth, address, mbo, phone_number) VALUES (3, '1982-04-10', 'Kumičićeva 16', '6392801478', '0988840286');
INSERT INTO _user (created_at, id, email, first_name, last_name, password, role, status) VALUES ('2023-03-27T01:50', 4, 'franica.kozina@outlook.com', 'Franica', 'Kozina', '$2a$12$MlnyH21ePO39K3ufi9qxO.MXpbIJqThmjnuR0J8mqqhxizKIeqeC6', 'PATIENT', 'ACTIVE');
INSERT INTO patient (id, date_of_birth, address, mbo, phone_number) VALUES (4, '1990-03-20', 'Lepušićeva 24', '2115655700', '0988736302');
INSERT INTO _user (created_at, id, email, first_name, last_name, password, role, status) VALUES ('2022-12-09T09:04', 5, 'emina.jukić@yahoo.com', 'Emina', 'Jukić', '$2a$12$MlnyH21ePO39K3ufi9qxO.MXpbIJqThmjnuR0J8mqqhxizKIeqeC6', 'PATIENT', 'ACTIVE');
INSERT INTO patient (id, date_of_birth, address, mbo, phone_number) VALUES (5, '1973-12-05', 'Marulićev trg 03', '0165588734', '0928843130');
INSERT INTO _user (created_at, id, email, first_name, last_name, password, role, status) VALUES ('2023-01-21T02:10', 6, 'dragica.mijatović@gmail.com', 'Dragica', 'Mijatović', '$2a$12$MlnyH21ePO39K3ufi9qxO.MXpbIJqThmjnuR0J8mqqhxizKIeqeC6', 'PATIENT', 'ACTIVE');
INSERT INTO patient (id, date_of_birth, address, mbo, phone_number) VALUES (6, '1976-05-22', 'Medvedgradska ulica 09', '0655366173', '0956853446');
INSERT INTO _user (created_at, id, email, first_name, last_name, password, role, status) VALUES ('2022-12-13T21:00', 7, 'katica.duvnjak@yahoo.com', 'Katica', 'Duvnjak', '$2a$12$MlnyH21ePO39K3ufi9qxO.MXpbIJqThmjnuR0J8mqqhxizKIeqeC6', 'PATIENT', 'ACTIVE');
INSERT INTO patient (id, date_of_birth, address, mbo, phone_number) VALUES (7, '1979-12-20', 'Krvavi most 42', '5292278489', '0980083583');
INSERT INTO _user (created_at, id, email, first_name, last_name, password, role, status) VALUES ('2023-12-11T01:58', 8, 'jovanka.bartulović@outlook.com', 'Jovanka', 'Bartulović', '$2a$12$MlnyH21ePO39K3ufi9qxO.MXpbIJqThmjnuR0J8mqqhxizKIeqeC6', 'PATIENT', 'ACTIVE');
INSERT INTO patient (id, date_of_birth, address, mbo, phone_number) VALUES (8, '1968-04-11', 'Hatzova 40', '5473481485', '0924421865');
INSERT INTO _user (created_at, id, email, first_name, last_name, password, role, status) VALUES ('2022-12-13T13:18', 9, 'mladenka.špoljarić@gmail.com', 'Mladenka', 'Špoljarić', '$2a$12$MlnyH21ePO39K3ufi9qxO.MXpbIJqThmjnuR0J8mqqhxizKIeqeC6', 'PATIENT', 'ACTIVE');
INSERT INTO patient (id, date_of_birth, address, mbo, phone_number) VALUES (9, '1961-06-25', 'Škrlčeva 34', '7605521143', '0910056790');
INSERT INTO _user (created_at, id, email, first_name, last_name, password, role, status) VALUES ('2023-10-13T13:59', 10, 'gordana.glavaš@gmail.com', 'Gordana', 'Glavaš', '$2a$12$MlnyH21ePO39K3ufi9qxO.MXpbIJqThmjnuR0J8mqqhxizKIeqeC6', 'PATIENT', 'ACTIVE');
INSERT INTO patient (id, date_of_birth, address, mbo, phone_number) VALUES (10, '1964-12-17', 'Rooseveltov trg 12', '5284922614', '0950345045');
INSERT INTO _user (created_at, id, email, first_name, last_name, password, role, status) VALUES ('2023-04-05T21:48', 11, 'katica.vukelić@outlook.com', 'Katica', 'Vukelić', '$2a$12$MlnyH21ePO39K3ufi9qxO.MXpbIJqThmjnuR0J8mqqhxizKIeqeC6', 'PATIENT', 'ACTIVE');
INSERT INTO patient (id, date_of_birth, address, mbo, phone_number) VALUES (11, '1989-04-20', 'Trg Republike Hrvatske 42', '0962949258', '0979853904');
INSERT INTO _user (created_at, id, email, first_name, last_name, password, role, status) VALUES ('2024-01-09T14:41', 12, 'tina.glavaš@icloud.com', 'Tina', 'Glavaš', '$2a$12$MlnyH21ePO39K3ufi9qxO.MXpbIJqThmjnuR0J8mqqhxizKIeqeC6', 'PATIENT', 'ACTIVE');
INSERT INTO patient (id, date_of_birth, address, mbo, phone_number) VALUES (12, '1980-07-18', 'Opatovina 16', '6769442609', '0912835675');
INSERT INTO _user (created_at, id, email, first_name, last_name, password, role, status) VALUES ('2022-08-31T11:14', 13, 'anđela.rukavina@yahoo.com', 'Anđela', 'Rukavina', '$2a$12$MlnyH21ePO39K3ufi9qxO.MXpbIJqThmjnuR0J8mqqhxizKIeqeC6', 'PATIENT', 'ACTIVE');
INSERT INTO patient (id, date_of_birth, address, mbo, phone_number) VALUES (13, '1995-07-01', 'Medvedgradska ulica 44', '8605986580', '0958864286');
INSERT INTO _user (created_at, id, email, first_name, last_name, password, role, status) VALUES ('2023-05-16T19:56', 14, 'angela.lovrić@yahoo.com', 'Angela', 'Lovrić', '$2a$12$MlnyH21ePO39K3ufi9qxO.MXpbIJqThmjnuR0J8mqqhxizKIeqeC6', 'PATIENT', 'ACTIVE');
INSERT INTO patient (id, date_of_birth, address, mbo, phone_number) VALUES (14, '1990-05-11', 'Bogišićeva 28', '8708088949', '0989162237');
INSERT INTO _user (created_at, id, email, first_name, last_name, password, role, status) VALUES ('2023-01-29T11:57', 15, 'vesna.jurišić@gmail.com', 'Vesna', 'Jurišić', '$2a$12$MlnyH21ePO39K3ufi9qxO.MXpbIJqThmjnuR0J8mqqhxizKIeqeC6', 'PATIENT', 'ACTIVE');
INSERT INTO patient (id, date_of_birth, address, mbo, phone_number) VALUES (15, '1997-04-30', 'Rokova ulica 06', '5303563745', '0989910695');
INSERT INTO _user (created_at, id, email, first_name, last_name, password, role, status) VALUES ('2023-10-01T10:41', 16, 'karmela.barišić@yahoo.com', 'Karmela', 'Barišić', '$2a$12$MlnyH21ePO39K3ufi9qxO.MXpbIJqThmjnuR0J8mqqhxizKIeqeC6', 'PATIENT', 'ACTIVE');
INSERT INTO patient (id, date_of_birth, address, mbo, phone_number) VALUES (16, '1975-12-02', 'Trg Petra Preradovića 30', '4167414051', '0984183710');
INSERT INTO _user (created_at, id, email, first_name, last_name, password, role, status) VALUES ('2022-09-21T08:06', 17, 'dušanka.delić@icloud.com', 'Dušanka', 'Delić', '$2a$12$MlnyH21ePO39K3ufi9qxO.MXpbIJqThmjnuR0J8mqqhxizKIeqeC6', 'PATIENT', 'ACTIVE');
INSERT INTO patient (id, date_of_birth, address, mbo, phone_number) VALUES (17, '1968-03-10', 'Ulica kneza Mislava 16', '4668912324', '0953224570');
INSERT INTO _user (created_at, id, email, first_name, last_name, password, role, status) VALUES ('2023-12-21T19:34', 18, 'mare.golubić@icloud.com', 'Mare', 'Golubić', '$2a$12$MlnyH21ePO39K3ufi9qxO.MXpbIJqThmjnuR0J8mqqhxizKIeqeC6', 'PATIENT', 'ACTIVE');
INSERT INTO patient (id, date_of_birth, address, mbo, phone_number) VALUES (18, '1954-03-25', 'Medvedgradska ulica 36', '0203814896', '0922036225');
INSERT INTO _user (created_at, id, email, first_name, last_name, password, role, status) VALUES ('2023-02-27T18:16', 19, 'tanja.novak@yahoo.com', 'Tanja', 'Novak', '$2a$12$MlnyH21ePO39K3ufi9qxO.MXpbIJqThmjnuR0J8mqqhxizKIeqeC6', 'PATIENT', 'ACTIVE');
INSERT INTO patient (id, date_of_birth, address, mbo, phone_number) VALUES (19, '2001-11-10', 'Jurišićeva 12', '9881870563', '0914116265');
INSERT INTO _user (created_at, id, email, first_name, last_name, password, role, status) VALUES ('2023-07-18T09:48', 20, 'agata.miletić@yahoo.com', 'Agata', 'Miletić', '$2a$12$MlnyH21ePO39K3ufi9qxO.MXpbIJqThmjnuR0J8mqqhxizKIeqeC6', 'PATIENT', 'ACTIVE');
INSERT INTO patient (id, date_of_birth, address, mbo, phone_number) VALUES (20, '1992-07-08', 'Ulica neznane junakinje 28', '2104392529', '0922518782');
INSERT INTO _user (created_at, id, email, first_name, last_name, password, role, status) VALUES ('2023-06-04T18:42', 21, 'ivona.pavelić@gmail.com', 'Ivona', 'Pavelić', '$2a$12$MlnyH21ePO39K3ufi9qxO.MXpbIJqThmjnuR0J8mqqhxizKIeqeC6', 'PATIENT', 'ACTIVE');
INSERT INTO patient (id, date_of_birth, address, mbo, phone_number) VALUES (21, '1981-08-11', 'Medulićeva 04', '2858634636', '0911103397');
INSERT INTO _user (created_at, id, email, first_name, last_name, password, role, status) VALUES ('2022-12-28T03:25', 22, 'franciska.josipović@outlook.com', 'Franciska', 'Josipović', '$2a$12$MlnyH21ePO39K3ufi9qxO.MXpbIJqThmjnuR0J8mqqhxizKIeqeC6', 'PATIENT', 'ACTIVE');
INSERT INTO patient (id, date_of_birth, address, mbo, phone_number) VALUES (22, '1986-10-29', 'Vukotinovićeva 28', '0767170542', '0923701446');
INSERT INTO _user (created_at, id, email, first_name, last_name, password, role, status) VALUES ('2023-01-04T09:06', 23, 'meri.matošević@gmail.com', 'Meri', 'Matošević', '$2a$12$MlnyH21ePO39K3ufi9qxO.MXpbIJqThmjnuR0J8mqqhxizKIeqeC6', 'PATIENT', 'ACTIVE');
INSERT INTO patient (id, date_of_birth, address, mbo, phone_number) VALUES (23, '1973-10-22', 'Kordunska 07', '6841174695', '0928971432');
INSERT INTO _user (created_at, id, email, first_name, last_name, password, role, status) VALUES ('2023-07-07T04:59', 24, 'gorana.pavković@gmail.com', 'Gorana', 'Pavković', '$2a$12$MlnyH21ePO39K3ufi9qxO.MXpbIJqThmjnuR0J8mqqhxizKIeqeC6', 'PATIENT', 'ACTIVE');
INSERT INTO patient (id, date_of_birth, address, mbo, phone_number) VALUES (24, '1962-02-24', 'Derenčinova 00', '5700858237', '0911312040');
INSERT INTO _user (created_at, id, email, first_name, last_name, password, role, status) VALUES ('2023-06-09T16:14', 25, 'jasenka.mišković@yahoo.com', 'Jasenka', 'Mišković', '$2a$12$MlnyH21ePO39K3ufi9qxO.MXpbIJqThmjnuR0J8mqqhxizKIeqeC6', 'PATIENT', 'ACTIVE');
INSERT INTO patient (id, date_of_birth, address, mbo, phone_number) VALUES (25, '1969-08-06', 'Britanski trg 47', '6363403531', '0915095604');
INSERT INTO _user (created_at, id, email, first_name, last_name, password, role, status) VALUES ('2023-10-24T18:37', 26, 'marijana.jurčić@outlook.com', 'Marijana', 'Jurčić', '$2a$12$MlnyH21ePO39K3ufi9qxO.MXpbIJqThmjnuR0J8mqqhxizKIeqeC6', 'PATIENT', 'ACTIVE');
INSERT INTO patient (id, date_of_birth, address, mbo, phone_number) VALUES (26, '1977-12-04', 'Berislavićeva 07', '8141724392', '0918840438');
INSERT INTO _user (created_at, id, email, first_name, last_name, password, role, status) VALUES ('2024-01-07T23:39', 27, 'sabina.vrdoljak@gmail.com', 'Sabina', 'Vrdoljak', '$2a$12$MlnyH21ePO39K3ufi9qxO.MXpbIJqThmjnuR0J8mqqhxizKIeqeC6', 'PATIENT', 'ACTIVE');
INSERT INTO patient (id, date_of_birth, address, mbo, phone_number) VALUES (27, '1966-03-10', 'Trg hrvatskih velikana 31', '1043533219', '0970796790');
INSERT INTO _user (created_at, id, email, first_name, last_name, password, role, status) VALUES ('2023-05-26T14:01', 28, 'ljuba.bošković@gmail.com', 'Ljuba', 'Bošković', '$2a$12$MlnyH21ePO39K3ufi9qxO.MXpbIJqThmjnuR0J8mqqhxizKIeqeC6', 'PATIENT', 'ACTIVE');
INSERT INTO patient (id, date_of_birth, address, mbo, phone_number) VALUES (28, '1963-07-04', 'Kožarska 23', '9028646121', '0953839202');
INSERT INTO _user (created_at, id, email, first_name, last_name, password, role, status) VALUES ('2022-11-09T22:45', 29, 'erna.devčić@outlook.com', 'Erna', 'Devčić', '$2a$12$MlnyH21ePO39K3ufi9qxO.MXpbIJqThmjnuR0J8mqqhxizKIeqeC6', 'PATIENT', 'ACTIVE');
INSERT INTO patient (id, date_of_birth, address, mbo, phone_number) VALUES (29, '1964-06-06', 'Dubravkin put 16', '4385262308', '0986715347');
INSERT INTO _user (created_at, id, email, first_name, last_name, password, role, status) VALUES ('2023-09-17T01:34', 30, 'anđela.matanović@outlook.com', 'Anđela', 'Matanović', '$2a$12$MlnyH21ePO39K3ufi9qxO.MXpbIJqThmjnuR0J8mqqhxizKIeqeC6', 'PATIENT', 'ACTIVE');
INSERT INTO patient (id, date_of_birth, address, mbo, phone_number) VALUES (30, '1969-06-21', 'Gupčeva zvijezda 02', '1344415348', '0976448741');
INSERT INTO _user (created_at, id, email, first_name, last_name, password, role, status) VALUES ('2023-05-20T20:18', 31, 'franjica.tomić@outlook.com', 'Franjica', 'Tomić', '$2a$12$MlnyH21ePO39K3ufi9qxO.MXpbIJqThmjnuR0J8mqqhxizKIeqeC6', 'PATIENT', 'ACTIVE');
INSERT INTO patient (id, date_of_birth, address, mbo, phone_number) VALUES (31, '1979-11-05', 'Trg hrvatskih velikana 03', '7086375430', '0978728160');
INSERT INTO _user (created_at, id, email, first_name, last_name, password, role, status) VALUES ('2022-08-30T05:27', 32, 'dolores.klarić@yahoo.com', 'Dolores', 'Klarić', '$2a$12$MlnyH21ePO39K3ufi9qxO.MXpbIJqThmjnuR0J8mqqhxizKIeqeC6', 'PATIENT', 'ACTIVE');
INSERT INTO patient (id, date_of_birth, address, mbo, phone_number) VALUES (32, '1957-12-31', 'Dukljaninova 12', '6733122497', '0980695384');
INSERT INTO _user (created_at, id, email, first_name, last_name, password, role, status) VALUES ('2022-10-15T01:59', 33, 'spomenka.stojanović@outlook.com', 'Spomenka', 'Stojanović', '$2a$12$MlnyH21ePO39K3ufi9qxO.MXpbIJqThmjnuR0J8mqqhxizKIeqeC6', 'PATIENT', 'ACTIVE');
INSERT INTO patient (id, date_of_birth, address, mbo, phone_number) VALUES (33, '1995-06-01', 'Zavrtnica 34', '1177433485', '0919339289');
INSERT INTO _user (created_at, id, email, first_name, last_name, password, role, status) VALUES ('2023-07-11T13:13', 34, 'jelka.devčić@yahoo.com', 'Jelka', 'Devčić', '$2a$12$MlnyH21ePO39K3ufi9qxO.MXpbIJqThmjnuR0J8mqqhxizKIeqeC6', 'PATIENT', 'ACTIVE');
INSERT INTO patient (id, date_of_birth, address, mbo, phone_number) VALUES (34, '1975-06-09', 'Hrvojeva 18', '8817657771', '0918772249');
INSERT INTO _user (created_at, id, email, first_name, last_name, password, role, status) VALUES ('2023-12-16T07:21', 35, 'silvija.bačić@gmail.com', 'Silvija', 'Bačić', '$2a$12$MlnyH21ePO39K3ufi9qxO.MXpbIJqThmjnuR0J8mqqhxizKIeqeC6', 'PATIENT', 'ACTIVE');
INSERT INTO patient (id, date_of_birth, address, mbo, phone_number) VALUES (35, '1983-03-18', 'Erdodyeva 03', '0166863005', '0954592445');
INSERT INTO _user (created_at, id, email, first_name, last_name, password, role, status) VALUES ('2023-02-22T02:15', 36, 'ljerka.bogdanović@icloud.com', 'Ljerka', 'Bogdanović', '$2a$12$MlnyH21ePO39K3ufi9qxO.MXpbIJqThmjnuR0J8mqqhxizKIeqeC6', 'PATIENT', 'ACTIVE');
INSERT INTO patient (id, date_of_birth, address, mbo, phone_number) VALUES (36, '1992-10-17', 'Fišerova 39', '2345452125', '0985126913');
INSERT INTO _user (created_at, id, email, first_name, last_name, password, role, status) VALUES ('2023-04-04T23:38', 37, 'gorana.ljubić@outlook.com', 'Gorana', 'Ljubić', '$2a$12$MlnyH21ePO39K3ufi9qxO.MXpbIJqThmjnuR0J8mqqhxizKIeqeC6', 'PATIENT', 'ACTIVE');
INSERT INTO patient (id, date_of_birth, address, mbo, phone_number) VALUES (37, '1980-10-18', 'Fišerova 03', '1670087368', '0953043810');
INSERT INTO _user (created_at, id, email, first_name, last_name, password, role, status) VALUES ('2023-01-06T06:38', 38, 'lorena.kraljević@yahoo.com', 'Lorena', 'Kraljević', '$2a$12$MlnyH21ePO39K3ufi9qxO.MXpbIJqThmjnuR0J8mqqhxizKIeqeC6', 'PATIENT', 'ACTIVE');
INSERT INTO patient (id, date_of_birth, address, mbo, phone_number) VALUES (38, '2001-11-19', 'Ulica Ante Kovačića 00', '8595272924', '0915017887');
INSERT INTO _user (created_at, id, email, first_name, last_name, password, role, status) VALUES ('2023-06-29T08:01', 39, 'sonja.kovačević@icloud.com', 'Sonja', 'Kovačević', '$2a$12$MlnyH21ePO39K3ufi9qxO.MXpbIJqThmjnuR0J8mqqhxizKIeqeC6', 'PATIENT', 'ACTIVE');
INSERT INTO patient (id, date_of_birth, address, mbo, phone_number) VALUES (39, '1998-06-21', 'Erdodyeva 47', '1040097527', '0920428488');
INSERT INTO _user (created_at, id, email, first_name, last_name, password, role, status) VALUES ('2022-08-12T14:38', 40, 'sanja.bogović@outlook.com', 'Sanja', 'Bogović', '$2a$12$MlnyH21ePO39K3ufi9qxO.MXpbIJqThmjnuR0J8mqqhxizKIeqeC6', 'PATIENT', 'ACTIVE');
INSERT INTO patient (id, date_of_birth, address, mbo, phone_number) VALUES (40, '1954-08-20', 'Ulica Republike Austrije 25', '5088060969', '0953140494');
INSERT INTO _user (created_at, id, email, first_name, last_name, password, role, status) VALUES ('2022-12-14T16:12', 41, 'andreja.bartulović@gmail.com', 'Andreja', 'Bartulović', '$2a$12$MlnyH21ePO39K3ufi9qxO.MXpbIJqThmjnuR0J8mqqhxizKIeqeC6', 'PATIENT', 'ACTIVE');
INSERT INTO patient (id, date_of_birth, address, mbo, phone_number) VALUES (41, '1981-10-24', 'Jukićeva 15', '5046939456', '0955555050');
INSERT INTO _user (created_at, id, email, first_name, last_name, password, role, status) VALUES ('2022-09-13T14:46', 42, 'marija.dujmović@yahoo.com', 'Marija', 'Dujmović', '$2a$12$MlnyH21ePO39K3ufi9qxO.MXpbIJqThmjnuR0J8mqqhxizKIeqeC6', 'PATIENT', 'ACTIVE');
INSERT INTO patient (id, date_of_birth, address, mbo, phone_number) VALUES (42, '1978-11-03', 'Štoosova 19', '3777751073', '0972413890');
INSERT INTO _user (created_at, id, email, first_name, last_name, password, role, status) VALUES ('2023-04-05T07:30', 43, 'kate.savić@yahoo.com', 'Kate', 'Savić', '$2a$12$MlnyH21ePO39K3ufi9qxO.MXpbIJqThmjnuR0J8mqqhxizKIeqeC6', 'PATIENT', 'ACTIVE');
INSERT INTO patient (id, date_of_birth, address, mbo, phone_number) VALUES (43, '2002-02-01', 'Skalinska 46', '2525804348', '0916976638');
INSERT INTO _user (created_at, id, email, first_name, last_name, password, role, status) VALUES ('2022-10-26T17:03', 44, 'tamara.devčić@yahoo.com', 'Tamara', 'Devčić', '$2a$12$MlnyH21ePO39K3ufi9qxO.MXpbIJqThmjnuR0J8mqqhxizKIeqeC6', 'PATIENT', 'ACTIVE');
INSERT INTO patient (id, date_of_birth, address, mbo, phone_number) VALUES (44, '1960-03-01', 'Ulica Vladimira Nazora 47', '4780031347', '0919667865');
INSERT INTO _user (created_at, id, email, first_name, last_name, password, role, status) VALUES ('2023-05-10T15:02', 45, 'mara.zorić@yahoo.com', 'Mara', 'Zorić', '$2a$12$MlnyH21ePO39K3ufi9qxO.MXpbIJqThmjnuR0J8mqqhxizKIeqeC6', 'PATIENT', 'ACTIVE');
INSERT INTO patient (id, date_of_birth, address, mbo, phone_number) VALUES (45, '1993-04-01', 'Fišerova 26', '5715389488', '0988335219');
INSERT INTO _user (created_at, id, email, first_name, last_name, password, role, status) VALUES ('2023-04-23T14:35', 46, 'draginja.horvat@icloud.com', 'Draginja', 'Horvat', '$2a$12$MlnyH21ePO39K3ufi9qxO.MXpbIJqThmjnuR0J8mqqhxizKIeqeC6', 'PATIENT', 'ACTIVE');
INSERT INTO patient (id, date_of_birth, address, mbo, phone_number) VALUES (46, '1987-01-08', 'Gundulićeva 24', '1582158769', '0913662170');
INSERT INTO _user (created_at, id, email, first_name, last_name, password, role, status) VALUES ('2023-11-26T16:04', 47, 'zlata.miletić@yahoo.com', 'Zlata', 'Miletić', '$2a$12$MlnyH21ePO39K3ufi9qxO.MXpbIJqThmjnuR0J8mqqhxizKIeqeC6', 'PATIENT', 'ACTIVE');
INSERT INTO patient (id, date_of_birth, address, mbo, phone_number) VALUES (47, '2004-12-17', 'Trg svibanjskih žrtava 1995. 24', '9301244753', '0918327659');
INSERT INTO _user (created_at, id, email, first_name, last_name, password, role, status) VALUES ('2023-06-14T21:29', 48, 'bernardica.kujundžić@outlook.com', 'Bernardica', 'Kujundžić', '$2a$12$MlnyH21ePO39K3ufi9qxO.MXpbIJqThmjnuR0J8mqqhxizKIeqeC6', 'PATIENT', 'ACTIVE');
INSERT INTO patient (id, date_of_birth, address, mbo, phone_number) VALUES (48, '1957-05-06', 'Branjugova 10', '1604292010', '0976743952');
INSERT INTO _user (created_at, id, email, first_name, last_name, password, role, status) VALUES ('2024-01-01T06:42', 49, 'ana marija.kurtović@yahoo.com', 'Ana Marija', 'Kurtović', '$2a$12$MlnyH21ePO39K3ufi9qxO.MXpbIJqThmjnuR0J8mqqhxizKIeqeC6', 'PATIENT', 'ACTIVE');
INSERT INTO patient (id, date_of_birth, address, mbo, phone_number) VALUES (49, '1965-12-20', 'Erdodyeva 22', '1013933370', '0920496669');
INSERT INTO _user (created_at, id, email, first_name, last_name, password, role, status) VALUES ('2022-12-12T17:54', 50, 'lucija.kovač@icloud.com', 'Lucija', 'Kovač', '$2a$12$MlnyH21ePO39K3ufi9qxO.MXpbIJqThmjnuR0J8mqqhxizKIeqeC6', 'PATIENT', 'ACTIVE');
INSERT INTO patient (id, date_of_birth, address, mbo, phone_number) VALUES (50, '1980-02-09', 'Trg žrtava fašizma 01', '5689827595', '0985905954');
INSERT INTO _user (created_at, id, email, first_name, last_name, password, role, status) VALUES ('2024-01-06T20:54', 51, 'meri.šimunić@gmail.com', 'Meri', 'Šimunić', '$2a$12$MlnyH21ePO39K3ufi9qxO.MXpbIJqThmjnuR0J8mqqhxizKIeqeC6', 'PATIENT', 'ACTIVE');
INSERT INTO patient (id, date_of_birth, address, mbo, phone_number) VALUES (51, '1954-03-15', 'Medvedgradska ulica 08', '7605712455', '0981175137');
INSERT INTO _user (created_at, id, email, first_name, last_name, password, role, status) VALUES ('2023-12-31T03:30', 52, 'eva.barbarić@gmail.com', 'Eva', 'Barbarić', '$2a$12$MlnyH21ePO39K3ufi9qxO.MXpbIJqThmjnuR0J8mqqhxizKIeqeC6', 'PATIENT', 'PENDING');
INSERT INTO patient (id, date_of_birth, address, mbo, phone_number) VALUES (52, '1983-04-23', 'Biankinijeva 37', '5199007136', '0925961928');
INSERT INTO _user (created_at, id, email, first_name, last_name, password, role, status) VALUES ('2024-01-07T13:30', 53, 'vladimira.grgurić@gmail.com', 'Vladimira', 'Grgurić', '$2a$12$MlnyH21ePO39K3ufi9qxO.MXpbIJqThmjnuR0J8mqqhxizKIeqeC6', 'PATIENT', 'PENDING');
INSERT INTO patient (id, date_of_birth, address, mbo, phone_number) VALUES (53, '1970-07-24', 'Trg Vladka Mačeka 09', '8541425850', '0919699932');
INSERT INTO _user (created_at, id, email, first_name, last_name, password, role, status) VALUES ('2024-01-04T11:00', 54, 'monika.kordić@gmail.com', 'Monika', 'Kordić', '$2a$12$MlnyH21ePO39K3ufi9qxO.MXpbIJqThmjnuR0J8mqqhxizKIeqeC6', 'PATIENT', 'PENDING');
INSERT INTO patient (id, date_of_birth, address, mbo, phone_number) VALUES (54, '1976-01-08', 'Ožegovićeva 47', '2775697936', '0951874715');
INSERT INTO _user (created_at, id, email, first_name, last_name, password, role, status) VALUES ('2024-01-05T02:36', 55, 'maria.knežević@yahoo.com', 'Maria', 'Knežević', '$2a$12$MlnyH21ePO39K3ufi9qxO.MXpbIJqThmjnuR0J8mqqhxizKIeqeC6', 'PATIENT', 'PENDING');
INSERT INTO patient (id, date_of_birth, address, mbo, phone_number) VALUES (55, '1977-08-15', 'Širolina 15', '0647458030', '0929481929');
INSERT INTO _user (created_at, id, email, first_name, last_name, password, role, status) VALUES ('2024-01-05T09:45', 56, 'klaudija.mlinarić@outlook.com', 'Klaudija', 'Mlinarić', '$2a$12$MlnyH21ePO39K3ufi9qxO.MXpbIJqThmjnuR0J8mqqhxizKIeqeC6', 'PATIENT', 'PENDING');
INSERT INTO patient (id, date_of_birth, address, mbo, phone_number) VALUES (56, '1963-04-30', 'Mije Sinkovića 17', '0079117971', '0982324336');
INSERT INTO _user (created_at, id, email, first_name, last_name, password, role, status) VALUES ('2024-01-05T16:13', 57, 'anđela.mihaljević@icloud.com', 'Anđela', 'Mihaljević', '$2a$12$MlnyH21ePO39K3ufi9qxO.MXpbIJqThmjnuR0J8mqqhxizKIeqeC6', 'PATIENT', 'PENDING');
INSERT INTO patient (id, date_of_birth, address, mbo, phone_number) VALUES (57, '1973-12-12', 'Heinzelova 12', '8529506860', '0980411942');
INSERT INTO _user (created_at, id, email, first_name, last_name, password, role, status) VALUES ('2023-12-05T17:28', 58, 'dragana.pavlić@outlook.com', 'Dragana', 'Pavlić', '$2a$12$MlnyH21ePO39K3ufi9qxO.MXpbIJqThmjnuR0J8mqqhxizKIeqeC6', 'PATIENT', 'DEACTIVATED');
INSERT INTO patient (id, date_of_birth, address, mbo, phone_number) VALUES (58, '1976-07-11', 'Vukotinovićeva 15', '1653423267', '0920314920');
INSERT INTO _user (created_at, id, email, first_name, last_name, password, role, status) VALUES ('2022-11-13T18:30', 59, 'magdalena.radočaj@yahoo.com', 'Magdalena', 'Radočaj', '$2a$12$MlnyH21ePO39K3ufi9qxO.MXpbIJqThmjnuR0J8mqqhxizKIeqeC6', 'PATIENT', 'DEACTIVATED');
INSERT INTO patient (id, date_of_birth, address, mbo, phone_number) VALUES (59, '1966-07-16', 'Barčićeva 19', '9549969957', '0918026688');
INSERT INTO _user (created_at, id, email, first_name, last_name, password, role, status) VALUES ('2022-08-25T17:05', 60, 'hana.bačić@yahoo.com', 'Hana', 'Bačić', '$2a$12$MlnyH21ePO39K3ufi9qxO.MXpbIJqThmjnuR0J8mqqhxizKIeqeC6', 'PATIENT', 'DEACTIVATED');
INSERT INTO patient (id, date_of_birth, address, mbo, phone_number) VALUES (60, '1978-09-26', 'Varšavska 20', '5930458171', '0920648518');
INSERT INTO _user (created_at, id, email, first_name, last_name, password, role, status) VALUES ('2022-11-09T07:59', 61, 'vera.štimac@outlook.com', 'Vera', 'Štimac', '$2a$12$MlnyH21ePO39K3ufi9qxO.MXpbIJqThmjnuR0J8mqqhxizKIeqeC6', 'PATIENT', 'DEACTIVATED');
INSERT INTO patient (id, date_of_birth, address, mbo, phone_number) VALUES (61, '1972-04-16', 'Trg svibanjskih žrtava 1995. 04', '6200931586', '0919269445');
INSERT INTO _user (created_at, id, email, first_name, last_name, password, role, status) VALUES ('2023-12-22T11:25', 62, 'suzana.bošnjak@icloud.com', 'Suzana', 'Bošnjak', '$2a$12$MlnyH21ePO39K3ufi9qxO.MXpbIJqThmjnuR0J8mqqhxizKIeqeC6', 'PATIENT', 'DEACTIVATED');
INSERT INTO patient (id, date_of_birth, address, mbo, phone_number) VALUES (62, '1958-11-05', 'Tuškanova 16', '8939589373', '0959340998');
INSERT INTO _user (created_at, id, email, first_name, last_name, password, role, status) VALUES ('2023-12-06T08:15', 63, 'boja.bogović@outlook.com', 'Boja', 'Bogović', '$2a$12$MlnyH21ePO39K3ufi9qxO.MXpbIJqThmjnuR0J8mqqhxizKIeqeC6', 'PATIENT', 'DEACTIVATED');
INSERT INTO patient (id, date_of_birth, address, mbo, phone_number) VALUES (63, '1956-05-01', 'Zvonimirova 25', '0645201465', '0957290940');
INSERT INTO _user (created_at, id, email, first_name, last_name, password, role, status) VALUES ('2023-12-05T23:36', 64, 'mirna.mihaljević@yahoo.com', 'Mirna', 'Mihaljević', '$2a$12$MlnyH21ePO39K3ufi9qxO.MXpbIJqThmjnuR0J8mqqhxizKIeqeC6', 'PATIENT', 'DEACTIVATED');
INSERT INTO patient (id, date_of_birth, address, mbo, phone_number) VALUES (64, '1980-12-12', 'Vrbanićeva 23', '2827618497', '0976522297');
INSERT INTO _user (created_at, id, email, first_name, last_name, password, role, status) VALUES ('2023-11-13T14:03', 65, 'mandica.glavaš@gmail.com', 'Mandica', 'Glavaš', '$2a$12$MlnyH21ePO39K3ufi9qxO.MXpbIJqThmjnuR0J8mqqhxizKIeqeC6', 'PATIENT', 'DEACTIVATED');
INSERT INTO patient (id, date_of_birth, address, mbo, phone_number) VALUES (65, '1973-04-21', 'Novakova 17', '3071548450', '0917940072');
INSERT INTO _user (created_at, id, email, first_name, last_name, password, role, status) VALUES ('2023-04-27T07:42', 66, 'valentin.ivković@gmail.com', 'Valentin', 'Ivković', '$2a$12$MlnyH21ePO39K3ufi9qxO.MXpbIJqThmjnuR0J8mqqhxizKIeqeC6', 'PATIENT', 'ACTIVE');
INSERT INTO patient (id, date_of_birth, address, mbo, phone_number) VALUES (66, '1981-12-02', 'Margaretska 13', '6831929248', '0984175888');
INSERT INTO _user (created_at, id, email, first_name, last_name, password, role, status) VALUES ('2022-10-11T05:01', 67, 'stevan.pavlović@yahoo.com', 'Stevan', 'Pavlović', '$2a$12$MlnyH21ePO39K3ufi9qxO.MXpbIJqThmjnuR0J8mqqhxizKIeqeC6', 'PATIENT', 'ACTIVE');
INSERT INTO patient (id, date_of_birth, address, mbo, phone_number) VALUES (67, '1953-05-08', 'Masarykova 41', '3181872638', '0917792992');
INSERT INTO _user (created_at, id, email, first_name, last_name, password, role, status) VALUES ('2022-09-10T01:56', 68, 'nebojša.vojnović@outlook.com', 'Nebojša', 'Vojnović', '$2a$12$MlnyH21ePO39K3ufi9qxO.MXpbIJqThmjnuR0J8mqqhxizKIeqeC6', 'PATIENT', 'ACTIVE');
INSERT INTO patient (id, date_of_birth, address, mbo, phone_number) VALUES (68, '1970-12-03', 'Splavnica 18', '2955081753', '0957756250');
INSERT INTO _user (created_at, id, email, first_name, last_name, password, role, status) VALUES ('2023-02-16T13:17', 69, 'alojz.turkalj@icloud.com', 'Alojz', 'Turkalj', '$2a$12$MlnyH21ePO39K3ufi9qxO.MXpbIJqThmjnuR0J8mqqhxizKIeqeC6', 'PATIENT', 'ACTIVE');
INSERT INTO patient (id, date_of_birth, address, mbo, phone_number) VALUES (69, '2000-02-11', 'Novakova 33', '2517479412', '0922637419');
INSERT INTO _user (created_at, id, email, first_name, last_name, password, role, status) VALUES ('2023-03-10T08:42', 70, 'viktor.savić@outlook.com', 'Viktor', 'Savić', '$2a$12$MlnyH21ePO39K3ufi9qxO.MXpbIJqThmjnuR0J8mqqhxizKIeqeC6', 'PATIENT', 'ACTIVE');
INSERT INTO patient (id, date_of_birth, address, mbo, phone_number) VALUES (70, '1991-02-16', 'Lopašićeva 18', '8158697545', '0918581976');
INSERT INTO _user (created_at, id, email, first_name, last_name, password, role, status) VALUES ('2023-11-06T19:38', 71, 'deni.knezović@icloud.com', 'Deni', 'Knezović', '$2a$12$MlnyH21ePO39K3ufi9qxO.MXpbIJqThmjnuR0J8mqqhxizKIeqeC6', 'PATIENT', 'ACTIVE');
INSERT INTO patient (id, date_of_birth, address, mbo, phone_number) VALUES (71, '1961-11-20', 'Ivana Belostenca 37', '0058408010', '0916050233');
INSERT INTO _user (created_at, id, email, first_name, last_name, password, role, status) VALUES ('2023-03-10T17:32', 72, 'sanjin.poljak@yahoo.com', 'Sanjin', 'Poljak', '$2a$12$MlnyH21ePO39K3ufi9qxO.MXpbIJqThmjnuR0J8mqqhxizKIeqeC6', 'PATIENT', 'ACTIVE');
INSERT INTO patient (id, date_of_birth, address, mbo, phone_number) VALUES (72, '1992-04-08', 'Petrićeva 31', '3930212996', '0951880695');
INSERT INTO _user (created_at, id, email, first_name, last_name, password, role, status) VALUES ('2023-09-26T17:54', 73, 'anto.posavec@yahoo.com', 'Anto', 'Posavec', '$2a$12$MlnyH21ePO39K3ufi9qxO.MXpbIJqThmjnuR0J8mqqhxizKIeqeC6', 'PATIENT', 'ACTIVE');
INSERT INTO patient (id, date_of_birth, address, mbo, phone_number) VALUES (73, '1995-10-30', 'Lopašićeva 38', '0973243375', '0927597011');
INSERT INTO _user (created_at, id, email, first_name, last_name, password, role, status) VALUES ('2023-01-29T04:03', 74, 'berislav.petrić@gmail.com', 'Berislav', 'Petrić', '$2a$12$MlnyH21ePO39K3ufi9qxO.MXpbIJqThmjnuR0J8mqqhxizKIeqeC6', 'PATIENT', 'ACTIVE');
INSERT INTO patient (id, date_of_birth, address, mbo, phone_number) VALUES (74, '1965-09-11', 'Ulica neznane junakinje 45', '0184464839', '0926128939');
INSERT INTO _user (created_at, id, email, first_name, last_name, password, role, status) VALUES ('2023-09-12T16:57', 75, 'dragutin.benković@gmail.com', 'Dragutin', 'Benković', '$2a$12$MlnyH21ePO39K3ufi9qxO.MXpbIJqThmjnuR0J8mqqhxizKIeqeC6', 'PATIENT', 'ACTIVE');
INSERT INTO patient (id, date_of_birth, address, mbo, phone_number) VALUES (75, '1952-03-18', 'Hatzova 40', '6396191572', '0955233347');
INSERT INTO _user (created_at, id, email, first_name, last_name, password, role, status) VALUES ('2023-06-14T13:24', 76, 'pejo.ćosić@yahoo.com', 'Pejo', 'Ćosić', '$2a$12$MlnyH21ePO39K3ufi9qxO.MXpbIJqThmjnuR0J8mqqhxizKIeqeC6', 'PATIENT', 'ACTIVE');
INSERT INTO patient (id, date_of_birth, address, mbo, phone_number) VALUES (76, '1997-11-05', 'Klaićeva 24', '9973980246', '0927550035');
INSERT INTO _user (created_at, id, email, first_name, last_name, password, role, status) VALUES ('2023-08-05T03:22', 77, 'rajko.pavlić@icloud.com', 'Rajko', 'Pavlić', '$2a$12$MlnyH21ePO39K3ufi9qxO.MXpbIJqThmjnuR0J8mqqhxizKIeqeC6', 'PATIENT', 'ACTIVE');
INSERT INTO patient (id, date_of_birth, address, mbo, phone_number) VALUES (77, '1988-04-05', 'Margaretska 04', '1839844232', '0975182921');
INSERT INTO _user (created_at, id, email, first_name, last_name, password, role, status) VALUES ('2022-12-27T15:31', 78, 'borna.brajković@outlook.com', 'Borna', 'Brajković', '$2a$12$MlnyH21ePO39K3ufi9qxO.MXpbIJqThmjnuR0J8mqqhxizKIeqeC6', 'PATIENT', 'ACTIVE');
INSERT INTO patient (id, date_of_birth, address, mbo, phone_number) VALUES (78, '1968-06-20', 'Ulica Ivana Gorana Kovačića 36', '6585182461', '0921095597');
INSERT INTO _user (created_at, id, email, first_name, last_name, password, role, status) VALUES ('2023-08-22T01:34', 79, 'nedjeljko.bartulović@icloud.com', 'Nedjeljko', 'Bartulović', '$2a$12$MlnyH21ePO39K3ufi9qxO.MXpbIJqThmjnuR0J8mqqhxizKIeqeC6', 'PATIENT', 'ACTIVE');
INSERT INTO patient (id, date_of_birth, address, mbo, phone_number) VALUES (79, '1964-12-17', 'Mihanovićeva 48', '0206543420', '0957358331');
INSERT INTO _user (created_at, id, email, first_name, last_name, password, role, status) VALUES ('2023-03-22T13:19', 80, 'tonči.novak@gmail.com', 'Tonči', 'Novak', '$2a$12$MlnyH21ePO39K3ufi9qxO.MXpbIJqThmjnuR0J8mqqhxizKIeqeC6', 'PATIENT', 'ACTIVE');
INSERT INTO patient (id, date_of_birth, address, mbo, phone_number) VALUES (80, '1972-04-29', 'Ribnjak 27', '7206760858', '0951660080');
INSERT INTO _user (created_at, id, email, first_name, last_name, password, role, status) VALUES ('2023-11-28T19:03', 81, 'erik.filipović@outlook.com', 'Erik', 'Filipović', '$2a$12$MlnyH21ePO39K3ufi9qxO.MXpbIJqThmjnuR0J8mqqhxizKIeqeC6', 'PATIENT', 'ACTIVE');
INSERT INTO patient (id, date_of_birth, address, mbo, phone_number) VALUES (81, '1975-02-14', 'Sermageova 29', '2111687010', '0975658581');
INSERT INTO _user (created_at, id, email, first_name, last_name, password, role, status) VALUES ('2023-07-24T23:19', 82, 'pavo.petrić@yahoo.com', 'Pavo', 'Petrić', '$2a$12$MlnyH21ePO39K3ufi9qxO.MXpbIJqThmjnuR0J8mqqhxizKIeqeC6', 'PATIENT', 'ACTIVE');
INSERT INTO patient (id, date_of_birth, address, mbo, phone_number) VALUES (82, '1971-02-14', 'Berislavićeva 46', '8506118890', '0917565617');
INSERT INTO _user (created_at, id, email, first_name, last_name, password, role, status) VALUES ('2023-01-12T22:03', 83, 'tonći.cindrić@gmail.com', 'Tonći', 'Cindrić', '$2a$12$MlnyH21ePO39K3ufi9qxO.MXpbIJqThmjnuR0J8mqqhxizKIeqeC6', 'PATIENT', 'ACTIVE');
INSERT INTO patient (id, date_of_birth, address, mbo, phone_number) VALUES (83, '1984-07-29', 'Martićeva 45', '9265093815', '0911193308');
INSERT INTO _user (created_at, id, email, first_name, last_name, password, role, status) VALUES ('2023-03-23T15:02', 84, 'jurica.đurđević@outlook.com', 'Jurica', 'Đurđević', '$2a$12$MlnyH21ePO39K3ufi9qxO.MXpbIJqThmjnuR0J8mqqhxizKIeqeC6', 'PATIENT', 'ACTIVE');
INSERT INTO patient (id, date_of_birth, address, mbo, phone_number) VALUES (84, '1966-11-05', 'Zrinjevac 07', '5921062471', '0925244613');
INSERT INTO _user (created_at, id, email, first_name, last_name, password, role, status) VALUES ('2023-06-20T02:59', 85, 'renato.vlašić@outlook.com', 'Renato', 'Vlašić', '$2a$12$MlnyH21ePO39K3ufi9qxO.MXpbIJqThmjnuR0J8mqqhxizKIeqeC6', 'PATIENT', 'ACTIVE');
INSERT INTO patient (id, date_of_birth, address, mbo, phone_number) VALUES (85, '1959-04-17', 'Ulica kneza Trpimira 17', '6014919972', '0921294201');
INSERT INTO _user (created_at, id, email, first_name, last_name, password, role, status) VALUES ('2023-12-23T03:51', 86, 'mijo.marinović@gmail.com', 'Mijo', 'Marinović', '$2a$12$MlnyH21ePO39K3ufi9qxO.MXpbIJqThmjnuR0J8mqqhxizKIeqeC6', 'PATIENT', 'ACTIVE');
INSERT INTO patient (id, date_of_birth, address, mbo, phone_number) VALUES (86, '1991-07-19', 'Praška 09', '3708373349', '0988999413');
INSERT INTO _user (created_at, id, email, first_name, last_name, password, role, status) VALUES ('2023-09-20T00:36', 87, 'milorad.jozić@yahoo.com', 'Milorad', 'Jozić', '$2a$12$MlnyH21ePO39K3ufi9qxO.MXpbIJqThmjnuR0J8mqqhxizKIeqeC6', 'PATIENT', 'ACTIVE');
INSERT INTO patient (id, date_of_birth, address, mbo, phone_number) VALUES (87, '1981-03-20', 'Kačićeva 32', '6915752848', '0977864942');
INSERT INTO _user (created_at, id, email, first_name, last_name, password, role, status) VALUES ('2022-09-03T19:45', 88, 'željko.sever@gmail.com', 'Željko', 'Sever', '$2a$12$MlnyH21ePO39K3ufi9qxO.MXpbIJqThmjnuR0J8mqqhxizKIeqeC6', 'PATIENT', 'ACTIVE');
INSERT INTO patient (id, date_of_birth, address, mbo, phone_number) VALUES (88, '1963-12-30', 'Tomislavov trg 41', '1342886870', '0971184998');
INSERT INTO _user (created_at, id, email, first_name, last_name, password, role, status) VALUES ('2022-09-25T08:40', 89, 'đorđe.pintarić@gmail.com', 'Đorđe', 'Pintarić', '$2a$12$MlnyH21ePO39K3ufi9qxO.MXpbIJqThmjnuR0J8mqqhxizKIeqeC6', 'PATIENT', 'ACTIVE');
INSERT INTO patient (id, date_of_birth, address, mbo, phone_number) VALUES (89, '1953-07-03', 'Ratkajev prolaz 42', '4736385713', '0976756995');
INSERT INTO _user (created_at, id, email, first_name, last_name, password, role, status) VALUES ('2022-09-25T04:13', 90, 'marino.stipić@yahoo.com', 'Marino', 'Stipić', '$2a$12$MlnyH21ePO39K3ufi9qxO.MXpbIJqThmjnuR0J8mqqhxizKIeqeC6', 'PATIENT', 'ACTIVE');
INSERT INTO patient (id, date_of_birth, address, mbo, phone_number) VALUES (90, '1954-11-11', 'Trg bana J. Jelačića 22', '3194519228', '0972193329');
INSERT INTO _user (created_at, id, email, first_name, last_name, password, role, status) VALUES ('2023-02-25T19:57', 91, 'ivan.devčić@icloud.com', 'Ivan', 'Devčić', '$2a$12$MlnyH21ePO39K3ufi9qxO.MXpbIJqThmjnuR0J8mqqhxizKIeqeC6', 'PATIENT', 'ACTIVE');
INSERT INTO patient (id, date_of_birth, address, mbo, phone_number) VALUES (91, '1997-02-21', 'Ulica Ante Kovačića 28', '1018670190', '0951418645');
INSERT INTO _user (created_at, id, email, first_name, last_name, password, role, status) VALUES ('2023-11-14T19:37', 92, 'vid.petrić@outlook.com', 'Vid', 'Petrić', '$2a$12$MlnyH21ePO39K3ufi9qxO.MXpbIJqThmjnuR0J8mqqhxizKIeqeC6', 'PATIENT', 'ACTIVE');
INSERT INTO patient (id, date_of_birth, address, mbo, phone_number) VALUES (92, '1967-05-20', 'Deželićeva 02', '9309327273', '0951063779');
INSERT INTO _user (created_at, id, email, first_name, last_name, password, role, status) VALUES ('2023-07-22T11:28', 93, 'eduard.katić@icloud.com', 'Eduard', 'Katić', '$2a$12$MlnyH21ePO39K3ufi9qxO.MXpbIJqThmjnuR0J8mqqhxizKIeqeC6', 'PATIENT', 'ACTIVE');
INSERT INTO patient (id, date_of_birth, address, mbo, phone_number) VALUES (93, '1954-07-27', 'Žigrovićeva 10', '1776667936', '0974644250');
INSERT INTO _user (created_at, id, email, first_name, last_name, password, role, status) VALUES ('2022-08-14T04:33', 94, 'stevan.cvitković@yahoo.com', 'Stevan', 'Cvitković', '$2a$12$MlnyH21ePO39K3ufi9qxO.MXpbIJqThmjnuR0J8mqqhxizKIeqeC6', 'PATIENT', 'ACTIVE');
INSERT INTO patient (id, date_of_birth, address, mbo, phone_number) VALUES (94, '1975-01-10', 'Livadićeva 42', '9867760263', '0981638268');
INSERT INTO _user (created_at, id, email, first_name, last_name, password, role, status) VALUES ('2023-10-06T01:53', 95, 'roberto.matić@gmail.com', 'Roberto', 'Matić', '$2a$12$MlnyH21ePO39K3ufi9qxO.MXpbIJqThmjnuR0J8mqqhxizKIeqeC6', 'PATIENT', 'ACTIVE');
INSERT INTO patient (id, date_of_birth, address, mbo, phone_number) VALUES (95, '1984-02-13', 'Jagićeva 43', '0988179767', '0958141821');
INSERT INTO _user (created_at, id, email, first_name, last_name, password, role, status) VALUES ('2023-08-28T05:26', 96, 'bogdan.tadić@gmail.com', 'Bogdan', 'Tadić', '$2a$12$MlnyH21ePO39K3ufi9qxO.MXpbIJqThmjnuR0J8mqqhxizKIeqeC6', 'PATIENT', 'ACTIVE');
INSERT INTO patient (id, date_of_birth, address, mbo, phone_number) VALUES (96, '1963-01-26', 'Ribnjak 06', '1475524564', '0980130022');
INSERT INTO _user (created_at, id, email, first_name, last_name, password, role, status) VALUES ('2022-12-06T08:36', 97, 'jakov.gregurić@gmail.com', 'Jakov', 'Gregurić', '$2a$12$MlnyH21ePO39K3ufi9qxO.MXpbIJqThmjnuR0J8mqqhxizKIeqeC6', 'PATIENT', 'ACTIVE');
INSERT INTO patient (id, date_of_birth, address, mbo, phone_number) VALUES (97, '1988-09-12', 'Matice hrvatske 44', '6153542111', '0917508026');
INSERT INTO _user (created_at, id, email, first_name, last_name, password, role, status) VALUES ('2023-11-20T20:03', 98, 'janko.varga@outlook.com', 'Janko', 'Varga', '$2a$12$MlnyH21ePO39K3ufi9qxO.MXpbIJqThmjnuR0J8mqqhxizKIeqeC6', 'PATIENT', 'ACTIVE');
INSERT INTO patient (id, date_of_birth, address, mbo, phone_number) VALUES (98, '1998-04-16', 'Nova Ves 09', '7634647713', '0914565356');
INSERT INTO _user (created_at, id, email, first_name, last_name, password, role, status) VALUES ('2023-11-24T08:41', 99, 'stipo.turkalj@icloud.com', 'Stipo', 'Turkalj', '$2a$12$MlnyH21ePO39K3ufi9qxO.MXpbIJqThmjnuR0J8mqqhxizKIeqeC6', 'PATIENT', 'ACTIVE');
INSERT INTO patient (id, date_of_birth, address, mbo, phone_number) VALUES (99, '1972-05-09', 'Savska 25', '2804815629', '0928962731');
INSERT INTO _user (created_at, id, email, first_name, last_name, password, role, status) VALUES ('2022-12-30T03:13', 100, 'boško.lučić@yahoo.com', 'Boško', 'Lučić', '$2a$12$MlnyH21ePO39K3ufi9qxO.MXpbIJqThmjnuR0J8mqqhxizKIeqeC6', 'PATIENT', 'ACTIVE');
INSERT INTO patient (id, date_of_birth, address, mbo, phone_number) VALUES (100, '1982-06-02', 'Klaićeva 02', '8902916408', '0923627712');
INSERT INTO _user (created_at, id, email, first_name, last_name, password, role, status) VALUES ('2023-12-05T04:13', 101, 'boško.stanković@yahoo.com', 'Boško', 'Stanković', '$2a$12$MlnyH21ePO39K3ufi9qxO.MXpbIJqThmjnuR0J8mqqhxizKIeqeC6', 'PATIENT', 'ACTIVE');
INSERT INTO patient (id, date_of_birth, address, mbo, phone_number) VALUES (101, '1965-10-06', 'Tomašićeva 47', '1977963594', '0950819800');
INSERT INTO _user (created_at, id, email, first_name, last_name, password, role, status) VALUES ('2022-09-17T04:03', 102, 'damjan.krizmanić@gmail.com', 'Damjan', 'Krizmanić', '$2a$12$MlnyH21ePO39K3ufi9qxO.MXpbIJqThmjnuR0J8mqqhxizKIeqeC6', 'PATIENT', 'ACTIVE');
INSERT INTO patient (id, date_of_birth, address, mbo, phone_number) VALUES (102, '1968-07-03', 'Dolac 15', '2903085511', '0914402430');
INSERT INTO _user (created_at, id, email, first_name, last_name, password, role, status) VALUES ('2023-07-08T23:27', 103, 'pero.dragičević@yahoo.com', 'Pero', 'Dragičević', '$2a$12$MlnyH21ePO39K3ufi9qxO.MXpbIJqThmjnuR0J8mqqhxizKIeqeC6', 'PATIENT', 'ACTIVE');
INSERT INTO patient (id, date_of_birth, address, mbo, phone_number) VALUES (103, '1994-08-27', 'Hrvojeva 04', '4349565200', '0982865086');
INSERT INTO _user (created_at, id, email, first_name, last_name, password, role, status) VALUES ('2023-01-19T10:25', 104, 'marin.mijatović@icloud.com', 'Marin', 'Mijatović', '$2a$12$MlnyH21ePO39K3ufi9qxO.MXpbIJqThmjnuR0J8mqqhxizKIeqeC6', 'PATIENT', 'ACTIVE');
INSERT INTO patient (id, date_of_birth, address, mbo, phone_number) VALUES (104, '1982-02-21', 'Ivana Belostenca 02', '4242593931', '0953643467');
INSERT INTO _user (created_at, id, email, first_name, last_name, password, role, status) VALUES ('2022-09-13T21:34', 105, 'danko.poljak@outlook.com', 'Danko', 'Poljak', '$2a$12$MlnyH21ePO39K3ufi9qxO.MXpbIJqThmjnuR0J8mqqhxizKIeqeC6', 'PATIENT', 'ACTIVE');
INSERT INTO patient (id, date_of_birth, address, mbo, phone_number) VALUES (105, '1980-01-06', 'Ulica Šandora Brešćenskog 48', '5006606487', '0959170494');
INSERT INTO _user (created_at, id, email, first_name, last_name, password, role, status) VALUES ('2024-01-03T00:33', 106, 'branimir.radočaj@outlook.com', 'Branimir', 'Radočaj', '$2a$12$MlnyH21ePO39K3ufi9qxO.MXpbIJqThmjnuR0J8mqqhxizKIeqeC6', 'PATIENT', 'PENDING');
INSERT INTO patient (id, date_of_birth, address, mbo, phone_number) VALUES (106, '1987-11-04', 'Draškovićeva 23', '7291540830', '0959225495');
INSERT INTO _user (created_at, id, email, first_name, last_name, password, role, status) VALUES ('2024-01-05T08:30', 107, 'matej.mišković@gmail.com', 'Matej', 'Mišković', '$2a$12$MlnyH21ePO39K3ufi9qxO.MXpbIJqThmjnuR0J8mqqhxizKIeqeC6', 'PATIENT', 'PENDING');
INSERT INTO patient (id, date_of_birth, address, mbo, phone_number) VALUES (107, '1961-12-09', 'Kožarska 46', '2217057068', '0984006848');
INSERT INTO _user (created_at, id, email, first_name, last_name, password, role, status) VALUES ('2024-01-04T22:03', 108, 'stjepan.barić@outlook.com', 'Stjepan', 'Barić', '$2a$12$MlnyH21ePO39K3ufi9qxO.MXpbIJqThmjnuR0J8mqqhxizKIeqeC6', 'PATIENT', 'PENDING');
INSERT INTO patient (id, date_of_birth, address, mbo, phone_number) VALUES (108, '1997-12-10', 'Hatzova 33', '3926502356', '0976569259');
INSERT INTO _user (created_at, id, email, first_name, last_name, password, role, status) VALUES ('2024-01-07T16:41', 109, 'pavo.budimir@outlook.com', 'Pavo', 'Budimir', '$2a$12$MlnyH21ePO39K3ufi9qxO.MXpbIJqThmjnuR0J8mqqhxizKIeqeC6', 'PATIENT', 'PENDING');
INSERT INTO patient (id, date_of_birth, address, mbo, phone_number) VALUES (109, '1975-08-13', 'Zvonimirova 12', '6838124833', '0958037136');
INSERT INTO _user (created_at, id, email, first_name, last_name, password, role, status) VALUES ('2023-12-29T05:17', 110, 'stjepan.jozić@yahoo.com', 'Stjepan', 'Jozić', '$2a$12$MlnyH21ePO39K3ufi9qxO.MXpbIJqThmjnuR0J8mqqhxizKIeqeC6', 'PATIENT', 'PENDING');
INSERT INTO patient (id, date_of_birth, address, mbo, phone_number) VALUES (110, '1964-10-11', 'Šulekova 33', '4541214191', '0952726887');
INSERT INTO _user (created_at, id, email, first_name, last_name, password, role, status) VALUES ('2024-01-04T16:36', 111, 'franko.ljubić@outlook.com', 'Franko', 'Ljubić', '$2a$12$MlnyH21ePO39K3ufi9qxO.MXpbIJqThmjnuR0J8mqqhxizKIeqeC6', 'PATIENT', 'PENDING');
INSERT INTO patient (id, date_of_birth, address, mbo, phone_number) VALUES (111, '1965-05-19', 'Utješinovićeva 06', '4194741335', '0918638636');
INSERT INTO _user (created_at, id, email, first_name, last_name, password, role, status) VALUES ('2024-01-06T07:15', 112, 'matko.franjić@gmail.com', 'Matko', 'Franjić', '$2a$12$MlnyH21ePO39K3ufi9qxO.MXpbIJqThmjnuR0J8mqqhxizKIeqeC6', 'PATIENT', 'PENDING');
INSERT INTO patient (id, date_of_birth, address, mbo, phone_number) VALUES (112, '1980-12-26', 'Pod zidom 49', '2317628122', '0956604223');
INSERT INTO _user (created_at, id, email, first_name, last_name, password, role, status) VALUES ('2023-12-28T17:33', 113, 'alojz.špoljarić@icloud.com', 'Alojz', 'Špoljarić', '$2a$12$MlnyH21ePO39K3ufi9qxO.MXpbIJqThmjnuR0J8mqqhxizKIeqeC6', 'PATIENT', 'PENDING');
INSERT INTO patient (id, date_of_birth, address, mbo, phone_number) VALUES (113, '1977-09-11', 'Trg Petra Preradovića 47', '9020405840', '0972333626');
INSERT INTO _user (created_at, id, email, first_name, last_name, password, role, status) VALUES ('2024-01-08T09:21', 114, 'antonijo.kovačić@gmail.com', 'Antonijo', 'Kovačić', '$2a$12$MlnyH21ePO39K3ufi9qxO.MXpbIJqThmjnuR0J8mqqhxizKIeqeC6', 'PATIENT', 'PENDING');
INSERT INTO patient (id, date_of_birth, address, mbo, phone_number) VALUES (114, '1961-11-19', 'Ulica kralja Držislava 48', '5969208349', '0919333978');
INSERT INTO _user (created_at, id, email, first_name, last_name, password, role, status) VALUES ('2024-01-04T11:42', 115, 'roberto.knezović@icloud.com', 'Roberto', 'Knezović', '$2a$12$MlnyH21ePO39K3ufi9qxO.MXpbIJqThmjnuR0J8mqqhxizKIeqeC6', 'PATIENT', 'PENDING');
INSERT INTO patient (id, date_of_birth, address, mbo, phone_number) VALUES (115, '1986-01-28', 'Runjaninova 24', '0476976501', '0983702069');
INSERT INTO _user (created_at, id, email, first_name, last_name, password, role, status) VALUES ('2024-01-03T23:59', 116, 'aleksandar.jerković@yahoo.com', 'Aleksandar', 'Jerković', '$2a$12$MlnyH21ePO39K3ufi9qxO.MXpbIJqThmjnuR0J8mqqhxizKIeqeC6', 'PATIENT', 'PENDING');
INSERT INTO patient (id, date_of_birth, address, mbo, phone_number) VALUES (116, '1984-09-19', 'Dukljaninova 40', '5492516191', '0913527305');
INSERT INTO _user (created_at, id, email, first_name, last_name, password, role, status) VALUES ('2024-01-08T03:53', 117, 'zdenko.bogdan@yahoo.com', 'Zdenko', 'Bogdan', '$2a$12$MlnyH21ePO39K3ufi9qxO.MXpbIJqThmjnuR0J8mqqhxizKIeqeC6', 'PATIENT', 'PENDING');
INSERT INTO patient (id, date_of_birth, address, mbo, phone_number) VALUES (117, '1961-06-03', 'Jurišićeva 46', '4498477964', '0959291830');
INSERT INTO _user (created_at, id, email, first_name, last_name, password, role, status) VALUES ('2022-10-15T07:16', 118, 'ivica.novak@icloud.com', 'Ivica', 'Novak', '$2a$12$MlnyH21ePO39K3ufi9qxO.MXpbIJqThmjnuR0J8mqqhxizKIeqeC6', 'PATIENT', 'DEACTIVATED');
INSERT INTO patient (id, date_of_birth, address, mbo, phone_number) VALUES (118, '2000-06-29', 'Zvonarnička 34', '7845330893', '0910964819');
INSERT INTO _user (created_at, id, email, first_name, last_name, password, role, status) VALUES ('2023-06-26T06:30', 119, 'romano.devčić@outlook.com', 'Romano', 'Devčić', '$2a$12$MlnyH21ePO39K3ufi9qxO.MXpbIJqThmjnuR0J8mqqhxizKIeqeC6', 'PATIENT', 'DEACTIVATED');
INSERT INTO patient (id, date_of_birth, address, mbo, phone_number) VALUES (119, '1957-10-05', 'Đorđićeva 02', '1335485467', '0954548578');
INSERT INTO _user (created_at, id, email, first_name, last_name, password, role, status) VALUES ('2023-11-04T03:38', 120, 'zlatko.marinović@gmail.com', 'Zlatko', 'Marinović', '$2a$12$MlnyH21ePO39K3ufi9qxO.MXpbIJqThmjnuR0J8mqqhxizKIeqeC6', 'PATIENT', 'DEACTIVATED');
INSERT INTO patient (id, date_of_birth, address, mbo, phone_number) VALUES (120, '2004-08-17', 'Medulićeva 32', '5581095179', '0959758517');
INSERT INTO _user (created_at, id, email, first_name, last_name, password, role, status) VALUES ('2023-11-07T21:16', 121, 'deni.filipović@outlook.com', 'Deni', 'Filipović', '$2a$12$MlnyH21ePO39K3ufi9qxO.MXpbIJqThmjnuR0J8mqqhxizKIeqeC6', 'PATIENT', 'DEACTIVATED');
INSERT INTO patient (id, date_of_birth, address, mbo, phone_number) VALUES (121, '1969-12-31', 'Boškovićeva 37', '9604685375', '0982276806');
INSERT INTO _user (created_at, id, email, first_name, last_name, password, role, status) VALUES ('2023-11-16T17:56', 122, 'daniel.matijašević@icloud.com', 'Daniel', 'Matijašević', '$2a$12$MlnyH21ePO39K3ufi9qxO.MXpbIJqThmjnuR0J8mqqhxizKIeqeC6', 'PATIENT', 'DEACTIVATED');
INSERT INTO patient (id, date_of_birth, address, mbo, phone_number) VALUES (122, '1953-04-28', 'Gajeva 47', '0062185397', '0957066269');
INSERT INTO _user (created_at, id, email, first_name, last_name, password, role, status) VALUES ('2023-03-15T05:30', 123, 'stevan.lončar@outlook.com', 'Stevan', 'Lončar', '$2a$12$MlnyH21ePO39K3ufi9qxO.MXpbIJqThmjnuR0J8mqqhxizKIeqeC6', 'PATIENT', 'DEACTIVATED');
INSERT INTO patient (id, date_of_birth, address, mbo, phone_number) VALUES (123, '1966-06-10', 'Ulica kneza Višeslava 02', '4202623242', '0928303822');
INSERT INTO _user (created_at, id, email, first_name, last_name, password, role, status) VALUES ('2023-11-24T09:09', 124, 'branislav.samardžić@gmail.com', 'Branislav', 'Samardžić', '$2a$12$MlnyH21ePO39K3ufi9qxO.MXpbIJqThmjnuR0J8mqqhxizKIeqeC6', 'PATIENT', 'DEACTIVATED');
INSERT INTO patient (id, date_of_birth, address, mbo, phone_number) VALUES (124, '1958-04-24', 'Zavrtnica 12', '9685276542', '0920424387');
INSERT INTO _user (created_at, id, email, first_name, last_name, password, role, status) VALUES ('2022-11-06T05:22', 125, 'roman.vlahović@yahoo.com', 'Roman', 'Vlahović', '$2a$12$MlnyH21ePO39K3ufi9qxO.MXpbIJqThmjnuR0J8mqqhxizKIeqeC6', 'PATIENT', 'DEACTIVATED');
INSERT INTO patient (id, date_of_birth, address, mbo, phone_number) VALUES (125, '1987-08-07', 'Mihanovićeva 20', '1854384911', '0987352978');
INSERT INTO _user (created_at, id, email, first_name, last_name, password, role, status) VALUES ('2023-01-30T17:20', 126, 'bernarda.kordić@outlook.com', 'Bernarda', 'Kordić', '$2a$12$MlnyH21ePO39K3ufi9qxO.MXpbIJqThmjnuR0J8mqqhxizKIeqeC6', 'STAFF', 'ACTIVE');
INSERT INTO employee (id, specialization) VALUES (126, 'PHYSICAL_THERAPIST');
INSERT INTO _user (created_at, id, email, first_name, last_name, password, role, status) VALUES ('2022-11-01T04:37', 127, 'ilinka.budimir@outlook.com', 'Ilinka', 'Budimir', '$2a$12$MlnyH21ePO39K3ufi9qxO.MXpbIJqThmjnuR0J8mqqhxizKIeqeC6', 'STAFF', 'ACTIVE');
INSERT INTO employee (id, specialization) VALUES (127, 'ELECTROTHERAPIST');
INSERT INTO _user (created_at, id, email, first_name, last_name, password, role, status) VALUES ('2023-03-09T02:44', 128, 'vilma.stojanović@icloud.com', 'Vilma', 'Stojanović', '$2a$12$MlnyH21ePO39K3ufi9qxO.MXpbIJqThmjnuR0J8mqqhxizKIeqeC6', 'STAFF', 'ACTIVE');
INSERT INTO employee (id, specialization) VALUES (128, 'THERMOTHERAPIST');
INSERT INTO _user (created_at, id, email, first_name, last_name, password, role, status) VALUES ('2023-06-20T12:21', 129, 'tina.vlašić@yahoo.com', 'Tina', 'Vlašić', '$2a$12$MlnyH21ePO39K3ufi9qxO.MXpbIJqThmjnuR0J8mqqhxizKIeqeC6', 'STAFF', 'ACTIVE');
INSERT INTO employee (id, specialization) VALUES (129, 'HYDROTHERAPIST');
INSERT INTO _user (created_at, id, email, first_name, last_name, password, role, status) VALUES ('2022-11-27T07:15', 130, 'patricia.kordić@yahoo.com', 'Patricia', 'Kordić', '$2a$12$MlnyH21ePO39K3ufi9qxO.MXpbIJqThmjnuR0J8mqqhxizKIeqeC6', 'STAFF', 'ACTIVE');
INSERT INTO employee (id, specialization) VALUES (130, 'PHYSICAL_THERAPIST');
INSERT INTO _user (created_at, id, email, first_name, last_name, password, role, status) VALUES ('2022-11-01T09:42', 131, 'klaudija.gregurić@icloud.com', 'Klaudija', 'Gregurić', '$2a$12$MlnyH21ePO39K3ufi9qxO.MXpbIJqThmjnuR0J8mqqhxizKIeqeC6', 'STAFF', 'ACTIVE');
INSERT INTO employee (id, specialization) VALUES (131, 'HYDROTHERAPIST');
INSERT INTO _user (created_at, id, email, first_name, last_name, password, role, status) VALUES ('2023-03-24T19:05', 132, 'tomislava.brkić@outlook.com', 'Tomislava', 'Brkić', '$2a$12$MlnyH21ePO39K3ufi9qxO.MXpbIJqThmjnuR0J8mqqhxizKIeqeC6', 'STAFF', 'ACTIVE');
INSERT INTO employee (id, specialization) VALUES (132, 'PHYSICAL_THERAPIST');
INSERT INTO _user (created_at, id, email, first_name, last_name, password, role, status) VALUES ('2023-07-13T14:36', 133, 'irma.vlahović@gmail.com', 'Irma', 'Vlahović', '$2a$12$MlnyH21ePO39K3ufi9qxO.MXpbIJqThmjnuR0J8mqqhxizKIeqeC6', 'STAFF', 'ACTIVE');
INSERT INTO employee (id, specialization) VALUES (133, 'CRYOTHERAPIST');
INSERT INTO _user (created_at, id, email, first_name, last_name, password, role, status) VALUES ('2023-12-17T20:55', 134, 'paulina.ćosić@icloud.com', 'Paulina', 'Ćosić', '$2a$12$MlnyH21ePO39K3ufi9qxO.MXpbIJqThmjnuR0J8mqqhxizKIeqeC6', 'STAFF', 'ACTIVE');
INSERT INTO employee (id, specialization) VALUES (134, 'HYDROTHERAPIST');
INSERT INTO _user (created_at, id, email, first_name, last_name, password, role, status) VALUES ('2023-08-10T21:37', 135, 'ena.grgić@yahoo.com', 'Ena', 'Grgić', '$2a$12$MlnyH21ePO39K3ufi9qxO.MXpbIJqThmjnuR0J8mqqhxizKIeqeC6', 'STAFF', 'ACTIVE');
INSERT INTO employee (id, specialization) VALUES (135, 'PHYSICAL_THERAPIST');
INSERT INTO _user (created_at, id, email, first_name, last_name, password, role, status) VALUES ('2022-11-15T01:35', 136, 'jakov.savić@outlook.com', 'Jakov', 'Savić', '$2a$12$MlnyH21ePO39K3ufi9qxO.MXpbIJqThmjnuR0J8mqqhxizKIeqeC6', 'STAFF', 'ACTIVE');
INSERT INTO employee (id, specialization) VALUES (136, 'ELECTROTHERAPIST');
INSERT INTO _user (created_at, id, email, first_name, last_name, password, role, status) VALUES ('2023-01-10T08:36', 137, 'marinko.ivanković@gmail.com', 'Marinko', 'Ivanković', '$2a$12$MlnyH21ePO39K3ufi9qxO.MXpbIJqThmjnuR0J8mqqhxizKIeqeC6', 'STAFF', 'ACTIVE');
INSERT INTO employee (id, specialization) VALUES (137, 'PHYSICAL_THERAPIST');
INSERT INTO _user (created_at, id, email, first_name, last_name, password, role, status) VALUES ('2023-10-29T05:58', 138, 'niko.turković@yahoo.com', 'Niko', 'Turković', '$2a$12$MlnyH21ePO39K3ufi9qxO.MXpbIJqThmjnuR0J8mqqhxizKIeqeC6', 'STAFF', 'ACTIVE');
INSERT INTO employee (id, specialization) VALUES (138, 'HYDROTHERAPIST');
INSERT INTO _user (created_at, id, email, first_name, last_name, password, role, status) VALUES ('2022-11-10T05:43', 139, 'siniša.ivančić@gmail.com', 'Siniša', 'Ivančić', '$2a$12$MlnyH21ePO39K3ufi9qxO.MXpbIJqThmjnuR0J8mqqhxizKIeqeC6', 'STAFF', 'ACTIVE');
INSERT INTO employee (id, specialization) VALUES (139, 'PHYSICAL_THERAPIST');
INSERT INTO _user (created_at, id, email, first_name, last_name, password, role, status) VALUES ('2023-08-18T07:44', 140, 'viktor.pavlović@outlook.com', 'Viktor', 'Pavlović', '$2a$12$MlnyH21ePO39K3ufi9qxO.MXpbIJqThmjnuR0J8mqqhxizKIeqeC6', 'STAFF', 'ACTIVE');
INSERT INTO employee (id, specialization) VALUES (140, 'PHYSICAL_THERAPIST');
INSERT INTO _user (created_at, id, email, first_name, last_name, password, role, status) VALUES ('2023-05-11T04:21', 141, 'jerko.jurić@yahoo.com', 'Jerko', 'Jurić', '$2a$12$MlnyH21ePO39K3ufi9qxO.MXpbIJqThmjnuR0J8mqqhxizKIeqeC6', 'STAFF', 'ACTIVE');
INSERT INTO employee (id, specialization) VALUES (141, 'PHYSICAL_THERAPIST');
INSERT INTO _user (created_at, id, email, first_name, last_name, password, role, status) VALUES ('2023-09-17T20:08', 142, 'ivan.hrženjak@outlook.com', 'Ivan', 'Hrženjak', '$2a$12$MlnyH21ePO39K3ufi9qxO.MXpbIJqThmjnuR0J8mqqhxizKIeqeC6', 'STAFF', 'ACTIVE');
INSERT INTO employee (id, specialization) VALUES (142, 'PHYSICAL_THERAPIST');
INSERT INTO _user (created_at, id, email, first_name, last_name, password, role, status) VALUES ('2023-03-09T04:17', 143, 'eugen.turković@yahoo.com', 'Eugen', 'Turković', '$2a$12$MlnyH21ePO39K3ufi9qxO.MXpbIJqThmjnuR0J8mqqhxizKIeqeC6', 'STAFF', 'ACTIVE');
INSERT INTO employee (id, specialization) VALUES (143, 'PHYSICAL_THERAPIST');
INSERT INTO _user (created_at, id, email, first_name, last_name, password, role, status) VALUES ('2023-09-13T22:26', 144, 'miro.balić@icloud.com', 'Miro', 'Balić', '$2a$12$MlnyH21ePO39K3ufi9qxO.MXpbIJqThmjnuR0J8mqqhxizKIeqeC6', 'STAFF', 'ACTIVE');
INSERT INTO employee (id, specialization) VALUES (144, 'PHYSICAL_THERAPIST');
INSERT INTO _user (created_at, id, email, first_name, last_name, password, role, status) VALUES ('2023-08-14T03:25', 145, 'nediljko.kordić@yahoo.com', 'Nediljko', 'Kordić', '$2a$12$MlnyH21ePO39K3ufi9qxO.MXpbIJqThmjnuR0J8mqqhxizKIeqeC6', 'STAFF', 'ACTIVE');
INSERT INTO employee (id, specialization) VALUES (145, 'PHYSICAL_THERAPIST');
INSERT INTO _user (created_at, id, email, first_name, last_name, password, role, status) VALUES ('2022-10-10T21:36', 146, 'božidar.jelić@outlook.com', 'Božidar', 'Jelić', '$2a$12$MlnyH21ePO39K3ufi9qxO.MXpbIJqThmjnuR0J8mqqhxizKIeqeC6', 'STAFF', 'ACTIVE');
INSERT INTO employee (id, specialization) VALUES (146, 'PHYSICAL_THERAPIST');
INSERT INTO _user (created_at, id, email, first_name, last_name, password, role, status) VALUES ('2023-12-28T18:21', 147, 'eduard.matijević@outlook.com', 'Eduard', 'Matijević', '$2a$12$MlnyH21ePO39K3ufi9qxO.MXpbIJqThmjnuR0J8mqqhxizKIeqeC6', 'STAFF', 'ACTIVE');
INSERT INTO employee (id, specialization) VALUES (147, 'THERMOTHERAPIST');
INSERT INTO _user (created_at, id, email, first_name, last_name, password, role, status) VALUES ('2022-10-08T23:50', 148, 'nedjeljko.đurđević@outlook.com', 'Nedjeljko', 'Đurđević', '$2a$12$MlnyH21ePO39K3ufi9qxO.MXpbIJqThmjnuR0J8mqqhxizKIeqeC6', 'STAFF', 'ACTIVE');
INSERT INTO employee (id, specialization) VALUES (148, 'PHYSICAL_THERAPIST');
INSERT INTO _user (created_at, id, email, first_name, last_name, password, role, status) VALUES ('2023-09-25T13:43', 149, 'leo.crnković@outlook.com', 'Leo', 'Crnković', '$2a$12$MlnyH21ePO39K3ufi9qxO.MXpbIJqThmjnuR0J8mqqhxizKIeqeC6', 'STAFF', 'ACTIVE');
INSERT INTO employee (id, specialization) VALUES (149, 'CRYOTHERAPIST');
INSERT INTO _user (created_at, id, email, first_name, last_name, password, role, status) VALUES ('2022-10-02T08:56', 150, 'bernard.duvnjak@gmail.com', 'Bernard', 'Duvnjak', '$2a$12$MlnyH21ePO39K3ufi9qxO.MXpbIJqThmjnuR0J8mqqhxizKIeqeC6', 'STAFF', 'ACTIVE');
INSERT INTO employee (id, specialization) VALUES (150, 'CRYOTHERAPIST');

INSERT INTO equipment (capacity, id, name, specialization, room_name) VALUES (20, 1, 'Gym', 'PHYSICAL_THERAPIST', 'Physiotherapy Suite'); --physical therapy
INSERT INTO equipment (capacity, id, name, specialization, room_name) VALUES (2, 2, 'Electrical Muscle Stimulation unit', 'ELECTROTHERAPIST', 'Electrotherapy Zone');
INSERT INTO equipment (capacity, id, name, specialization, room_name) VALUES (2, 3, 'Cryotherapy machine', 'CRYOTHERAPIST', 'CryoRecovery Room');
INSERT INTO equipment (capacity, id, name, specialization, room_name) VALUES (4, 4, 'Hydrotherapy pool', 'HYDROTHERAPIST', 'Hydro Rehab Pool');
INSERT INTO equipment (capacity, id, name, specialization, room_name) VALUES (4, 5, 'Paraffin wax baths and infrared lamp', 'THERMOTHERAPIST', 'Thermal Wellness Space');

--shoulder
INSERT INTO therapy_type (required_equipment_id, name, description, therapy_Code, num_of_sessions, body_part) VALUES (1, 'Rotator cuff tear', 'Physical therapy focuses on strengthening the shoulder muscles, improving range of motion, and reducing pain through targeted exercises.', '#5G3Y4', 12, 'shoulder');
INSERT INTO therapy_type (required_equipment_id, name, description, therapy_Code, num_of_sessions, body_part) VALUES (1, 'Frozen shoulder', 'Therapy aims to restore shoulder mobility through stretching and range of motion exercises.', '#7Z8V8', 10, 'shoulder');

--arm
INSERT INTO therapy_type (required_equipment_id, name, description, therapy_Code, num_of_sessions, body_part) VALUES (1, 'Tennis elbow', 'Treatment includes strengthening forearm muscles.', '#1V2V2', 8, 'arm');
INSERT INTO therapy_type (required_equipment_id, name, description, therapy_Code, num_of_sessions, body_part) VALUES (1, 'Golfers elbow', 'Physical therapy involves strengthening and stretching exercises for the forearm muscles and may include modalities for pain relief.', '#8I5F5', 8, 'arm');
INSERT INTO therapy_type (required_equipment_id, name, description, therapy_Code, num_of_sessions, body_part) VALUES (1, 'Biceps tendinitis', 'Therapy focuses on strengthening the biceps and shoulder muscles while reducing inflammation through modalities.', '#4C7X3', 10, 'arm');

--hand
INSERT INTO therapy_type (required_equipment_id, name, description, therapy_Code, num_of_sessions, body_part) VALUES (1, 'Carpal tunnel', 'Exercises to improve wrist and hand flexibility, along with techniques to relieve pressure on the median nerve.', '#1R2Y1', 8, 'hand');
INSERT INTO therapy_type (required_equipment_id, name, description, therapy_Code, num_of_sessions, body_part) VALUES (3, 'Arthritis pain management', 'Cryotherapy helps alleviate arthritis pain by numbing the affected joints, reducing inflammation, and temporarily easing discomfort and stiffness.', '#6F6P9', 8, 'hand');
INSERT INTO therapy_type (required_equipment_id, name, description, therapy_Code, num_of_sessions, body_part) VALUES (3, 'Tendinitis', 'Cryotherapy can be employed to reduce inflammation and alleviate pain associated with tendinitis by constricting blood vessels and diminishing tissue swelling in the affected area.', '#1G8Z3', 10, 'hand');
INSERT INTO therapy_type (required_equipment_id, name, description, therapy_Code, num_of_sessions, body_part) VALUES (4, 'Osteoarthritis management', 'Hydrotherapy provides a low-impact environment for joint mobility exercises and pain relief, helping individuals with osteoarthritis improve joint function and reduce discomfort.', '#4D5C2', 8, 'hand');
INSERT INTO therapy_type (required_equipment_id, name, description, therapy_Code, num_of_sessions, body_part) VALUES (5, 'Bursitis', 'Thermotherapy may be used to alleviate pain and inflammation associated with bursitis by increasing blood flow and promoting the relaxation of affected tissues, often applied through warm compresses or therapeutic ultrasound.', '#4N8P5' , 8, 'hand');
INSERT INTO therapy_type (required_equipment_id, name, description, therapy_Code, num_of_sessions, body_part) VALUES (5, 'Rheumatoid Arthritis', 'Thermotherapy, such as paraffin wax baths, can help ease joint stiffness and reduce pain in individuals with rheumatoid arthritis by enhancing joint flexibility and reducing inflammation.', '#7R3N6', 8, 'hand');

--leg
INSERT INTO therapy_type (required_equipment_id, name, description, therapy_Code, num_of_sessions, body_part) VALUES (1, 'ACL injury', 'Rehabilitation includes exercises to strengthen the knee and improve stability, often following surgical repair.', '#3H4O2', 20, 'leg');
INSERT INTO therapy_type (required_equipment_id, name, description, therapy_Code, num_of_sessions, body_part) VALUES (1, 'Meniscus tear', 'Therapy emphasizes range of motion exercises and strengthening of the muscles around the knee.', '#6F2G1', 8, 'leg');
INSERT INTO therapy_type (required_equipment_id, name, description, therapy_Code, num_of_sessions, body_part) VALUES (1, 'IT band syndrome', 'Treatment involves stretching and strengthening the IT band and hip muscles.', '#8L2Q4', 8, 'leg');
INSERT INTO therapy_type (required_equipment_id, name, description, therapy_Code, num_of_sessions, body_part) VALUES (1, 'Shin splints', 'Rehabilitation focuses on reducing inflammation and improving lower leg strength and flexibility.', '#7P3Y5', 6, 'leg');
INSERT INTO therapy_type (required_equipment_id, name, description, therapy_Code, num_of_sessions, body_part) VALUES (1, 'Stress fractures', 'Rest and gradual return to weight-bearing activities are essential, along with exercises to maintain bone density.', '#9M8D2', 10, 'leg');
INSERT INTO therapy_type (required_equipment_id, name, description, therapy_Code, num_of_sessions, body_part) VALUES (1, 'Hip bursitis', 'Exercises to improve hip muscle strength and flexibility, along with modalities for pain management.', '#2T8L4', 10, 'leg');

--foot
INSERT INTO therapy_type (required_equipment_id, name, description, therapy_Code, num_of_sessions, body_part) VALUES (1, 'Ankle sprain', 'Therapy includes balance exercises, strengthening the ankle, and improving flexibility.', '#6W1E6', 8, 'foot');
INSERT INTO therapy_type (required_equipment_id, name, description, therapy_Code, num_of_sessions, body_part) VALUES (1, 'Plantar fasciitis ', 'Treatment involves stretching and strengthening exercises for the calf and foot muscles, along with modalities for pain relief.', '#6B5Q3', 8, 'foot');
INSERT INTO therapy_type (required_equipment_id, name, description, therapy_Code, num_of_sessions, body_part) VALUES (1, 'Achilles tendinitis ', 'Therapy aims to strengthen the calf muscles and Achilles tendon while reducing inflammation.', '#5C3G3', 12, 'foot');

--lower torso
INSERT INTO therapy_type (required_equipment_id, name, description, therapy_Code, num_of_sessions, body_part) VALUES (1, 'Lumbar herniated disc ', 'Physical therapy focuses on relieving pain and improving spinal stability through exercises.', '#3N4P6', 14, 'lower torso');
INSERT INTO therapy_type (required_equipment_id, name, description, therapy_Code, num_of_sessions, body_part) VALUES (1, 'Sciatica', 'Treatment involves exercises to alleviate sciatic nerve compression and improve lumbar spine function.', '#9P1H4', 7, 'lower torso');
INSERT INTO therapy_type (required_equipment_id, name, description, therapy_Code, num_of_sessions, body_part) VALUES (4, 'Chronic low back pain management', 'Hydrotherapy involves warm water exercises and aquatic therapy techniques to improve flexibility, reduce pain, and enhance core strength in individuals with chronic low back pain.', '#4W3F2', 10, 'lower_torso');

--upper torso
INSERT INTO therapy_type (required_equipment_id, name, description, therapy_Code, num_of_sessions, body_part) VALUES (1, 'Scoliosis', 'Therapy includes exercises to improve spinal alignment, flexibility, and muscle balance.', '#5R9N7', 8, 'upper torso');
INSERT INTO therapy_type (required_equipment_id, name, description, therapy_Code, num_of_sessions, body_part) VALUES (1, 'Postural disorders', 'Treatment includes exercises to correct posture and improve muscle balance to relieve pain and prevent future issues.', '#8K1H7', 7, 'upper torso');

--head
INSERT INTO therapy_type (required_equipment_id, name, description, therapy_Code, num_of_sessions, body_part) VALUES (1, 'Cervical radiculopathy ', 'Rehabilitation aims to reduce neck pain and nerve symptoms through neck exercises and modalities.', '#8G5H3', 8, 'head');
INSERT INTO therapy_type (required_equipment_id, name, description, therapy_Code, num_of_sessions, body_part) VALUES (1, 'Whiplash', 'Physical therapy focuses on neck strengthening and range of motion exercises to alleviate pain and stiffness.', '#8H6H1', 10, 'head');

--any
INSERT INTO therapy_type (required_equipment_id, name, description, therapy_Code, num_of_sessions, body_part) VALUES (2, 'Post-Operative rehabilitation', 'EMS therapy aids in muscle activation and circulation for post-operative patients, helping to prevent muscle atrophy and accelerate recovery through controlled electrical muscle contractions.', '#3J6K2', 12, 'any');
INSERT INTO therapy_type (required_equipment_id, name, description, therapy_Code, num_of_sessions, body_part) VALUES (2, 'Stroke rehabilitation', 'EMS can be used to stimulate paralyzed or weakened muscles, aiding in muscle re-education and motor function recovery for stroke survivors.', '#9P3R1', 20, 'any');
INSERT INTO therapy_type (required_equipment_id, name, description, therapy_Code, num_of_sessions, body_part) VALUES (2, 'Muscle atrophy prevention', 'EMS assists in maintaining muscle strength and mass in individuals with limited mobility, such as bedridden or immobilized patients, by providing passive muscle contractions', '#2J6Z7', 8, 'any');
INSERT INTO therapy_type (required_equipment_id, name, description, therapy_Code, num_of_sessions, body_part) VALUES (2, 'Chronic pain management', 'EMS therapy can help manage chronic pain conditions by stimulating endorphin release, reducing pain perception, and improving blood circulation in targeted areas.', '#7X4N5', 6, 'any');
INSERT INTO therapy_type (required_equipment_id, name, description, therapy_Code, num_of_sessions, body_part) VALUES (3, 'Post-Operative swelling minimization', 'Cryotherapy involves the application of cold therapy to reduce post-operative swelling and inflammation, promoting faster healing and pain relief.', '#5M8P4', 6, 'any');
INSERT INTO therapy_type (required_equipment_id, name, description, therapy_Code, num_of_sessions, body_part) VALUES (3, 'Acute sports injury', 'Cryotherapy is used immediately after an acute sports injury to minimize swelling, numb the area, and provide pain relief while facilitating faster recovery.', '#5Z9B5', 8, 'any');
INSERT INTO therapy_type (required_equipment_id, name, description, therapy_Code, num_of_sessions, body_part) VALUES (4, 'Post-Stroke rehabilitation', 'Hydrotherapy offers a supportive and buoyant environment for stroke survivors to work on regaining ', '#8D2H9', 20, 'any');
INSERT INTO therapy_type (required_equipment_id, name, description, therapy_Code, num_of_sessions, body_part) VALUES (4, 'Post-Operative Rehabilitation', 'Hydrotherapy can aid in the recovery process after surgery by offering a gentle way to regain mobility, reduce swelling, and improve overall conditioning through aquatic exercises and controlled movements in warm water.', '#5I9K8', 12, 'any');
INSERT INTO therapy_type (required_equipment_id, name, description, therapy_Code, num_of_sessions, body_part) VALUES (5, 'Muscle spasms and tension management', 'Thermotherapy in a wax bath involves immersing affected muscles in warm wax to relax and soothe muscle spasms, reduce tension, and promote blood flow for pain relief.', '#6L2M9', 6, 'any');
INSERT INTO therapy_type (required_equipment_id, name, description, therapy_Code, num_of_sessions, body_part) VALUES (5, 'Chronic muscle pain management', 'Regular heat therapy, including hot baths, warm packs, or infrared heat, may be part of a comprehensive pain management strategy for chronic muscle pain, providing temporary relief and improving muscle relaxation.', '#2K6H8', 7, 'any');


INSERT INTO health_referral (health_referral_id, hlkid, mbo, therapy_code) VALUES ('DGC_950191', 'HR129455', '5769143984', '#5I9K8');
INSERT INTO health_referral (health_referral_id, hlkid, mbo, therapy_code) VALUES ('DGC_921846', 'HR175175', '7063566406', '#1G8Z3'); --inactive, 3
INSERT INTO health_referral (health_referral_id, hlkid, mbo, therapy_code) VALUES ('DGC_519756', 'HR246111', '1945494187', '#5Z9B5');
INSERT INTO health_referral (health_referral_id, hlkid, mbo, therapy_code) VALUES ('DGC_693934', 'HR143619', '4292271151', '#5C3G3');
INSERT INTO health_referral (health_referral_id, hlkid, mbo, therapy_code) VALUES ('DGC_331694', 'HR218412', '2546666522', '#5M8P4');
INSERT INTO health_referral (health_referral_id, hlkid, mbo, therapy_code) VALUES ('DGC_174686', 'HR100831', '9325464321', '#5C3G3');
INSERT INTO health_referral (health_referral_id, hlkid, mbo, therapy_code) VALUES ('DGC_066064', 'HR259110', '9015662392', '#1R2Y1');
INSERT INTO health_referral (health_referral_id, hlkid, mbo, therapy_code) VALUES ('DGC_101147', 'HR192034', '6861115213', '#5C3G3');
INSERT INTO health_referral (health_referral_id, hlkid, mbo, therapy_code) VALUES ('DGC_050598', 'HR052511', '6952783293', '#2K6H8');
INSERT INTO health_referral (health_referral_id, hlkid, mbo, therapy_code) VALUES ('DGC_667800', 'HR200668', '5395858892', '#7X4N5');
INSERT INTO health_referral (health_referral_id, hlkid, mbo, therapy_code) VALUES ('DGC_835888', 'HR175349', '7548622384', '#6F6P9');
INSERT INTO health_referral (health_referral_id, hlkid, mbo, therapy_code) VALUES ('DGC_851027', 'HR255116', '4469828133', '#8L2Q4');
INSERT INTO health_referral (health_referral_id, hlkid, mbo, therapy_code) VALUES ('DGC_568163', 'HR187684', '4315689241', '#5I9K8');
INSERT INTO health_referral (health_referral_id, hlkid, mbo, therapy_code) VALUES ('DGC_734265', 'HR266028', '6201773507', '#9P3R1');
INSERT INTO health_referral (health_referral_id, hlkid, mbo, therapy_code) VALUES ('DGC_941108', 'HR229631', '8041741740', '#3H4O2');
INSERT INTO health_referral (health_referral_id, hlkid, mbo, therapy_code) VALUES ('DGC_311717', 'HR015434', '9226487941', '#8H6H1');
INSERT INTO health_referral (health_referral_id, hlkid, mbo, therapy_code) VALUES ('DGC_697063', 'HR165771', '1393000849', '#4C7X3');
INSERT INTO health_referral (health_referral_id, hlkid, mbo, therapy_code) VALUES ('DGC_651878', 'HR061932', '7198394283', '#4N8P5');
INSERT INTO health_referral (health_referral_id, hlkid, mbo, therapy_code) VALUES ('DGC_327893', 'HR112973', '2120350019', '#2J6Z7');
INSERT INTO health_referral (health_referral_id, hlkid, mbo, therapy_code) VALUES ('DGC_965064', 'HR287743', '3646925246', '#4N8P5');
INSERT INTO health_referral (health_referral_id, hlkid, mbo, therapy_code) VALUES ('DGC_219713', 'HR157827', '6009078399', '#1G8Z3'); --inactive, 22
INSERT INTO health_referral (health_referral_id, hlkid, mbo, therapy_code) VALUES ('DGC_568498', 'HR087708', '3403347443', '#1R2Y1');
INSERT INTO health_referral (health_referral_id, hlkid, mbo, therapy_code) VALUES ('DGC_260857', 'HR137576', '6075500048', '#5Z9B5');
INSERT INTO health_referral (health_referral_id, hlkid, mbo, therapy_code) VALUES ('DGC_205404', 'HR265822', '6032377077', '#9M8D2');
INSERT INTO health_referral (health_referral_id, hlkid, mbo, therapy_code) VALUES ('DGC_053133', 'HR031606', '4259054123', '#5C3G3');
INSERT INTO health_referral (health_referral_id, hlkid, mbo, therapy_code) VALUES ('DGC_700394', 'HR222888', '7944914291', '#3N4P6');
INSERT INTO health_referral (health_referral_id, hlkid, mbo, therapy_code) VALUES ('DGC_440373', 'HR236184', '3864838679', '#7R3N6');
INSERT INTO health_referral (health_referral_id, hlkid, mbo, therapy_code) VALUES ('DGC_086167', 'HR005686', '5007396434', '#4W3F2');
INSERT INTO health_referral (health_referral_id, hlkid, mbo, therapy_code) VALUES ('DGC_452572', 'HR161846', '0376528707', '#8D2H9');
INSERT INTO health_referral (health_referral_id, hlkid, mbo, therapy_code) VALUES ('DGC_541658', 'HR008506', '5643219067', '#1R2Y1');
INSERT INTO health_referral (health_referral_id, hlkid, mbo, therapy_code) VALUES ('DGC_040354', 'HR254362', '9895283067', '#8H6H1');
INSERT INTO health_referral (health_referral_id, hlkid, mbo, therapy_code) VALUES ('DGC_695792', 'HR119657', '9389841365', '#6F6P9');
INSERT INTO health_referral (health_referral_id, hlkid, mbo, therapy_code) VALUES ('DGC_444633', 'HR163856', '6553508858', '#8H6H1');
INSERT INTO health_referral (health_referral_id, hlkid, mbo, therapy_code) VALUES ('DGC_412598', 'HR141382', '4315689241', '#8L2Q4');
INSERT INTO health_referral (health_referral_id, hlkid, mbo, therapy_code) VALUES ('DGC_057750', 'HR247373', '2195515229', '#4N8P5');
INSERT INTO health_referral (health_referral_id, hlkid, mbo, therapy_code) VALUES ('DGC_831169', 'HR059195', '0762728409', '#7Z8V8');
INSERT INTO health_referral (health_referral_id, hlkid, mbo, therapy_code) VALUES ('DGC_911932', 'HR193381', '8403764979', '#8D2H9'); --inactive, 38
INSERT INTO health_referral (health_referral_id, hlkid, mbo, therapy_code) VALUES ('DGC_718026', 'HR279089', '2102634128', '#2K6H8');
INSERT INTO health_referral (health_referral_id, hlkid, mbo, therapy_code) VALUES ('DGC_734152', 'HR212724', '3454521744', '#8D2H9');
INSERT INTO health_referral (health_referral_id, hlkid, mbo, therapy_code) VALUES ('DGC_454750', 'HR129501', '1728840072', '#7Z8V8');
INSERT INTO health_referral (health_referral_id, hlkid, mbo, therapy_code) VALUES ('DGC_406423', 'HR059195', '8041741740', '#7R3N6');
INSERT INTO health_referral (health_referral_id, hlkid, mbo, therapy_code) VALUES ('DGC_972177', 'HR040764', '2897428899', '#2J6Z7');
INSERT INTO health_referral (health_referral_id, hlkid, mbo, therapy_code) VALUES ('DGC_984421', 'HR277139', '2195515229', '#4N8P5');
INSERT INTO health_referral (health_referral_id, hlkid, mbo, therapy_code) VALUES ('DGC_292993', 'HR059195', '2120350019', '#3H4O2');
INSERT INTO health_referral (health_referral_id, hlkid, mbo, therapy_code) VALUES ('DGC_288061', 'HR277202', '5849382748', '#5R9N7'); --inactive, 46
INSERT INTO health_referral (health_referral_id, hlkid, mbo, therapy_code) VALUES ('DGC_782025', 'HR088217', '8210149171', '#5G3Y4');
INSERT INTO health_referral (health_referral_id, hlkid, mbo, therapy_code) VALUES ('DGC_804902', 'HR201981', '2897428899', '#3N4P6');
INSERT INTO health_referral (health_referral_id, hlkid, mbo, therapy_code) VALUES ('DGC_649359', 'HR058049', '2195515229', '#6W1E6');
INSERT INTO health_referral (health_referral_id, hlkid, mbo, therapy_code) VALUES ('DGC_185028', 'HR061932', '5461376299', '#5G3Y4');
INSERT INTO health_referral (health_referral_id, hlkid, mbo, therapy_code) VALUES ('DGC_092830', 'HR058152', '7548622384', '#8H6H1');
INSERT INTO health_referral (health_referral_id, hlkid, mbo, therapy_code) VALUES ('DGC_505145', 'HR275367', '3343328062', '#2K6H8');
INSERT INTO health_referral (health_referral_id, hlkid, mbo, therapy_code) VALUES ('DGC_008831', 'HR205442', '0901656844', '#8I5F5');
INSERT INTO health_referral (health_referral_id, hlkid, mbo, therapy_code) VALUES ('DGC_057099', 'HR291036', '6973581952', '#8K1H7');
INSERT INTO health_referral (health_referral_id, hlkid, mbo, therapy_code) VALUES ('DGC_842358', 'HR021766', '5216017589', '#9M8D2');
INSERT INTO health_referral (health_referral_id, hlkid, mbo, therapy_code) VALUES ('DGC_401724', 'HR294673', '3576599745', '#6W1E6');
INSERT INTO health_referral (health_referral_id, hlkid, mbo, therapy_code) VALUES ('DGC_871025', 'HR012970', '1057437578', '#8I5F5');
INSERT INTO health_referral (health_referral_id, hlkid, mbo, therapy_code) VALUES ('DGC_705709', 'HR012029', '0901656844', '#2T8L4');
INSERT INTO health_referral (health_referral_id, hlkid, mbo, therapy_code) VALUES ('DGC_313109', 'HR165687', '4826826688', '#1V2V2');
INSERT INTO health_referral (health_referral_id, hlkid, mbo, therapy_code) VALUES ('DGC_735790', 'HR011476', '9513622673', '#6L2M9');
INSERT INTO health_referral (health_referral_id, hlkid, mbo, therapy_code) VALUES ('DGC_155113', 'HR123338', '8210149171', '#9P3R1');
INSERT INTO health_referral (health_referral_id, hlkid, mbo, therapy_code) VALUES ('DGC_736441', 'HR218836', '5939600696', '#6F2G1');
INSERT INTO health_referral (health_referral_id, hlkid, mbo, therapy_code) VALUES ('DGC_285399', 'HR072116', '3060373849', '#3J6K2');
INSERT INTO health_referral (health_referral_id, hlkid, mbo, therapy_code) VALUES ('DGC_340409', 'HR291036', '5799538838', '#7P3Y5');
INSERT INTO health_referral (health_referral_id, hlkid, mbo, therapy_code) VALUES ('DGC_402324', 'HR228690', '6952783293', '#8K1H7');
INSERT INTO health_referral (health_referral_id, hlkid, mbo, therapy_code) VALUES ('DGC_324600', 'HR136927', '5564061312', '#8L2Q4');
INSERT INTO health_referral (health_referral_id, hlkid, mbo, therapy_code) VALUES ('DGC_089968', 'HR222183', '6973581952', '#9P3R1'); --inactive, 67
INSERT INTO health_referral (health_referral_id, hlkid, mbo, therapy_code) VALUES ('DGC_627168', 'HR144610', '6211425502', '#8K1H7');
INSERT INTO health_referral (health_referral_id, hlkid, mbo, therapy_code) VALUES ('DGC_399384', 'HR140833', '7063566406', '#4W3F2');
INSERT INTO health_referral (health_referral_id, hlkid, mbo, therapy_code) VALUES ('DGC_730346', 'HR286712', '5726645818', '#5I9K8');
INSERT INTO health_referral (health_referral_id, hlkid, mbo, therapy_code) VALUES ('DGC_397567', 'HR256292', '6268486916', '#9P3R1');
INSERT INTO health_referral (health_referral_id, hlkid, mbo, therapy_code) VALUES ('DGC_801122', 'HR229631', '9235556428', '#8L2Q4');
INSERT INTO health_referral (health_referral_id, hlkid, mbo, therapy_code) VALUES ('DGC_683876', 'HR184734', '5216017589', '#4C7X3');
INSERT INTO health_referral (health_referral_id, hlkid, mbo, therapy_code) VALUES ('DGC_086206', 'HR164662', '2285196338', '#2J6Z7');
INSERT INTO health_referral (health_referral_id, hlkid, mbo, therapy_code) VALUES ('DGC_088898', 'HR291036', '6136215204', '#6B5Q3');
INSERT INTO health_referral (health_referral_id, hlkid, mbo, therapy_code) VALUES ('DGC_291027', 'HR223924', '9389841365', '#6W1E6');
INSERT INTO health_referral (health_referral_id, hlkid, mbo, therapy_code) VALUES ('DGC_233546', 'HR178655', '6075500048', '#6L2M9'); --inactive, 77
INSERT INTO health_referral (health_referral_id, hlkid, mbo, therapy_code) VALUES ('DGC_236774', 'HR031606', '5799538838', '#9P3R1');
INSERT INTO health_referral (health_referral_id, hlkid, mbo, therapy_code) VALUES ('DGC_853175', 'HR246111', '5799538838', '#6F2G1');
INSERT INTO health_referral (health_referral_id, hlkid, mbo, therapy_code) VALUES ('DGC_033885', 'HR067928', '8358474131', '#2T8L4');
INSERT INTO health_referral (health_referral_id, hlkid, mbo, therapy_code) VALUES ('DGC_746545', 'HR208776', '2897428899', '#9P1H4');
INSERT INTO health_referral (health_referral_id, hlkid, mbo, therapy_code) VALUES ('DGC_574515', 'HR148454', '9226487941', '#6F2G1');
INSERT INTO health_referral (health_referral_id, hlkid, mbo, therapy_code) VALUES ('DGC_076714', 'HR191981', '3864838679', '#6B5Q3');
INSERT INTO health_referral (health_referral_id, hlkid, mbo, therapy_code) VALUES ('DGC_175536', 'HR031403', '9895283067', '#2T8L4');
INSERT INTO health_referral (health_referral_id, hlkid, mbo, therapy_code) VALUES ('DGC_636680', 'HR135774', '6858724683', '#9P3R1');
INSERT INTO health_referral (health_referral_id, hlkid, mbo, therapy_code) VALUES ('DGC_958623', 'HR189317', '5769143984', '#6F2G1');


INSERT INTO therapy (id, patient_id, therapy_type_id, therapy_status, request_date) VALUES (1, 73, 35, 'VERIFIED', '2024-01-02T11:57');
INSERT INTO therapy (id, patient_id, therapy_type_id, therapy_status, request_date) VALUES (2, 43, 8, 'VERIFIED', '2024-01-02T15:28');
INSERT INTO therapy (id, patient_id, therapy_type_id, therapy_status, request_date) VALUES (3, 85, 33, 'DECLINED', '2024-01-01T08:01');
INSERT INTO therapy (id, patient_id, therapy_type_id, therapy_status, request_date) VALUES (4, 45, 20, 'VERIFIED', '2023-12-18T12:00');
INSERT INTO therapy (id, patient_id, therapy_type_id, therapy_status, request_date) VALUES (5, 90, 32, 'VERIFIED', '2023-12-24T12:51');
INSERT INTO therapy (id, patient_id, therapy_type_id, therapy_status, request_date) VALUES (6, 91, 20, 'VERIFIED', '2023-12-18T19:20');
INSERT INTO therapy (id, patient_id, therapy_type_id, therapy_status, request_date) VALUES (7, 93, 6, 'VERIFIED', '2023-12-25T10:45');
INSERT INTO therapy (id, patient_id, therapy_type_id, therapy_status, request_date) VALUES (8, 18, 20, 'VERIFIED', '2023-12-15T12:43');
INSERT INTO therapy (id, patient_id, therapy_type_id, therapy_status, request_date) VALUES (9, 79, 37, 'VERIFIED', '2023-12-31T09:39');
INSERT INTO therapy (id, patient_id, therapy_type_id, therapy_status, request_date) VALUES (10, 70, 31, 'VERIFIED', '2023-12-15T09:14');
INSERT INTO therapy (id, patient_id, therapy_type_id, therapy_status, request_date) VALUES (11, 69, 7, 'VERIFIED', '2023-12-23T19:21');
INSERT INTO therapy (id, patient_id, therapy_type_id, therapy_status, request_date) VALUES (12, 99, 14, 'VERIFIED', '2023-12-25T11:45');
INSERT INTO therapy (id, patient_id, therapy_type_id, therapy_status, request_date) VALUES (13, 31, 35, 'VERIFIED', '2023-12-20T16:23');
INSERT INTO therapy (id, patient_id, therapy_type_id, therapy_status, request_date) VALUES (14, 22, 29, 'VERIFIED', '2023-12-29T09:48');
INSERT INTO therapy (id, patient_id, therapy_type_id, therapy_status, request_date) VALUES (15, 19, 12, 'PENDING', '2024-01-12T15:33');
INSERT INTO therapy (id, patient_id, therapy_type_id, therapy_status, request_date) VALUES (16, 103, 27, 'VERIFIED', '2023-12-21T15:13');
INSERT INTO therapy (id, patient_id, therapy_type_id, therapy_status, request_date) VALUES (17, 17, 5, 'VERIFIED', '2024-01-09T12:26');
INSERT INTO therapy (id, patient_id, therapy_type_id, therapy_status, request_date) VALUES (18, 71, 10, 'VERIFIED', '2024-01-02T16:24');
INSERT INTO therapy (id, patient_id, therapy_type_id, therapy_status, request_date) VALUES (19, 36, 30, 'VERIFIED', '2023-12-24T12:49');
INSERT INTO therapy (id, patient_id, therapy_type_id, therapy_status, request_date) VALUES (20, 33, 10, 'VERIFIED', '2023-12-15T15:57');
INSERT INTO therapy (id, patient_id, therapy_type_id, therapy_status, request_date) VALUES (21, 47, 8, 'VERIFIED', '2024-01-01T16:28');
INSERT INTO therapy (id, patient_id, therapy_type_id, therapy_status, request_date) VALUES (22, 66, 6, 'DECLINED', '2023-12-16T12:30');
INSERT INTO therapy (id, patient_id, therapy_type_id, therapy_status, request_date) VALUES (23, 89, 33, 'PENDING', '2024-01-11T13:09');
INSERT INTO therapy (id, patient_id, therapy_type_id, therapy_status, request_date) VALUES (24, 38, 16, 'VERIFIED', '2023-12-19T16:13');
INSERT INTO therapy (id, patient_id, therapy_type_id, therapy_status, request_date) VALUES (25, 9, 20, 'VERIFIED', '2024-01-10T15:33');
INSERT INTO therapy (id, patient_id, therapy_type_id, therapy_status, request_date) VALUES (26, 76, 21, 'VERIFIED', '2023-12-21T11:21');
INSERT INTO therapy (id, patient_id, therapy_type_id, therapy_status, request_date) VALUES (27, 102, 11, 'PENDING', '2024-01-12T16:31');
INSERT INTO therapy (id, patient_id, therapy_type_id, therapy_status, request_date) VALUES (28, 48, 23, 'VERIFIED', '2024-01-06T10:38');
INSERT INTO therapy (id, patient_id, therapy_type_id, therapy_status, request_date) VALUES (29, 21, 34, 'VERIFIED', '2024-01-07T17:56');
INSERT INTO therapy (id, patient_id, therapy_type_id, therapy_status, request_date) VALUES (30, 39, 6, 'VERIFIED', '2024-01-10T18:12');
INSERT INTO therapy (id, patient_id, therapy_type_id, therapy_status, request_date) VALUES (31, 92, 27, 'VERIFIED', '2024-01-03T12:33');
INSERT INTO therapy (id, patient_id, therapy_type_id, therapy_status, request_date) VALUES (32, 11, 7, 'VERIFIED', '2024-01-09T15:01');
INSERT INTO therapy (id, patient_id, therapy_type_id, therapy_status, request_date) VALUES (33, 74, 27, 'VERIFIED', '2023-12-24T13:00');
INSERT INTO therapy (id, patient_id, therapy_type_id, therapy_status, request_date) VALUES (34, 88, 14, 'VERIFIED', '2023-12-24T15:13');
INSERT INTO therapy (id, patient_id, therapy_type_id, therapy_status, request_date) VALUES (35, 68, 10, 'VERIFIED', '2024-01-07T09:04');
INSERT INTO therapy (id, patient_id, therapy_type_id, therapy_status, request_date) VALUES (36, 75, 2, 'VERIFIED', '2023-12-18T09:27');
INSERT INTO therapy (id, patient_id, therapy_type_id, therapy_status, request_date) VALUES (37, 14, 34, 'VERIFIED', '2023-12-26T09:15');
INSERT INTO therapy (id, patient_id, therapy_type_id, therapy_status, request_date) VALUES (38, 51, 37, 'DECLINED', '2023-12-27T09:24');
INSERT INTO therapy (id, patient_id, therapy_type_id, therapy_status, request_date) VALUES (39, 34, 34, 'VERIFIED', '2023-12-17T12:56');
INSERT INTO therapy (id, patient_id, therapy_type_id, therapy_status, request_date) VALUES (40, 28, 2, 'VERIFIED', '2024-01-01T11:06');
INSERT INTO therapy (id, patient_id, therapy_type_id, therapy_status, request_date) VALUES (41, 50, 11, 'VERIFIED', '2023-12-31T11:37');
INSERT INTO therapy (id, patient_id, therapy_type_id, therapy_status, request_date) VALUES (42, 42, 30, 'VERIFIED', '2024-01-06T11:31');
INSERT INTO therapy (id, patient_id, therapy_type_id, therapy_status, request_date) VALUES (43, 29, 10, 'VERIFIED', '2024-01-10T15:07');
INSERT INTO therapy (id, patient_id, therapy_type_id, therapy_status, request_date) VALUES (44, 35, 12, 'VERIFIED', '2023-12-26T17:50');
INSERT INTO therapy (id, patient_id, therapy_type_id, therapy_status, request_date) VALUES (45, 40, 24, 'VERIFIED', '2023-12-22T17:08');
INSERT INTO therapy (id, patient_id, therapy_type_id, therapy_status, request_date) VALUES (46, 8, 1, 'DECLINED', '2023-12-27T08:57');
INSERT INTO therapy (id, patient_id, therapy_type_id, therapy_status, request_date) VALUES (47, 5, 21, 'VERIFIED', '2024-01-07T14:53');
INSERT INTO therapy (id, patient_id, therapy_type_id, therapy_status, request_date) VALUES (48, 26, 18, 'VERIFIED', '2023-12-24T16:43');
INSERT INTO therapy (id, patient_id, therapy_type_id, therapy_status, request_date) VALUES (49, 95, 1, 'VERIFIED', '2023-12-28T18:43');
INSERT INTO therapy (id, patient_id, therapy_type_id, therapy_status, request_date) VALUES (50, 80, 27, 'PENDING', '2024-01-11T13:10');
INSERT INTO therapy (id, patient_id, therapy_type_id, therapy_status, request_date) VALUES (51, 25, 37, 'VERIFIED', '2023-12-24T19:03');
INSERT INTO therapy (id, patient_id, therapy_type_id, therapy_status, request_date) VALUES (52, 3, 4, 'VERIFIED', '2024-01-09T17:01');
INSERT INTO therapy (id, patient_id, therapy_type_id, therapy_status, request_date) VALUES (53, 104, 25, 'VERIFIED', '2023-12-29T16:27');
INSERT INTO therapy (id, patient_id, therapy_type_id, therapy_status, request_date) VALUES (54, 37, 16, 'VERIFIED', '2024-01-08T19:26');
INSERT INTO therapy (id, patient_id, therapy_type_id, therapy_status, request_date) VALUES (55, 67, 18, 'VERIFIED', '2023-12-30T19:56');
INSERT INTO therapy (id, patient_id, therapy_type_id, therapy_status, request_date) VALUES (56, 97, 4, 'VERIFIED', '2023-12-20T15:04');
INSERT INTO therapy (id, patient_id, therapy_type_id, therapy_status, request_date) VALUES (57, 49, 17, 'VERIFIED', '2024-01-07T17:26');
INSERT INTO therapy (id, patient_id, therapy_type_id, therapy_status, request_date) VALUES (58, 78, 3, 'PENDING', '2024-01-13T12:43');
INSERT INTO therapy (id, patient_id, therapy_type_id, therapy_status, request_date) VALUES (59, 82, 36, 'VERIFIED', '2023-12-28T19:58');
INSERT INTO therapy (id, patient_id, therapy_type_id, therapy_status, request_date) VALUES (60, 84, 29, 'VERIFIED', '2023-12-19T13:31');
INSERT INTO therapy (id, patient_id, therapy_type_id, therapy_status, request_date) VALUES (61, 72, 13, 'VERIFIED', '2024-01-06T14:02');
INSERT INTO therapy (id, patient_id, therapy_type_id, therapy_status, request_date) VALUES (62, 83, 28, 'VERIFIED', '2023-12-31T13:13');
INSERT INTO therapy (id, patient_id, therapy_type_id, therapy_status, request_date) VALUES (63, 94, 15, 'VERIFIED', '2023-12-26T12:11');
INSERT INTO therapy (id, patient_id, therapy_type_id, therapy_status, request_date) VALUES (64, 87, 25, 'VERIFIED', '2023-12-29T10:01');
INSERT INTO therapy (id, patient_id, therapy_type_id, therapy_status, request_date) VALUES (65, 44, 14, 'PENDING', '2024-01-14T18:42');
INSERT INTO therapy (id, patient_id, therapy_type_id, therapy_status, request_date) VALUES (66, 10, 29, 'VERIFIED', '2023-12-29T14:34');
INSERT INTO therapy (id, patient_id, therapy_type_id, therapy_status, request_date) VALUES (67, 30, 25, 'DECLINED', '2023-12-26T19:49');
INSERT INTO therapy (id, patient_id, therapy_type_id, therapy_status, request_date) VALUES (68, 2, 23, 'VERIFIED', '2023-12-28T15:02');
INSERT INTO therapy (id, patient_id, therapy_type_id, therapy_status, request_date) VALUES (69, 16, 35, 'VERIFIED', '2023-12-18T09:48');
INSERT INTO therapy (id, patient_id, therapy_type_id, therapy_status, request_date) VALUES (70, 101, 29, 'VERIFIED', '2023-12-26T17:05');
INSERT INTO therapy (id, patient_id, therapy_type_id, therapy_status, request_date) VALUES (71, 24, 14, 'VERIFIED', '2024-01-08T12:56');
INSERT INTO therapy (id, patient_id, therapy_type_id, therapy_status, request_date) VALUES (72, 81, 5, 'VERIFIED', '2023-12-30T14:01');
INSERT INTO therapy (id, patient_id, therapy_type_id, therapy_status, request_date) VALUES (73, 7, 30, 'PENDING', '2024-01-13T18:18');
INSERT INTO therapy (id, patient_id, therapy_type_id, therapy_status, request_date) VALUES (74, 20, 19, 'VERIFIED', '2023-12-16T13:40');
INSERT INTO therapy (id, patient_id, therapy_type_id, therapy_status, request_date) VALUES (75, 86, 18, 'VERIFIED', '2024-01-03T13:51');
INSERT INTO therapy (id, patient_id, therapy_type_id, therapy_status, request_date) VALUES (76, 41, 36, 'VERIFIED', '2023-12-19T13:10');
INSERT INTO therapy (id, patient_id, therapy_type_id, therapy_status, request_date) VALUES (77, 23, 29, 'DECLINED', '2023-12-20T19:16');
INSERT INTO therapy (id, patient_id, therapy_type_id, therapy_status, request_date) VALUES (78, 27, 13, 'VERIFIED', '2023-12-23T11:41');
INSERT INTO therapy (id, patient_id, therapy_type_id, therapy_status, request_date) VALUES (79, 46, 17, 'VERIFIED', '2024-01-09T11:09');
INSERT INTO therapy (id, patient_id, therapy_type_id, therapy_status, request_date) VALUES (80, 6, 22, 'VERIFIED', '2023-12-23T10:48');
INSERT INTO therapy (id, patient_id, therapy_type_id, therapy_status, request_date) VALUES (81, 105, 13, 'VERIFIED', '2023-12-23T11:15');
INSERT INTO therapy (id, patient_id, therapy_type_id, therapy_status, request_date) VALUES (82, 13, 19, 'VERIFIED', '2023-12-21T15:39');
INSERT INTO therapy (id, patient_id, therapy_type_id, therapy_status, request_date) VALUES (83, 32, 17, 'VERIFIED', '2023-12-30T17:00');
INSERT INTO therapy (id, patient_id, therapy_type_id, therapy_status, request_date) VALUES (84, 98, 29, 'VERIFIED', '2023-12-18T15:57');
INSERT INTO therapy (id, patient_id, therapy_type_id, therapy_status, request_date) VALUES (85, 15, 13, 'PENDING', '2024-01-14T12:19');

INSERT INTO appointment (id, date_time, employee_id, patient_id, therapy_id, session_notes) VALUES (1, '2024-01-04T18:00', 131, 73, 1, 'Initiated post-operative exercises, patient tolerating well.'); --#5I9K8, 35
INSERT INTO appointment (id, date_time, employee_id, patient_id, therapy_id, session_notes) VALUES (2, '2024-01-08T18:00', 131, 73, 1, 'Patient shows early signs of recovery, improved mobility.'); --#5I9K8, 35
INSERT INTO appointment (id, date_time, employee_id, patient_id, therapy_id, session_notes) VALUES (3, '2024-01-10T18:00', 134, 73, 1, 'Good progress, focusing on regaining strength in affected area.'); --#5I9K8, 35
INSERT INTO appointment (id, date_time, employee_id, patient_id, therapy_id, session_notes) VALUES (4, '2024-01-12T18:00', 134, 73, 1, 'Notable improvement in surgical recovery, reduced pain.'); --#5I9K8, 35
INSERT INTO appointment (id, date_time, employee_id, patient_id, therapy_id, session_notes) VALUES (5, '2024-01-15T18:00', 129, 73, 1, ''); --#5I9K8, 35
INSERT INTO appointment (id, date_time, employee_id, patient_id, therapy_id, session_notes) VALUES (6, '2024-01-17T18:00', 131, 73, 1, ''); --#5I9K8, 35
INSERT INTO appointment (id, date_time, employee_id, patient_id, therapy_id, session_notes) VALUES (7, '2024-01-22T18:00', 134, 73, 1, ''); --#5I9K8, 35
INSERT INTO appointment (id, date_time, employee_id, patient_id, therapy_id, session_notes) VALUES (8, '2024-01-25T18:00', 131, 73, 1, ''); --#5I9K8, 35
INSERT INTO appointment (id, date_time, employee_id, patient_id, therapy_id, session_notes) VALUES (9, '2024-01-29T18:00', 131, 73, 1, ''); --#5I9K8, 35
INSERT INTO appointment (id, date_time, employee_id, patient_id, therapy_id, session_notes) VALUES (10, '2024-01-31T18:00', 131, 73, 1, ''); --#5I9K8, 35
INSERT INTO appointment (id, date_time, employee_id, patient_id, therapy_id, session_notes) VALUES (11, '2024-02-02T18:00', 134, 73, 1, ''); --#5I9K8, 35
INSERT INTO appointment (id, date_time, employee_id, patient_id, therapy_id, session_notes) VALUES (12, '2024-02-05T18:00', 131, 73, 1, ''); --#5I9K8, 35
INSERT INTO appointment (id, date_time, employee_id, patient_id, therapy_id, session_notes) VALUES (13, '2024-01-04T12:00', 150, 43, 2, 'Began therapy with gentle stretching, pain management strategies in place.'); --#1G8Z3, 8
INSERT INTO appointment (id, date_time, employee_id, patient_id, therapy_id, session_notes) VALUES (14, '2024-01-08T12:00', 149, 43, 2, 'Slight reduction in tenderness, patient tolerating exercises well.'); --#1G8Z3, 8
INSERT INTO appointment (id, date_time, employee_id, patient_id, therapy_id, session_notes) VALUES (15, '2024-01-09T12:00', 133, 43, 2, 'Patient shows progress in pain reduction and mobility.'); --#1G8Z3, 8
INSERT INTO appointment (id, date_time, employee_id, patient_id, therapy_id, session_notes) VALUES (16, '2024-01-10T12:00', 150, 43, 2, 'Further gains in tendon strength, continuing with progressive exercises.'); --#1G8Z3, 8
INSERT INTO appointment (id, date_time, employee_id, patient_id, therapy_id, session_notes) VALUES (17, '2024-01-15T12:00', 149, 43, 2, ''); --#1G8Z3, 8
INSERT INTO appointment (id, date_time, employee_id, patient_id, therapy_id, session_notes) VALUES (18, '2024-01-18T12:00', 133, 43, 2, ''); --#1G8Z3, 8
INSERT INTO appointment (id, date_time, employee_id, patient_id, therapy_id, session_notes) VALUES (19, '2024-01-19T12:00', 150, 43, 2, ''); --#1G8Z3, 8
INSERT INTO appointment (id, date_time, employee_id, patient_id, therapy_id, session_notes) VALUES (20, '2024-01-22T12:00', 149, 43, 2, ''); --#1G8Z3, 8
INSERT INTO appointment (id, date_time, employee_id, patient_id, therapy_id, session_notes) VALUES (21, '2024-01-25T12:00', 149, 43, 2, ''); --#1G8Z3, 8
INSERT INTO appointment (id, date_time, employee_id, patient_id, therapy_id, session_notes) VALUES (22, '2024-01-26T12:00', 150, 43, 2, ''); --#1G8Z3, 8
INSERT INTO appointment (id, date_time, employee_id, patient_id, therapy_id, session_notes) VALUES (23, '2024-01-04T14:00', 150, 85, 3, ''); --#5Z9B5, 33
INSERT INTO appointment (id, date_time, employee_id, patient_id, therapy_id, session_notes) VALUES (24, '2024-01-08T14:00', 133, 85, 3, ''); --#5Z9B5, 33
INSERT INTO appointment (id, date_time, employee_id, patient_id, therapy_id, session_notes) VALUES (25, '2024-01-11T14:00', 150, 85, 3, ''); --#5Z9B5, 33
INSERT INTO appointment (id, date_time, employee_id, patient_id, therapy_id, session_notes) VALUES (26, '2024-01-12T14:00', 133, 85, 3, ''); --#5Z9B5, 33
INSERT INTO appointment (id, date_time, employee_id, patient_id, therapy_id, session_notes) VALUES (27, '2024-01-15T14:00', 133, 85, 3, ''); --#5Z9B5, 33
INSERT INTO appointment (id, date_time, employee_id, patient_id, therapy_id, session_notes) VALUES (28, '2024-01-16T14:00', 149, 85, 3, ''); --#5Z9B5, 33
INSERT INTO appointment (id, date_time, employee_id, patient_id, therapy_id, session_notes) VALUES (29, '2024-01-17T14:00', 149, 85, 3, ''); --#5Z9B5, 33
INSERT INTO appointment (id, date_time, employee_id, patient_id, therapy_id, session_notes) VALUES (30, '2024-01-22T14:00', 150, 85, 3, ''); --#5Z9B5, 33
INSERT INTO appointment (id, date_time, employee_id, patient_id, therapy_id, session_notes) VALUES (31, '2024-01-11T13:00', 135, 45, 4, 'Initiated gentle calf and Achilles stretching.'); --#5C3G3, 20
INSERT INTO appointment (id, date_time, employee_id, patient_id, therapy_id, session_notes) VALUES (32, '2024-01-15T13:00', 126, 45, 4, ''); --#5C3G3, 20
INSERT INTO appointment (id, date_time, employee_id, patient_id, therapy_id, session_notes) VALUES (33, '2024-01-17T13:00', 139, 45, 4, ''); --#5C3G3, 20
INSERT INTO appointment (id, date_time, employee_id, patient_id, therapy_id, session_notes) VALUES (34, '2024-01-22T13:00', 130, 45, 4, ''); --#5C3G3, 20
INSERT INTO appointment (id, date_time, employee_id, patient_id, therapy_id, session_notes) VALUES (35, '2024-01-25T13:00', 148, 45, 4, ''); --#5C3G3, 20
INSERT INTO appointment (id, date_time, employee_id, patient_id, therapy_id, session_notes) VALUES (36, '2024-01-26T13:00', 135, 45, 4, ''); --#5C3G3, 20
INSERT INTO appointment (id, date_time, employee_id, patient_id, therapy_id, session_notes) VALUES (37, '2024-01-29T13:00', 140, 45, 4, ''); --#5C3G3, 20
INSERT INTO appointment (id, date_time, employee_id, patient_id, therapy_id, session_notes) VALUES (38, '2024-02-01T13:00', 137, 45, 4, ''); --#5C3G3, 20
INSERT INTO appointment (id, date_time, employee_id, patient_id, therapy_id, session_notes) VALUES (39, '2024-02-05T13:00', 132, 45, 4, ''); --#5C3G3, 20
INSERT INTO appointment (id, date_time, employee_id, patient_id, therapy_id, session_notes) VALUES (40, '2024-02-08T13:00', 148, 45, 4, ''); --#5C3G3, 20
INSERT INTO appointment (id, date_time, employee_id, patient_id, therapy_id, session_notes) VALUES (41, '2024-02-12T13:00', 148, 45, 4, ''); --#5C3G3, 20
INSERT INTO appointment (id, date_time, employee_id, patient_id, therapy_id, session_notes) VALUES (42, '2024-02-14T13:00', 142, 45, 4, ''); --#5C3G3, 20
INSERT INTO appointment (id, date_time, employee_id, patient_id, therapy_id, session_notes) VALUES (43, '2023-12-25T10:00', 149, 90, 5, 'Initiated post-operative care, focusing on reducing swelling.'); --#5M8P4, 32
INSERT INTO appointment (id, date_time, employee_id, patient_id, therapy_id, session_notes) VALUES (44, '2023-12-27T10:00', 149, 90, 5, 'Patient shows reduction in swelling, improved comfort.'); --#5M8P4, 32
INSERT INTO appointment (id, date_time, employee_id, patient_id, therapy_id, session_notes) VALUES (45, '2024-01-01T10:00', 150, 90, 5, 'Good progress, continued with gentle mobilization exercises.'); --#5M8P4, 32
INSERT INTO appointment (id, date_time, employee_id, patient_id, therapy_id, session_notes) VALUES (46, '2024-01-03T10:00', 150, 90, 5, 'Notable decrease in post-operative swelling, increased range of motion.'); --#5M8P4, 32
INSERT INTO appointment (id, date_time, employee_id, patient_id, therapy_id, session_notes) VALUES (47, '2024-01-08T10:00', 133, 90, 5, 'Patient reports less discomfort, better overall function.'); --#5M8P4, 32
INSERT INTO appointment (id, date_time, employee_id, patient_id, therapy_id, session_notes) VALUES (48, '2024-01-09T10:00', 149, 90, 5, 'Excellent recovery, swelling significantly reduced, continue with maintenance exercises.'); --#5M8P4, 32
INSERT INTO appointment (id, date_time, employee_id, patient_id, therapy_id, session_notes) VALUES (49, '2024-01-10T13:00', 148, 91, 6, 'Initiated gentle calf and Achilles stretching.'); --#5C3G3, 20
INSERT INTO appointment (id, date_time, employee_id, patient_id, therapy_id, session_notes) VALUES (50, '2024-01-15T13:00', 142, 91, 6, ''); --#5C3G3, 20
INSERT INTO appointment (id, date_time, employee_id, patient_id, therapy_id, session_notes) VALUES (51, '2024-01-18T13:00', 143, 91, 6, ''); --#5C3G3, 20
INSERT INTO appointment (id, date_time, employee_id, patient_id, therapy_id, session_notes) VALUES (52, '2024-01-22T13:00', 137, 91, 6, ''); --#5C3G3, 20
INSERT INTO appointment (id, date_time, employee_id, patient_id, therapy_id, session_notes) VALUES (53, '2024-01-23T13:00', 130, 91, 6, ''); --#5C3G3, 20
INSERT INTO appointment (id, date_time, employee_id, patient_id, therapy_id, session_notes) VALUES (54, '2024-01-26T13:00', 143, 91, 6, ''); --#5C3G3, 20
INSERT INTO appointment (id, date_time, employee_id, patient_id, therapy_id, session_notes) VALUES (55, '2024-01-29T13:00', 126, 91, 6, ''); --#5C3G3, 20
INSERT INTO appointment (id, date_time, employee_id, patient_id, therapy_id, session_notes) VALUES (56, '2024-02-01T13:00', 130, 91, 6, ''); --#5C3G3, 20
INSERT INTO appointment (id, date_time, employee_id, patient_id, therapy_id, session_notes) VALUES (57, '2024-02-02T13:00', 130, 91, 6, ''); --#5C3G3, 20
INSERT INTO appointment (id, date_time, employee_id, patient_id, therapy_id, session_notes) VALUES (58, '2024-02-05T13:00', 141, 91, 6, ''); --#5C3G3, 20
INSERT INTO appointment (id, date_time, employee_id, patient_id, therapy_id, session_notes) VALUES (59, '2024-02-06T13:00', 126, 91, 6, ''); --#5C3G3, 20
INSERT INTO appointment (id, date_time, employee_id, patient_id, therapy_id, session_notes) VALUES (60, '2024-02-08T13:00', 135, 91, 6, ''); --#5C3G3, 20
INSERT INTO appointment (id, date_time, employee_id, patient_id, therapy_id, session_notes) VALUES (61, '2023-12-29T16:00', 142, 93, 7, 'Assessment complete, initiated wrist mobility exercises.'); --#1R2Y1, 6
INSERT INTO appointment (id, date_time, employee_id, patient_id, therapy_id, session_notes) VALUES (62, '2024-01-01T16:00', 143, 93, 7, 'Patient reports less numbness, improved hand function.'); --#1R2Y1, 6
INSERT INTO appointment (id, date_time, employee_id, patient_id, therapy_id, session_notes) VALUES (63, '2024-01-02T16:00', 135, 93, 7, 'Good progress, wrist strength exercises introduced.'); --#1R2Y1, 6
INSERT INTO appointment (id, date_time, employee_id, patient_id, therapy_id, session_notes) VALUES (64, '2024-01-05T16:00', 139, 93, 7, 'Notable reduction in nighttime symptoms, ergonomic adjustments helpful.'); --#1R2Y1, 6
INSERT INTO appointment (id, date_time, employee_id, patient_id, therapy_id, session_notes) VALUES (65, '2024-01-08T16:00', 148, 93, 7, 'Patient able to perform fine motor tasks more easily.'); --#1R2Y1, 6
INSERT INTO appointment (id, date_time, employee_id, patient_id, therapy_id, session_notes) VALUES (66, '2024-01-09T16:00', 146, 93, 7, 'Continued improvement, focusing on flexibility and strength.'); --#1R2Y1, 6
INSERT INTO appointment (id, date_time, employee_id, patient_id, therapy_id, session_notes) VALUES (67, '2024-01-12T16:00', 141, 93, 7, 'Significant gains in wrist and hand function.'); --#1R2Y1, 6
INSERT INTO appointment (id, date_time, employee_id, patient_id, therapy_id, session_notes) VALUES (68, '2024-01-15T16:00', 141, 93, 7, ''); --#1R2Y1, 6
INSERT INTO appointment (id, date_time, employee_id, patient_id, therapy_id, session_notes) VALUES (69, '2024-01-08T11:00', 143, 18, 8, 'Initiated gentle calf and Achilles stretching.'); --#5C3G3, 20
INSERT INTO appointment (id, date_time, employee_id, patient_id, therapy_id, session_notes) VALUES (70, '2024-01-11T11:00', 148, 18, 8, 'Patient reports less stiffness and pain in Achilles tendon.'); --#5C3G3, 20
INSERT INTO appointment (id, date_time, employee_id, patient_id, therapy_id, session_notes) VALUES (71, '2024-01-15T11:00', 148, 18, 8, ''); --#5C3G3, 20
INSERT INTO appointment (id, date_time, employee_id, patient_id, therapy_id, session_notes) VALUES (72, '2024-01-17T11:00', 135, 18, 8, ''); --#5C3G3, 20
INSERT INTO appointment (id, date_time, employee_id, patient_id, therapy_id, session_notes) VALUES (73, '2024-01-22T11:00', 126, 18, 8, ''); --#5C3G3, 20
INSERT INTO appointment (id, date_time, employee_id, patient_id, therapy_id, session_notes) VALUES (74, '2024-01-25T11:00', 148, 18, 8, ''); --#5C3G3, 20
INSERT INTO appointment (id, date_time, employee_id, patient_id, therapy_id, session_notes) VALUES (75, '2024-01-29T11:00', 140, 18, 8, ''); --#5C3G3, 20
INSERT INTO appointment (id, date_time, employee_id, patient_id, therapy_id, session_notes) VALUES (76, '2024-01-30T11:00', 141, 18, 8, ''); --#5C3G3, 20
INSERT INTO appointment (id, date_time, employee_id, patient_id, therapy_id, session_notes) VALUES (77, '2024-02-02T11:00', 132, 18, 8, ''); --#5C3G3, 20
INSERT INTO appointment (id, date_time, employee_id, patient_id, therapy_id, session_notes) VALUES (78, '2024-02-05T11:00', 137, 18, 8, ''); --#5C3G3, 20
INSERT INTO appointment (id, date_time, employee_id, patient_id, therapy_id, session_notes) VALUES (79, '2024-02-08T11:00', 144, 18, 8, ''); --#5C3G3, 20
INSERT INTO appointment (id, date_time, employee_id, patient_id, therapy_id, session_notes) VALUES (80, '2024-02-09T11:00', 135, 18, 8, ''); --#5C3G3, 20
INSERT INTO appointment (id, date_time, employee_id, patient_id, therapy_id, session_notes) VALUES (81, '2024-01-02T08:00', 147, 79, 9, 'Initiated therapy focusing on pain relief and muscle relaxation.'); --#2K6H8, 37
INSERT INTO appointment (id, date_time, employee_id, patient_id, therapy_id, session_notes) VALUES (82, '2024-01-03T08:00', 128, 79, 9, 'Patient reports less muscle pain, improved sleep quality.'); --#2K6H8, 37
INSERT INTO appointment (id, date_time, employee_id, patient_id, therapy_id, session_notes) VALUES (83, '2024-01-04T08:00', 147, 79, 9, 'Good progress, introduced therapeutic exercises for pain management.'); --#2K6H8, 37
INSERT INTO appointment (id, date_time, employee_id, patient_id, therapy_id, session_notes) VALUES (84, '2024-01-08T08:00', 147, 79, 9, 'Notable reduction in chronic muscle pain, patient more active.'); --#2K6H8, 37
INSERT INTO appointment (id, date_time, employee_id, patient_id, therapy_id, session_notes) VALUES (85, '2024-01-10T08:00', 147, 79, 9, 'Patient engaging in daily tasks with greater ease and comfort.'); --#2K6H8, 37
INSERT INTO appointment (id, date_time, employee_id, patient_id, therapy_id, session_notes) VALUES (86, '2024-01-12T08:00', 147, 79, 9, 'Continued improvement in managing chronic pain.'); --#2K6H8, 37
INSERT INTO appointment (id, date_time, employee_id, patient_id, therapy_id, session_notes) VALUES (87, '2024-01-15T08:00', 128, 79, 9, ''); --#2K6H8, 37
INSERT INTO appointment (id, date_time, employee_id, patient_id, therapy_id, session_notes) VALUES (88, '2024-01-11T14:00', 127, 70, 10, 'Began with pain assessment and gentle exercises.'); --#7X4N5, 31
INSERT INTO appointment (id, date_time, employee_id, patient_id, therapy_id, session_notes) VALUES (89, '2024-01-15T14:00', 127, 70, 10, ''); --#7X4N5, 31
INSERT INTO appointment (id, date_time, employee_id, patient_id, therapy_id, session_notes) VALUES (90, '2024-01-17T14:00', 127, 70, 10, ''); --#7X4N5, 31
INSERT INTO appointment (id, date_time, employee_id, patient_id, therapy_id, session_notes) VALUES (91, '2024-01-19T14:00', 136, 70, 10, ''); --#7X4N5, 31
INSERT INTO appointment (id, date_time, employee_id, patient_id, therapy_id, session_notes) VALUES (92, '2024-01-22T14:00', 127, 70, 10, ''); --#7X4N5, 31
INSERT INTO appointment (id, date_time, employee_id, patient_id, therapy_id, session_notes) VALUES (93, '2024-01-23T14:00', 127, 70, 10, ''); --#7X4N5, 31
INSERT INTO appointment (id, date_time, employee_id, patient_id, therapy_id, session_notes) VALUES (94, '2023-12-28T19:00', 150, 69, 11, 'Started with low-impact exercises, patient adapting well.'); --#6F6P9, 7
INSERT INTO appointment (id, date_time, employee_id, patient_id, therapy_id, session_notes) VALUES (95, '2023-12-29T19:00', 150, 69, 11, 'Patient reports reduced joint stiffness, especially in the morning.'); --#6F6P9, 7
INSERT INTO appointment (id, date_time, employee_id, patient_id, therapy_id, session_notes) VALUES (96, '2024-01-01T19:00', 149, 69, 11, 'Continued progress with range of motion exercises.'); --#6F6P9, 7
INSERT INTO appointment (id, date_time, employee_id, patient_id, therapy_id, session_notes) VALUES (97, '2024-01-02T19:00', 150, 69, 11, 'Notable decrease in joint pain, increased exercise intensity.'); --#6F6P9, 7
INSERT INTO appointment (id, date_time, employee_id, patient_id, therapy_id, session_notes) VALUES (98, '2024-01-04T19:00', 150, 69, 11, 'Patient more active, managing daily activities with less pain.'); --#6F6P9, 7
INSERT INTO appointment (id, date_time, employee_id, patient_id, therapy_id, session_notes) VALUES (99, '2024-01-08T19:00', 133, 69, 11, 'Further gains in mobility and strength, pain well managed.'); --#6F6P9, 7
INSERT INTO appointment (id, date_time, employee_id, patient_id, therapy_id, session_notes) VALUES (100, '2024-01-11T19:00', 149, 69, 11, 'Significant improvement in overall joint function.'); --#6F6P9, 7
INSERT INTO appointment (id, date_time, employee_id, patient_id, therapy_id, session_notes) VALUES (101, '2024-01-12T19:00', 149, 69, 11, 'Patient reports much improved quality of life, maintain exercise routine.'); --#6F6P9, 7
INSERT INTO appointment (id, date_time, employee_id, patient_id, therapy_id, session_notes) VALUES (102, '2024-01-03T09:00', 145, 99, 12, 'Initial assessment completed, started with stretching and foam rolling.'); --#8L2Q4, 14
INSERT INTO appointment (id, date_time, employee_id, patient_id, therapy_id, session_notes) VALUES (103, '2024-01-05T09:00', 139, 99, 12, 'Patient reports reduced hip and knee pain, improvement in mobility.'); --#8L2Q4, 14
INSERT INTO appointment (id, date_time, employee_id, patient_id, therapy_id, session_notes) VALUES (104, '2024-01-08T09:00', 126, 99, 12, 'Good progress, introduced strengthening exercises for hip muscles.'); --#8L2Q4, 14
INSERT INTO appointment (id, date_time, employee_id, patient_id, therapy_id, session_notes) VALUES (105, '2024-01-09T09:00', 143, 99, 12, 'Notable reduction in pain, increased exercise intensity.'); --#8L2Q4, 14
INSERT INTO appointment (id, date_time, employee_id, patient_id, therapy_id, session_notes) VALUES (106, '2024-01-12T09:00', 141, 99, 12, 'Patient performing daily activities more comfortably.'); --#8L2Q4, 14
INSERT INTO appointment (id, date_time, employee_id, patient_id, therapy_id, session_notes) VALUES (107, '2024-01-15T09:00', 146, 99, 12, ''); --#8L2Q4, 14
INSERT INTO appointment (id, date_time, employee_id, patient_id, therapy_id, session_notes) VALUES (108, '2024-01-16T09:00', 135, 99, 12, ''); --#8L2Q4, 14
INSERT INTO appointment (id, date_time, employee_id, patient_id, therapy_id, session_notes) VALUES (109, '2024-01-19T09:00', 148, 99, 12, ''); --#8L2Q4, 14
INSERT INTO appointment (id, date_time, employee_id, patient_id, therapy_id, session_notes) VALUES (110, '2024-01-11T18:00', 138, 31, 13, 'Initiated post-operative exercises, patient tolerating well.'); --#5I9K8, 35
INSERT INTO appointment (id, date_time, employee_id, patient_id, therapy_id, session_notes) VALUES (111, '2024-01-15T18:00', 129, 31, 13, ''); --#5I9K8, 35
INSERT INTO appointment (id, date_time, employee_id, patient_id, therapy_id, session_notes) VALUES (112, '2024-01-18T18:00', 129, 31, 13, ''); --#5I9K8, 35
INSERT INTO appointment (id, date_time, employee_id, patient_id, therapy_id, session_notes) VALUES (113, '2024-01-19T18:00', 138, 31, 13, ''); --#5I9K8, 35
INSERT INTO appointment (id, date_time, employee_id, patient_id, therapy_id, session_notes) VALUES (114, '2024-01-22T18:00', 138, 31, 13, ''); --#5I9K8, 35
INSERT INTO appointment (id, date_time, employee_id, patient_id, therapy_id, session_notes) VALUES (115, '2024-01-25T18:00', 129, 31, 13, ''); --#5I9K8, 35
INSERT INTO appointment (id, date_time, employee_id, patient_id, therapy_id, session_notes) VALUES (116, '2024-01-29T18:00', 131, 31, 13, ''); --#5I9K8, 35
INSERT INTO appointment (id, date_time, employee_id, patient_id, therapy_id, session_notes) VALUES (117, '2024-01-30T18:00', 129, 31, 13, ''); --#5I9K8, 35
INSERT INTO appointment (id, date_time, employee_id, patient_id, therapy_id, session_notes) VALUES (118, '2024-02-02T18:00', 129, 31, 13, ''); --#5I9K8, 35
INSERT INTO appointment (id, date_time, employee_id, patient_id, therapy_id, session_notes) VALUES (119, '2024-02-05T18:00', 138, 31, 13, ''); --#5I9K8, 35
INSERT INTO appointment (id, date_time, employee_id, patient_id, therapy_id, session_notes) VALUES (120, '2024-02-07T18:00', 138, 31, 13, ''); --#5I9K8, 35
INSERT INTO appointment (id, date_time, employee_id, patient_id, therapy_id, session_notes) VALUES (121, '2024-02-09T18:00', 134, 31, 13, ''); --#5I9K8, 35
INSERT INTO appointment (id, date_time, employee_id, patient_id, therapy_id, session_notes) VALUES (122, '2024-01-03T13:00', 127, 22, 14, 'Began with basic motor skill exercises, patient showing initial progress.'); --#9P3R1, 29
INSERT INTO appointment (id, date_time, employee_id, patient_id, therapy_id, session_notes) VALUES (123, '2024-01-04T13:00', 127, 22, 14, 'Slight improvement in limb coordination and strength.'); --#9P3R1, 29
INSERT INTO appointment (id, date_time, employee_id, patient_id, therapy_id, session_notes) VALUES (124, '2024-01-08T13:00', 127, 22, 14, 'Patient demonstrates increased ability in daily tasks.'); --#9P3R1, 29
INSERT INTO appointment (id, date_time, employee_id, patient_id, therapy_id, session_notes) VALUES (125, '2024-01-09T13:00', 136, 22, 14, 'Good progress in regaining motor control, focusing on balance.'); --#9P3R1, 29
INSERT INTO appointment (id, date_time, employee_id, patient_id, therapy_id, session_notes) VALUES (126, '2024-01-12T13:00', 136, 22, 14, 'Notable gains in speech and cognitive functions.'); --#9P3R1, 29
INSERT INTO appointment (id, date_time, employee_id, patient_id, therapy_id, session_notes) VALUES (127, '2024-01-15T13:00', 136, 22, 14, ''); --#9P3R1, 29
INSERT INTO appointment (id, date_time, employee_id, patient_id, therapy_id, session_notes) VALUES (128, '2024-01-18T13:00', 127, 22, 14, ''); --#9P3R1, 29
INSERT INTO appointment (id, date_time, employee_id, patient_id, therapy_id, session_notes) VALUES (129, '2024-01-19T13:00', 136, 22, 14, ''); --#9P3R1, 29
INSERT INTO appointment (id, date_time, employee_id, patient_id, therapy_id, session_notes) VALUES (130, '2024-01-22T13:00', 127, 22, 14, ''); --#9P3R1, 29
INSERT INTO appointment (id, date_time, employee_id, patient_id, therapy_id, session_notes) VALUES (131, '2024-01-24T13:00', 127, 22, 14, ''); --#9P3R1, 29
INSERT INTO appointment (id, date_time, employee_id, patient_id, therapy_id, session_notes) VALUES (132, '2024-01-25T13:00', 127, 22, 14, ''); --#9P3R1, 29
INSERT INTO appointment (id, date_time, employee_id, patient_id, therapy_id, session_notes) VALUES (133, '2024-01-29T13:00', 127, 22, 14, ''); --#9P3R1, 29
INSERT INTO appointment (id, date_time, employee_id, patient_id, therapy_id, session_notes) VALUES (134, '2024-02-01T13:00', 127, 22, 14, ''); --#9P3R1, 29
INSERT INTO appointment (id, date_time, employee_id, patient_id, therapy_id, session_notes) VALUES (135, '2024-02-05T13:00', 136, 22, 14, ''); --#9P3R1, 29
INSERT INTO appointment (id, date_time, employee_id, patient_id, therapy_id, session_notes) VALUES (136, '2024-02-06T13:00', 136, 22, 14, ''); --#9P3R1, 29
INSERT INTO appointment (id, date_time, employee_id, patient_id, therapy_id, session_notes) VALUES (137, '2024-02-07T13:00', 127, 22, 14, ''); --#9P3R1, 29
INSERT INTO appointment (id, date_time, employee_id, patient_id, therapy_id, session_notes) VALUES (138, '2024-02-08T13:00', 136, 22, 14, ''); --#9P3R1, 29
INSERT INTO appointment (id, date_time, employee_id, patient_id, therapy_id, session_notes) VALUES (139, '2024-02-12T13:00', 136, 22, 14, ''); --#9P3R1, 29
INSERT INTO appointment (id, date_time, employee_id, patient_id, therapy_id, session_notes) VALUES (140, '2024-02-15T13:00', 136, 22, 14, ''); --#9P3R1, 29
INSERT INTO appointment (id, date_time, employee_id, patient_id, therapy_id, session_notes) VALUES (141, '2024-02-19T13:00', 127, 22, 14, ''); --#9P3R1, 29
INSERT INTO appointment (id, date_time, employee_id, patient_id, therapy_id, session_notes) VALUES (142, '2024-01-12T19:00', 144, 19, 15, ''); --#3H4O2, 12
INSERT INTO appointment (id, date_time, employee_id, patient_id, therapy_id, session_notes) VALUES (143, '2024-01-15T19:00', 135, 19, 15, ''); --#3H4O2, 12
INSERT INTO appointment (id, date_time, employee_id, patient_id, therapy_id, session_notes) VALUES (144, '2024-01-16T19:00', 130, 19, 15, ''); --#3H4O2, 12
INSERT INTO appointment (id, date_time, employee_id, patient_id, therapy_id, session_notes) VALUES (145, '2024-01-17T19:00', 146, 19, 15, ''); --#3H4O2, 12
INSERT INTO appointment (id, date_time, employee_id, patient_id, therapy_id, session_notes) VALUES (146, '2024-01-18T19:00', 137, 19, 15, ''); --#3H4O2, 12
INSERT INTO appointment (id, date_time, employee_id, patient_id, therapy_id, session_notes) VALUES (147, '2024-01-22T19:00', 140, 19, 15, ''); --#3H4O2, 12
INSERT INTO appointment (id, date_time, employee_id, patient_id, therapy_id, session_notes) VALUES (148, '2024-01-23T19:00', 145, 19, 15, ''); --#3H4O2, 12
INSERT INTO appointment (id, date_time, employee_id, patient_id, therapy_id, session_notes) VALUES (149, '2024-01-24T19:00', 126, 19, 15, ''); --#3H4O2, 12
INSERT INTO appointment (id, date_time, employee_id, patient_id, therapy_id, session_notes) VALUES (150, '2024-01-26T19:00', 148, 19, 15, ''); --#3H4O2, 12
INSERT INTO appointment (id, date_time, employee_id, patient_id, therapy_id, session_notes) VALUES (151, '2024-01-29T19:00', 135, 19, 15, ''); --#3H4O2, 12
INSERT INTO appointment (id, date_time, employee_id, patient_id, therapy_id, session_notes) VALUES (152, '2024-01-31T19:00', 139, 19, 15, ''); --#3H4O2, 12
INSERT INTO appointment (id, date_time, employee_id, patient_id, therapy_id, session_notes) VALUES (153, '2024-02-05T19:00', 148, 19, 15, ''); --#3H4O2, 12
INSERT INTO appointment (id, date_time, employee_id, patient_id, therapy_id, session_notes) VALUES (154, '2024-02-06T19:00', 137, 19, 15, ''); --#3H4O2, 12
INSERT INTO appointment (id, date_time, employee_id, patient_id, therapy_id, session_notes) VALUES (155, '2024-02-07T19:00', 144, 19, 15, ''); --#3H4O2, 12
INSERT INTO appointment (id, date_time, employee_id, patient_id, therapy_id, session_notes) VALUES (156, '2024-02-12T19:00', 142, 19, 15, ''); --#3H4O2, 12
INSERT INTO appointment (id, date_time, employee_id, patient_id, therapy_id, session_notes) VALUES (157, '2024-02-14T19:00', 137, 19, 15, ''); --#3H4O2, 12
INSERT INTO appointment (id, date_time, employee_id, patient_id, therapy_id, session_notes) VALUES (158, '2024-02-15T19:00', 141, 19, 15, ''); --#3H4O2, 12
INSERT INTO appointment (id, date_time, employee_id, patient_id, therapy_id, session_notes) VALUES (159, '2024-02-19T19:00', 146, 19, 15, ''); --#3H4O2, 12
INSERT INTO appointment (id, date_time, employee_id, patient_id, therapy_id, session_notes) VALUES (160, '2024-02-21T19:00', 141, 19, 15, ''); --#3H4O2, 12
INSERT INTO appointment (id, date_time, employee_id, patient_id, therapy_id, session_notes) VALUES (161, '2024-02-26T19:00', 142, 19, 15, ''); --#3H4O2, 12
INSERT INTO appointment (id, date_time, employee_id, patient_id, therapy_id, session_notes) VALUES (162, '2024-01-10T08:00', 135, 103, 16, 'Began therapy with gentle cervical mobilization.'); --#8H6H1, 27
INSERT INTO appointment (id, date_time, employee_id, patient_id, therapy_id, session_notes) VALUES (163, '2024-01-11T08:00', 144, 103, 16, 'Patient reports reduced neck pain and stiffness.'); --#8H6H1, 27
INSERT INTO appointment (id, date_time, employee_id, patient_id, therapy_id, session_notes) VALUES (164, '2024-01-15T08:00', 137, 103, 16, ''); --#8H6H1, 27
INSERT INTO appointment (id, date_time, employee_id, patient_id, therapy_id, session_notes) VALUES (165, '2024-01-16T08:00', 139, 103, 16, ''); --#8H6H1, 27
INSERT INTO appointment (id, date_time, employee_id, patient_id, therapy_id, session_notes) VALUES (166, '2024-01-19T08:00', 142, 103, 16, ''); --#8H6H1, 27
INSERT INTO appointment (id, date_time, employee_id, patient_id, therapy_id, session_notes) VALUES (167, '2024-01-22T08:00', 140, 103, 16, ''); --#8H6H1, 27
INSERT INTO appointment (id, date_time, employee_id, patient_id, therapy_id, session_notes) VALUES (168, '2024-01-23T08:00', 142, 103, 16, ''); --#8H6H1, 27
INSERT INTO appointment (id, date_time, employee_id, patient_id, therapy_id, session_notes) VALUES (169, '2024-01-25T08:00', 139, 103, 16, ''); --#8H6H1, 27
INSERT INTO appointment (id, date_time, employee_id, patient_id, therapy_id, session_notes) VALUES (170, '2024-01-26T08:00', 144, 103, 16, ''); --#8H6H1, 27
INSERT INTO appointment (id, date_time, employee_id, patient_id, therapy_id, session_notes) VALUES (171, '2024-01-29T08:00', 144, 103, 16, ''); --#8H6H1, 27
INSERT INTO appointment (id, date_time, employee_id, patient_id, therapy_id, session_notes) VALUES (172, '2024-01-11T10:00', 148, 17, 17, 'Began with basic range of motion exercises, patient coping well.'); --#4C7X3, 5
INSERT INTO appointment (id, date_time, employee_id, patient_id, therapy_id, session_notes) VALUES (173, '2024-01-15T10:00', 142, 17, 17, ''); --#4C7X3, 5
INSERT INTO appointment (id, date_time, employee_id, patient_id, therapy_id, session_notes) VALUES (174, '2024-01-16T10:00', 148, 17, 17, ''); --#4C7X3, 5
INSERT INTO appointment (id, date_time, employee_id, patient_id, therapy_id, session_notes) VALUES (175, '2024-01-19T10:00', 135, 17, 17, ''); --#4C7X3, 5
INSERT INTO appointment (id, date_time, employee_id, patient_id, therapy_id, session_notes) VALUES (176, '2024-01-22T10:00', 141, 17, 17, ''); --#4C7X3, 5
INSERT INTO appointment (id, date_time, employee_id, patient_id, therapy_id, session_notes) VALUES (177, '2024-01-25T10:00', 142, 17, 17, ''); --#4C7X3, 5
INSERT INTO appointment (id, date_time, employee_id, patient_id, therapy_id, session_notes) VALUES (178, '2024-01-29T10:00', 135, 17, 17, ''); --#4C7X3, 5
INSERT INTO appointment (id, date_time, employee_id, patient_id, therapy_id, session_notes) VALUES (179, '2024-02-01T10:00', 148, 17, 17, ''); --#4C7X3, 5
INSERT INTO appointment (id, date_time, employee_id, patient_id, therapy_id, session_notes) VALUES (180, '2024-02-05T10:00', 130, 17, 17, ''); --#4C7X3, 5
INSERT INTO appointment (id, date_time, employee_id, patient_id, therapy_id, session_notes) VALUES (181, '2024-02-08T10:00', 126, 17, 17, ''); --#4C7X3, 5
INSERT INTO appointment (id, date_time, employee_id, patient_id, therapy_id, session_notes) VALUES (182, '2024-01-15T19:00', 147, 71, 18, ''); --#4N8P5, 10
INSERT INTO appointment (id, date_time, employee_id, patient_id, therapy_id, session_notes) VALUES (183, '2024-01-18T19:00', 128, 71, 18, ''); --#4N8P5, 10
INSERT INTO appointment (id, date_time, employee_id, patient_id, therapy_id, session_notes) VALUES (184, '2024-01-19T19:00', 128, 71, 18, ''); --#4N8P5, 10
INSERT INTO appointment (id, date_time, employee_id, patient_id, therapy_id, session_notes) VALUES (185, '2024-01-22T19:00', 128, 71, 18, ''); --#4N8P5, 10
INSERT INTO appointment (id, date_time, employee_id, patient_id, therapy_id, session_notes) VALUES (186, '2024-01-25T19:00', 128, 71, 18, ''); --#4N8P5, 10
INSERT INTO appointment (id, date_time, employee_id, patient_id, therapy_id, session_notes) VALUES (187, '2024-01-26T19:00', 128, 71, 18, ''); --#4N8P5, 10
INSERT INTO appointment (id, date_time, employee_id, patient_id, therapy_id, session_notes) VALUES (188, '2024-01-29T19:00', 147, 71, 18, ''); --#4N8P5, 10
INSERT INTO appointment (id, date_time, employee_id, patient_id, therapy_id, session_notes) VALUES (189, '2024-01-30T19:00', 147, 71, 18, ''); --#4N8P5, 10
INSERT INTO appointment (id, date_time, employee_id, patient_id, therapy_id, session_notes) VALUES (190, '2024-01-12T11:00', 136, 36, 19, 'Initiated muscle strengthening exercises, patient adapting well.'); --#2J6Z7, 30
INSERT INTO appointment (id, date_time, employee_id, patient_id, therapy_id, session_notes) VALUES (191, '2024-01-15T11:00', 127, 36, 19, ''); --#2J6Z7, 30
INSERT INTO appointment (id, date_time, employee_id, patient_id, therapy_id, session_notes) VALUES (192, '2024-01-17T11:00', 136, 36, 19, ''); --#2J6Z7, 30
INSERT INTO appointment (id, date_time, employee_id, patient_id, therapy_id, session_notes) VALUES (193, '2024-01-18T11:00', 136, 36, 19, ''); --#2J6Z7, 30
INSERT INTO appointment (id, date_time, employee_id, patient_id, therapy_id, session_notes) VALUES (194, '2024-01-22T11:00', 127, 36, 19, ''); --#2J6Z7, 30
INSERT INTO appointment (id, date_time, employee_id, patient_id, therapy_id, session_notes) VALUES (195, '2024-01-23T11:00', 127, 36, 19, ''); --#2J6Z7, 30
INSERT INTO appointment (id, date_time, employee_id, patient_id, therapy_id, session_notes) VALUES (196, '2024-01-24T11:00', 136, 36, 19, ''); --#2J6Z7, 30
INSERT INTO appointment (id, date_time, employee_id, patient_id, therapy_id, session_notes) VALUES (197, '2024-01-29T11:00', 127, 36, 19, ''); --#2J6Z7, 30
INSERT INTO appointment (id, date_time, employee_id, patient_id, therapy_id, session_notes) VALUES (198, '2024-01-15T19:00', 147, 33, 20, ''); --#4N8P5, 10
INSERT INTO appointment (id, date_time, employee_id, patient_id, therapy_id, session_notes) VALUES (199, '2024-01-18T19:00', 128, 33, 20, ''); --#4N8P5, 10
INSERT INTO appointment (id, date_time, employee_id, patient_id, therapy_id, session_notes) VALUES (200, '2024-01-19T19:00', 147, 33, 20, ''); --#4N8P5, 10
INSERT INTO appointment (id, date_time, employee_id, patient_id, therapy_id, session_notes) VALUES (201, '2024-01-22T19:00', 128, 33, 20, ''); --#4N8P5, 10
INSERT INTO appointment (id, date_time, employee_id, patient_id, therapy_id, session_notes) VALUES (202, '2024-01-24T19:00', 128, 33, 20, ''); --#4N8P5, 10
INSERT INTO appointment (id, date_time, employee_id, patient_id, therapy_id, session_notes) VALUES (203, '2024-01-29T19:00', 128, 33, 20, ''); --#4N8P5, 10
INSERT INTO appointment (id, date_time, employee_id, patient_id, therapy_id, session_notes) VALUES (204, '2024-01-30T19:00', 147, 33, 20, ''); --#4N8P5, 10
INSERT INTO appointment (id, date_time, employee_id, patient_id, therapy_id, session_notes) VALUES (205, '2024-02-01T19:00', 128, 33, 20, ''); --#4N8P5, 10
INSERT INTO appointment (id, date_time, employee_id, patient_id, therapy_id, session_notes) VALUES (206, '2024-01-10T11:00', 150, 47, 21, 'Began therapy with gentle stretching, pain management strategies in place.'); --#1G8Z3, 8
INSERT INTO appointment (id, date_time, employee_id, patient_id, therapy_id, session_notes) VALUES (207, '2024-01-11T11:00', 150, 47, 21, 'Slight reduction in tenderness, patient tolerating exercises well.'); --#1G8Z3, 8
INSERT INTO appointment (id, date_time, employee_id, patient_id, therapy_id, session_notes) VALUES (208, '2024-01-15T11:00', 149, 47, 21, ''); --#1G8Z3, 8
INSERT INTO appointment (id, date_time, employee_id, patient_id, therapy_id, session_notes) VALUES (209, '2024-01-17T11:00', 133, 47, 21, ''); --#1G8Z3, 8
INSERT INTO appointment (id, date_time, employee_id, patient_id, therapy_id, session_notes) VALUES (210, '2024-01-22T11:00', 133, 47, 21, ''); --#1G8Z3, 8
INSERT INTO appointment (id, date_time, employee_id, patient_id, therapy_id, session_notes) VALUES (211, '2024-01-23T11:00', 149, 47, 21, ''); --#1G8Z3, 8
INSERT INTO appointment (id, date_time, employee_id, patient_id, therapy_id, session_notes) VALUES (212, '2024-01-25T11:00', 149, 47, 21, ''); --#1G8Z3, 8
INSERT INTO appointment (id, date_time, employee_id, patient_id, therapy_id, session_notes) VALUES (213, '2024-01-26T11:00', 150, 47, 21, ''); --#1G8Z3, 8
INSERT INTO appointment (id, date_time, employee_id, patient_id, therapy_id, session_notes) VALUES (214, '2024-01-29T11:00', 149, 47, 21, ''); --#1G8Z3, 8
INSERT INTO appointment (id, date_time, employee_id, patient_id, therapy_id, session_notes) VALUES (215, '2024-01-30T11:00', 149, 47, 21, ''); --#1G8Z3, 8
INSERT INTO appointment (id, date_time, employee_id, patient_id, therapy_id, session_notes) VALUES (216, '2024-01-11T12:00', 143, 66, 22, ''); --#1R2Y1, 6
INSERT INTO appointment (id, date_time, employee_id, patient_id, therapy_id, session_notes) VALUES (217, '2024-01-12T12:00', 146, 66, 22, ''); --#1R2Y1, 6
INSERT INTO appointment (id, date_time, employee_id, patient_id, therapy_id, session_notes) VALUES (218, '2024-01-15T12:00', 135, 66, 22, ''); --#1R2Y1, 6
INSERT INTO appointment (id, date_time, employee_id, patient_id, therapy_id, session_notes) VALUES (219, '2024-01-16T12:00', 144, 66, 22, ''); --#1R2Y1, 6
INSERT INTO appointment (id, date_time, employee_id, patient_id, therapy_id, session_notes) VALUES (220, '2024-01-18T12:00', 145, 66, 22, ''); --#1R2Y1, 6
INSERT INTO appointment (id, date_time, employee_id, patient_id, therapy_id, session_notes) VALUES (221, '2024-01-22T12:00', 137, 66, 22, ''); --#1R2Y1, 6
INSERT INTO appointment (id, date_time, employee_id, patient_id, therapy_id, session_notes) VALUES (222, '2024-01-25T12:00', 143, 66, 22, ''); --#1R2Y1, 6
INSERT INTO appointment (id, date_time, employee_id, patient_id, therapy_id, session_notes) VALUES (223, '2024-01-29T12:00', 144, 66, 22, ''); --#1R2Y1, 6
INSERT INTO appointment (id, date_time, employee_id, patient_id, therapy_id, session_notes) VALUES (224, '2024-01-15T09:00', 149, 89, 23, ''); --#5Z9B5, 33
INSERT INTO appointment (id, date_time, employee_id, patient_id, therapy_id, session_notes) VALUES (225, '2024-01-18T09:00', 149, 89, 23, ''); --#5Z9B5, 33
INSERT INTO appointment (id, date_time, employee_id, patient_id, therapy_id, session_notes) VALUES (226, '2024-01-19T09:00', 149, 89, 23, ''); --#5Z9B5, 33
INSERT INTO appointment (id, date_time, employee_id, patient_id, therapy_id, session_notes) VALUES (227, '2024-01-22T09:00', 149, 89, 23, ''); --#5Z9B5, 33
INSERT INTO appointment (id, date_time, employee_id, patient_id, therapy_id, session_notes) VALUES (228, '2024-01-25T09:00', 149, 89, 23, ''); --#5Z9B5, 33
INSERT INTO appointment (id, date_time, employee_id, patient_id, therapy_id, session_notes) VALUES (229, '2024-01-29T09:00', 133, 89, 23, ''); --#5Z9B5, 33
INSERT INTO appointment (id, date_time, employee_id, patient_id, therapy_id, session_notes) VALUES (230, '2024-02-01T09:00', 149, 89, 23, ''); --#5Z9B5, 33
INSERT INTO appointment (id, date_time, employee_id, patient_id, therapy_id, session_notes) VALUES (231, '2024-02-02T09:00', 133, 89, 23, ''); --#5Z9B5, 33
INSERT INTO appointment (id, date_time, employee_id, patient_id, therapy_id, session_notes) VALUES (232, '2023-12-20T15:00', 146, 38, 24, 'Initiated therapy with non-weight bearing exercises.'); --#9M8D2, 16
INSERT INTO appointment (id, date_time, employee_id, patient_id, therapy_id, session_notes) VALUES (233, '2023-12-21T15:00', 139, 38, 24, 'Patient reports reduced pain, slight improvement in mobility.'); --#9M8D2, 16
INSERT INTO appointment (id, date_time, employee_id, patient_id, therapy_id, session_notes) VALUES (234, '2023-12-25T15:00', 126, 38, 24, 'Good progress, introduced gentle weight-bearing activities.'); --#9M8D2, 16
INSERT INTO appointment (id, date_time, employee_id, patient_id, therapy_id, session_notes) VALUES (235, '2023-12-26T15:00', 126, 38, 24, 'Further improvement in function, pain management effective.'); --#9M8D2, 16
INSERT INTO appointment (id, date_time, employee_id, patient_id, therapy_id, session_notes) VALUES (236, '2023-12-29T15:00', 143, 38, 24, 'Patient able to perform daily activities with less discomfort.'); --#9M8D2, 16
INSERT INTO appointment (id, date_time, employee_id, patient_id, therapy_id, session_notes) VALUES (237, '2024-01-01T15:00', 130, 38, 24, 'Continued progress, increased exercise intensity.'); --#9M8D2, 16
INSERT INTO appointment (id, date_time, employee_id, patient_id, therapy_id, session_notes) VALUES (238, '2024-01-04T15:00', 144, 38, 24, 'Significant gains in mobility and strength.'); --#9M8D2, 16
INSERT INTO appointment (id, date_time, employee_id, patient_id, therapy_id, session_notes) VALUES (239, '2024-01-08T15:00', 135, 38, 24, 'Patient performing more dynamic movements comfortably.'); --#9M8D2, 16
INSERT INTO appointment (id, date_time, employee_id, patient_id, therapy_id, session_notes) VALUES (240, '2024-01-11T15:00', 135, 38, 24, 'Excellent progress, focusing on injury prevention.'); --#9M8D2, 16
INSERT INTO appointment (id, date_time, employee_id, patient_id, therapy_id, session_notes) VALUES (241, '2024-01-12T15:00', 148, 38, 24, 'Full recovery from stress fracture, patient advised on bone health.'); --#9M8D2, 16
INSERT INTO appointment (id, date_time, employee_id, patient_id, therapy_id, session_notes) VALUES (242, '2024-01-11T17:00', 126, 9, 25, 'Initiated gentle calf and Achilles stretching.'); --#5C3G3, 20
INSERT INTO appointment (id, date_time, employee_id, patient_id, therapy_id, session_notes) VALUES (243, '2024-01-12T17:00', 146, 9, 25, 'Patient reports less stiffness and pain in Achilles tendon.'); --#5C3G3, 20
INSERT INTO appointment (id, date_time, employee_id, patient_id, therapy_id, session_notes) VALUES (244, '2024-01-15T17:00', 142, 9, 25, ''); --#5C3G3, 20
INSERT INTO appointment (id, date_time, employee_id, patient_id, therapy_id, session_notes) VALUES (245, '2024-01-17T17:00', 130, 9, 25, ''); --#5C3G3, 20
INSERT INTO appointment (id, date_time, employee_id, patient_id, therapy_id, session_notes) VALUES (246, '2024-01-22T17:00', 135, 9, 25, ''); --#5C3G3, 20
INSERT INTO appointment (id, date_time, employee_id, patient_id, therapy_id, session_notes) VALUES (247, '2024-01-24T17:00', 135, 9, 25, ''); --#5C3G3, 20
INSERT INTO appointment (id, date_time, employee_id, patient_id, therapy_id, session_notes) VALUES (248, '2024-01-26T17:00', 130, 9, 25, ''); --#5C3G3, 20
INSERT INTO appointment (id, date_time, employee_id, patient_id, therapy_id, session_notes) VALUES (249, '2024-01-29T17:00', 144, 9, 25, ''); --#5C3G3, 20
INSERT INTO appointment (id, date_time, employee_id, patient_id, therapy_id, session_notes) VALUES (250, '2024-01-31T17:00', 145, 9, 25, ''); --#5C3G3, 20
INSERT INTO appointment (id, date_time, employee_id, patient_id, therapy_id, session_notes) VALUES (251, '2024-02-02T17:00', 130, 9, 25, ''); --#5C3G3, 20
INSERT INTO appointment (id, date_time, employee_id, patient_id, therapy_id, session_notes) VALUES (252, '2024-02-05T17:00', 135, 9, 25, ''); --#5C3G3, 20
INSERT INTO appointment (id, date_time, employee_id, patient_id, therapy_id, session_notes) VALUES (253, '2024-02-07T17:00', 144, 9, 25, ''); --#5C3G3, 20
INSERT INTO appointment (id, date_time, employee_id, patient_id, therapy_id, session_notes) VALUES (254, '2023-12-21T18:00', 148, 76, 26, 'Began with gentle core strengthening and flexibility exercises.'); --#3N4P6, 21
INSERT INTO appointment (id, date_time, employee_id, patient_id, therapy_id, session_notes) VALUES (255, '2023-12-25T18:00', 130, 76, 26, 'Patient reports reduced lower back pain, improved posture.'); --#3N4P6, 21
INSERT INTO appointment (id, date_time, employee_id, patient_id, therapy_id, session_notes) VALUES (256, '2023-12-26T18:00', 144, 76, 26, 'Good progress, introduced modified Pilates exercises.'); --#3N4P6, 21
INSERT INTO appointment (id, date_time, employee_id, patient_id, therapy_id, session_notes) VALUES (257, '2023-12-29T18:00', 139, 76, 26, 'Notable improvement in core strength, reduced sciatic symptoms.'); --#3N4P6, 21
INSERT INTO appointment (id, date_time, employee_id, patient_id, therapy_id, session_notes) VALUES (258, '2024-01-01T18:00', 140, 76, 26, 'Patient able to perform daily activities with less pain.'); --#3N4P6, 21
INSERT INTO appointment (id, date_time, employee_id, patient_id, therapy_id, session_notes) VALUES (259, '2024-01-04T18:00', 146, 76, 26, 'Continued gains in back function, focusing on stability exercises.'); --#3N4P6, 21
INSERT INTO appointment (id, date_time, employee_id, patient_id, therapy_id, session_notes) VALUES (260, '2024-01-08T18:00', 145, 76, 26, 'Significant reduction in back pain, improved spinal alignment.'); --#3N4P6, 21
INSERT INTO appointment (id, date_time, employee_id, patient_id, therapy_id, session_notes) VALUES (261, '2024-01-11T18:00', 146, 76, 26, 'Patient reports increased overall mobility and comfort.'); --#3N4P6, 21
INSERT INTO appointment (id, date_time, employee_id, patient_id, therapy_id, session_notes) VALUES (262, '2024-01-12T18:00', 137, 76, 26, 'Continued improvement, enhanced core stability.'); --#3N4P6, 21
INSERT INTO appointment (id, date_time, employee_id, patient_id, therapy_id, session_notes) VALUES (263, '2024-01-15T18:00', 146, 76, 26, ''); --#3N4P6, 21
INSERT INTO appointment (id, date_time, employee_id, patient_id, therapy_id, session_notes) VALUES (264, '2024-01-17T18:00', 135, 76, 26, ''); --#3N4P6, 21
INSERT INTO appointment (id, date_time, employee_id, patient_id, therapy_id, session_notes) VALUES (265, '2024-01-19T18:00', 130, 76, 26, ''); --#3N4P6, 21
INSERT INTO appointment (id, date_time, employee_id, patient_id, therapy_id, session_notes) VALUES (266, '2024-01-22T18:00', 142, 76, 26, ''); --#3N4P6, 21
INSERT INTO appointment (id, date_time, employee_id, patient_id, therapy_id, session_notes) VALUES (267, '2024-01-25T18:00', 145, 76, 26, ''); --#3N4P6, 21
INSERT INTO appointment (id, date_time, employee_id, patient_id, therapy_id, session_notes) VALUES (268, '2024-01-12T09:00', 147, 102, 27, ''); --#7R3N6, 11
INSERT INTO appointment (id, date_time, employee_id, patient_id, therapy_id, session_notes) VALUES (269, '2024-01-15T09:00', 128, 102, 27, ''); --#7R3N6, 11
INSERT INTO appointment (id, date_time, employee_id, patient_id, therapy_id, session_notes) VALUES (270, '2024-01-17T09:00', 128, 102, 27, ''); --#7R3N6, 11
INSERT INTO appointment (id, date_time, employee_id, patient_id, therapy_id, session_notes) VALUES (271, '2024-01-18T09:00', 128, 102, 27, ''); --#7R3N6, 11
INSERT INTO appointment (id, date_time, employee_id, patient_id, therapy_id, session_notes) VALUES (272, '2024-01-19T09:00', 147, 102, 27, ''); --#7R3N6, 11
INSERT INTO appointment (id, date_time, employee_id, patient_id, therapy_id, session_notes) VALUES (273, '2024-01-22T09:00', 128, 102, 27, ''); --#7R3N6, 11
INSERT INTO appointment (id, date_time, employee_id, patient_id, therapy_id, session_notes) VALUES (274, '2024-01-25T09:00', 147, 102, 27, ''); --#7R3N6, 11
INSERT INTO appointment (id, date_time, employee_id, patient_id, therapy_id, session_notes) VALUES (275, '2024-01-29T09:00', 128, 102, 27, ''); --#7R3N6, 11
INSERT INTO appointment (id, date_time, employee_id, patient_id, therapy_id, session_notes) VALUES (276, '2024-01-12T14:00', 129, 48, 28, 'Began with gentle core and back strengthening exercises.'); --#4W3F2, 23
INSERT INTO appointment (id, date_time, employee_id, patient_id, therapy_id, session_notes) VALUES (277, '2024-01-15T14:00', 138, 48, 28, ''); --#4W3F2, 23
INSERT INTO appointment (id, date_time, employee_id, patient_id, therapy_id, session_notes) VALUES (278, '2024-01-16T14:00', 134, 48, 28, ''); --#4W3F2, 23
INSERT INTO appointment (id, date_time, employee_id, patient_id, therapy_id, session_notes) VALUES (279, '2024-01-18T14:00', 138, 48, 28, ''); --#4W3F2, 23
INSERT INTO appointment (id, date_time, employee_id, patient_id, therapy_id, session_notes) VALUES (280, '2024-01-22T14:00', 129, 48, 28, ''); --#4W3F2, 23
INSERT INTO appointment (id, date_time, employee_id, patient_id, therapy_id, session_notes) VALUES (281, '2024-01-24T14:00', 129, 48, 28, ''); --#4W3F2, 23
INSERT INTO appointment (id, date_time, employee_id, patient_id, therapy_id, session_notes) VALUES (282, '2024-01-25T14:00', 138, 48, 28, ''); --#4W3F2, 23
INSERT INTO appointment (id, date_time, employee_id, patient_id, therapy_id, session_notes) VALUES (283, '2024-01-29T14:00', 134, 48, 28, ''); --#4W3F2, 23
INSERT INTO appointment (id, date_time, employee_id, patient_id, therapy_id, session_notes) VALUES (284, '2024-02-01T14:00', 129, 48, 28, ''); --#4W3F2, 23
INSERT INTO appointment (id, date_time, employee_id, patient_id, therapy_id, session_notes) VALUES (285, '2024-02-05T14:00', 134, 48, 28, ''); --#4W3F2, 23
INSERT INTO appointment (id, date_time, employee_id, patient_id, therapy_id, session_notes) VALUES (286, '2024-01-09T09:00', 134, 21, 29, 'Initiated basic cognitive and motor skill exercises.'); --#8D2H9, 34
INSERT INTO appointment (id, date_time, employee_id, patient_id, therapy_id, session_notes) VALUES (287, '2024-01-11T09:00', 129, 21, 29, 'Patient shows early signs of improvement in speech and movement.'); --#8D2H9, 34
INSERT INTO appointment (id, date_time, employee_id, patient_id, therapy_id, session_notes) VALUES (288, '2024-01-15T09:00', 138, 21, 29, ''); --#8D2H9, 34
INSERT INTO appointment (id, date_time, employee_id, patient_id, therapy_id, session_notes) VALUES (289, '2024-01-17T09:00', 134, 21, 29, ''); --#8D2H9, 34
INSERT INTO appointment (id, date_time, employee_id, patient_id, therapy_id, session_notes) VALUES (290, '2024-01-19T09:00', 129, 21, 29, ''); --#8D2H9, 34
INSERT INTO appointment (id, date_time, employee_id, patient_id, therapy_id, session_notes) VALUES (291, '2024-01-22T09:00', 134, 21, 29, ''); --#8D2H9, 34
INSERT INTO appointment (id, date_time, employee_id, patient_id, therapy_id, session_notes) VALUES (292, '2024-01-23T09:00', 138, 21, 29, ''); --#8D2H9, 34
INSERT INTO appointment (id, date_time, employee_id, patient_id, therapy_id, session_notes) VALUES (293, '2024-01-25T09:00', 138, 21, 29, ''); --#8D2H9, 34
INSERT INTO appointment (id, date_time, employee_id, patient_id, therapy_id, session_notes) VALUES (294, '2024-01-29T09:00', 129, 21, 29, ''); --#8D2H9, 34
INSERT INTO appointment (id, date_time, employee_id, patient_id, therapy_id, session_notes) VALUES (295, '2024-02-01T09:00', 138, 21, 29, ''); --#8D2H9, 34
INSERT INTO appointment (id, date_time, employee_id, patient_id, therapy_id, session_notes) VALUES (296, '2024-02-05T09:00', 138, 21, 29, ''); --#8D2H9, 34
INSERT INTO appointment (id, date_time, employee_id, patient_id, therapy_id, session_notes) VALUES (297, '2024-02-06T09:00', 129, 21, 29, ''); --#8D2H9, 34
INSERT INTO appointment (id, date_time, employee_id, patient_id, therapy_id, session_notes) VALUES (298, '2024-02-07T09:00', 138, 21, 29, ''); --#8D2H9, 34
INSERT INTO appointment (id, date_time, employee_id, patient_id, therapy_id, session_notes) VALUES (299, '2024-02-09T09:00', 134, 21, 29, ''); --#8D2H9, 34
INSERT INTO appointment (id, date_time, employee_id, patient_id, therapy_id, session_notes) VALUES (300, '2024-02-12T09:00', 138, 21, 29, ''); --#8D2H9, 34
INSERT INTO appointment (id, date_time, employee_id, patient_id, therapy_id, session_notes) VALUES (301, '2024-02-13T09:00', 131, 21, 29, ''); --#8D2H9, 34
INSERT INTO appointment (id, date_time, employee_id, patient_id, therapy_id, session_notes) VALUES (302, '2024-02-16T09:00', 131, 21, 29, ''); --#8D2H9, 34
INSERT INTO appointment (id, date_time, employee_id, patient_id, therapy_id, session_notes) VALUES (303, '2024-02-19T09:00', 138, 21, 29, ''); --#8D2H9, 34
INSERT INTO appointment (id, date_time, employee_id, patient_id, therapy_id, session_notes) VALUES (304, '2024-02-21T09:00', 134, 21, 29, ''); --#8D2H9, 34
INSERT INTO appointment (id, date_time, employee_id, patient_id, therapy_id, session_notes) VALUES (305, '2024-02-22T09:00', 129, 21, 29, ''); --#8D2H9, 34
INSERT INTO appointment (id, date_time, employee_id, patient_id, therapy_id, session_notes) VALUES (306, '2024-01-15T09:00', 126, 39, 30, ''); --#1R2Y1, 6
INSERT INTO appointment (id, date_time, employee_id, patient_id, therapy_id, session_notes) VALUES (307, '2024-01-17T09:00', 130, 39, 30, ''); --#1R2Y1, 6
INSERT INTO appointment (id, date_time, employee_id, patient_id, therapy_id, session_notes) VALUES (308, '2024-01-18T09:00', 139, 39, 30, ''); --#1R2Y1, 6
INSERT INTO appointment (id, date_time, employee_id, patient_id, therapy_id, session_notes) VALUES (309, '2024-01-22T09:00', 126, 39, 30, ''); --#1R2Y1, 6
INSERT INTO appointment (id, date_time, employee_id, patient_id, therapy_id, session_notes) VALUES (310, '2024-01-25T09:00', 142, 39, 30, ''); --#1R2Y1, 6
INSERT INTO appointment (id, date_time, employee_id, patient_id, therapy_id, session_notes) VALUES (311, '2024-01-29T09:00', 144, 39, 30, ''); --#1R2Y1, 6
INSERT INTO appointment (id, date_time, employee_id, patient_id, therapy_id, session_notes) VALUES (312, '2024-01-30T09:00', 145, 39, 30, ''); --#1R2Y1, 6
INSERT INTO appointment (id, date_time, employee_id, patient_id, therapy_id, session_notes) VALUES (313, '2024-02-02T09:00', 141, 39, 30, ''); --#1R2Y1, 6
INSERT INTO appointment (id, date_time, employee_id, patient_id, therapy_id, session_notes) VALUES (314, '2024-01-12T13:00', 130, 92, 31, 'Began therapy with gentle cervical mobilization.'); --#8H6H1, 27
INSERT INTO appointment (id, date_time, employee_id, patient_id, therapy_id, session_notes) VALUES (315, '2024-01-15T13:00', 143, 92, 31, ''); --#8H6H1, 27
INSERT INTO appointment (id, date_time, employee_id, patient_id, therapy_id, session_notes) VALUES (316, '2024-01-16T13:00', 137, 92, 31, ''); --#8H6H1, 27
INSERT INTO appointment (id, date_time, employee_id, patient_id, therapy_id, session_notes) VALUES (317, '2024-01-17T13:00', 130, 92, 31, ''); --#8H6H1, 27
INSERT INTO appointment (id, date_time, employee_id, patient_id, therapy_id, session_notes) VALUES (318, '2024-01-19T13:00', 148, 92, 31, ''); --#8H6H1, 27
INSERT INTO appointment (id, date_time, employee_id, patient_id, therapy_id, session_notes) VALUES (319, '2024-01-22T13:00', 143, 92, 31, ''); --#8H6H1, 27
INSERT INTO appointment (id, date_time, employee_id, patient_id, therapy_id, session_notes) VALUES (320, '2024-01-23T13:00', 143, 92, 31, ''); --#8H6H1, 27
INSERT INTO appointment (id, date_time, employee_id, patient_id, therapy_id, session_notes) VALUES (321, '2024-01-25T13:00', 130, 92, 31, ''); --#8H6H1, 27
INSERT INTO appointment (id, date_time, employee_id, patient_id, therapy_id, session_notes) VALUES (322, '2024-01-26T13:00', 142, 92, 31, ''); --#8H6H1, 27
INSERT INTO appointment (id, date_time, employee_id, patient_id, therapy_id, session_notes) VALUES (323, '2024-01-29T13:00', 145, 92, 31, ''); --#8H6H1, 27
INSERT INTO appointment (id, date_time, employee_id, patient_id, therapy_id, session_notes) VALUES (324, '2024-01-11T18:00', 133, 11, 32, 'Started with low-impact exercises, patient adapting well.'); --#6F6P9, 7
INSERT INTO appointment (id, date_time, employee_id, patient_id, therapy_id, session_notes) VALUES (325, '2024-01-12T18:00', 133, 11, 32, 'Patient reports reduced joint stiffness, especially in the morning.'); --#6F6P9, 7
INSERT INTO appointment (id, date_time, employee_id, patient_id, therapy_id, session_notes) VALUES (326, '2024-01-15T18:00', 149, 11, 32, ''); --#6F6P9, 7
INSERT INTO appointment (id, date_time, employee_id, patient_id, therapy_id, session_notes) VALUES (327, '2024-01-18T18:00', 150, 11, 32, ''); --#6F6P9, 7
INSERT INTO appointment (id, date_time, employee_id, patient_id, therapy_id, session_notes) VALUES (328, '2024-01-22T18:00', 149, 11, 32, ''); --#6F6P9, 7
INSERT INTO appointment (id, date_time, employee_id, patient_id, therapy_id, session_notes) VALUES (329, '2024-01-24T18:00', 133, 11, 32, ''); --#6F6P9, 7
INSERT INTO appointment (id, date_time, employee_id, patient_id, therapy_id, session_notes) VALUES (330, '2024-01-29T18:00', 150, 11, 32, ''); --#6F6P9, 7
INSERT INTO appointment (id, date_time, employee_id, patient_id, therapy_id, session_notes) VALUES (331, '2024-02-01T18:00', 150, 11, 32, ''); --#6F6P9, 7
INSERT INTO appointment (id, date_time, employee_id, patient_id, therapy_id, session_notes) VALUES (332, '2024-01-15T11:00', 142, 74, 33, ''); --#8H6H1, 27
INSERT INTO appointment (id, date_time, employee_id, patient_id, therapy_id, session_notes) VALUES (333, '2024-01-17T11:00', 143, 74, 33, ''); --#8H6H1, 27
INSERT INTO appointment (id, date_time, employee_id, patient_id, therapy_id, session_notes) VALUES (334, '2024-01-19T11:00', 143, 74, 33, ''); --#8H6H1, 27
INSERT INTO appointment (id, date_time, employee_id, patient_id, therapy_id, session_notes) VALUES (335, '2024-01-22T11:00', 139, 74, 33, ''); --#8H6H1, 27
INSERT INTO appointment (id, date_time, employee_id, patient_id, therapy_id, session_notes) VALUES (336, '2024-01-24T11:00', 139, 74, 33, ''); --#8H6H1, 27
INSERT INTO appointment (id, date_time, employee_id, patient_id, therapy_id, session_notes) VALUES (337, '2024-01-26T11:00', 139, 74, 33, ''); --#8H6H1, 27
INSERT INTO appointment (id, date_time, employee_id, patient_id, therapy_id, session_notes) VALUES (338, '2024-01-29T11:00', 137, 74, 33, ''); --#8H6H1, 27
INSERT INTO appointment (id, date_time, employee_id, patient_id, therapy_id, session_notes) VALUES (339, '2024-01-31T11:00', 142, 74, 33, ''); --#8H6H1, 27
INSERT INTO appointment (id, date_time, employee_id, patient_id, therapy_id, session_notes) VALUES (340, '2024-02-05T11:00', 148, 74, 33, ''); --#8H6H1, 27
INSERT INTO appointment (id, date_time, employee_id, patient_id, therapy_id, session_notes) VALUES (341, '2024-02-06T11:00', 145, 74, 33, ''); --#8H6H1, 27
INSERT INTO appointment (id, date_time, employee_id, patient_id, therapy_id, session_notes) VALUES (342, '2024-01-11T12:00', 126, 88, 34, 'Initial assessment completed, started with stretching and foam rolling.'); --#8L2Q4, 14
INSERT INTO appointment (id, date_time, employee_id, patient_id, therapy_id, session_notes) VALUES (343, '2024-01-15T12:00', 144, 88, 34, ''); --#8L2Q4, 14
INSERT INTO appointment (id, date_time, employee_id, patient_id, therapy_id, session_notes) VALUES (344, '2024-01-18T12:00', 143, 88, 34, ''); --#8L2Q4, 14
INSERT INTO appointment (id, date_time, employee_id, patient_id, therapy_id, session_notes) VALUES (345, '2024-01-19T12:00', 141, 88, 34, ''); --#8L2Q4, 14
INSERT INTO appointment (id, date_time, employee_id, patient_id, therapy_id, session_notes) VALUES (346, '2024-01-22T12:00', 146, 88, 34, ''); --#8L2Q4, 14
INSERT INTO appointment (id, date_time, employee_id, patient_id, therapy_id, session_notes) VALUES (347, '2024-01-23T12:00', 132, 88, 34, ''); --#8L2Q4, 14
INSERT INTO appointment (id, date_time, employee_id, patient_id, therapy_id, session_notes) VALUES (348, '2024-01-25T12:00', 140, 88, 34, ''); --#8L2Q4, 14
INSERT INTO appointment (id, date_time, employee_id, patient_id, therapy_id, session_notes) VALUES (349, '2024-01-29T12:00', 141, 88, 34, ''); --#8L2Q4, 14
INSERT INTO appointment (id, date_time, employee_id, patient_id, therapy_id, session_notes) VALUES (350, '2024-01-11T11:00', 128, 68, 35, 'Started with gentle range of motion exercises, patient coping well.'); --#4N8P5, 10
INSERT INTO appointment (id, date_time, employee_id, patient_id, therapy_id, session_notes) VALUES (351, '2024-01-15T11:00', 147, 68, 35, ''); --#4N8P5, 10
INSERT INTO appointment (id, date_time, employee_id, patient_id, therapy_id, session_notes) VALUES (352, '2024-01-18T11:00', 128, 68, 35, ''); --#4N8P5, 10
INSERT INTO appointment (id, date_time, employee_id, patient_id, therapy_id, session_notes) VALUES (353, '2024-01-22T11:00', 128, 68, 35, ''); --#4N8P5, 10
INSERT INTO appointment (id, date_time, employee_id, patient_id, therapy_id, session_notes) VALUES (354, '2024-01-23T11:00', 128, 68, 35, ''); --#4N8P5, 10
INSERT INTO appointment (id, date_time, employee_id, patient_id, therapy_id, session_notes) VALUES (355, '2024-01-26T11:00', 147, 68, 35, ''); --#4N8P5, 10
INSERT INTO appointment (id, date_time, employee_id, patient_id, therapy_id, session_notes) VALUES (356, '2024-01-29T11:00', 147, 68, 35, ''); --#4N8P5, 10
INSERT INTO appointment (id, date_time, employee_id, patient_id, therapy_id, session_notes) VALUES (357, '2024-01-30T11:00', 147, 68, 35, ''); --#4N8P5, 10
INSERT INTO appointment (id, date_time, employee_id, patient_id, therapy_id, session_notes) VALUES (358, '2024-01-09T10:00', 135, 75, 36, 'Initial assessment done, started with gentle stretching.'); --#7Z8V8, 2
INSERT INTO appointment (id, date_time, employee_id, patient_id, therapy_id, session_notes) VALUES (359, '2024-01-11T10:00', 130, 75, 36, 'Slight improvement in movement, pain management strategies in place.'); --#7Z8V8, 2
INSERT INTO appointment (id, date_time, employee_id, patient_id, therapy_id, session_notes) VALUES (360, '2024-01-15T10:00', 142, 75, 36, ''); --#7Z8V8, 2
INSERT INTO appointment (id, date_time, employee_id, patient_id, therapy_id, session_notes) VALUES (361, '2024-01-17T10:00', 135, 75, 36, ''); --#7Z8V8, 2
INSERT INTO appointment (id, date_time, employee_id, patient_id, therapy_id, session_notes) VALUES (362, '2024-01-19T10:00', 126, 75, 36, ''); --#7Z8V8, 2
INSERT INTO appointment (id, date_time, employee_id, patient_id, therapy_id, session_notes) VALUES (363, '2024-01-22T10:00', 148, 75, 36, ''); --#7Z8V8, 2
INSERT INTO appointment (id, date_time, employee_id, patient_id, therapy_id, session_notes) VALUES (364, '2024-01-24T10:00', 130, 75, 36, ''); --#7Z8V8, 2
INSERT INTO appointment (id, date_time, employee_id, patient_id, therapy_id, session_notes) VALUES (365, '2024-01-26T10:00', 146, 75, 36, ''); --#7Z8V8, 2
INSERT INTO appointment (id, date_time, employee_id, patient_id, therapy_id, session_notes) VALUES (366, '2024-01-29T10:00', 130, 75, 36, ''); --#7Z8V8, 2
INSERT INTO appointment (id, date_time, employee_id, patient_id, therapy_id, session_notes) VALUES (367, '2024-02-01T10:00', 148, 75, 36, ''); --#7Z8V8, 2
INSERT INTO appointment (id, date_time, employee_id, patient_id, therapy_id, session_notes) VALUES (368, '2024-01-11T16:00', 131, 14, 37, 'Initiated basic cognitive and motor skill exercises.'); --#8D2H9, 34
INSERT INTO appointment (id, date_time, employee_id, patient_id, therapy_id, session_notes) VALUES (369, '2024-01-15T16:00', 134, 14, 37, ''); --#8D2H9, 34
INSERT INTO appointment (id, date_time, employee_id, patient_id, therapy_id, session_notes) VALUES (370, '2024-01-16T16:00', 134, 14, 37, ''); --#8D2H9, 34
INSERT INTO appointment (id, date_time, employee_id, patient_id, therapy_id, session_notes) VALUES (371, '2024-01-19T16:00', 129, 14, 37, ''); --#8D2H9, 34
INSERT INTO appointment (id, date_time, employee_id, patient_id, therapy_id, session_notes) VALUES (372, '2024-01-22T16:00', 129, 14, 37, ''); --#8D2H9, 34
INSERT INTO appointment (id, date_time, employee_id, patient_id, therapy_id, session_notes) VALUES (373, '2024-01-23T16:00', 134, 14, 37, ''); --#8D2H9, 34
INSERT INTO appointment (id, date_time, employee_id, patient_id, therapy_id, session_notes) VALUES (374, '2024-01-25T16:00', 138, 14, 37, ''); --#8D2H9, 34
INSERT INTO appointment (id, date_time, employee_id, patient_id, therapy_id, session_notes) VALUES (375, '2024-01-29T16:00', 138, 14, 37, ''); --#8D2H9, 34
INSERT INTO appointment (id, date_time, employee_id, patient_id, therapy_id, session_notes) VALUES (376, '2024-01-30T16:00', 129, 14, 37, ''); --#8D2H9, 34
INSERT INTO appointment (id, date_time, employee_id, patient_id, therapy_id, session_notes) VALUES (377, '2024-01-31T16:00', 138, 14, 37, ''); --#8D2H9, 34
INSERT INTO appointment (id, date_time, employee_id, patient_id, therapy_id, session_notes) VALUES (378, '2024-02-05T16:00', 131, 14, 37, ''); --#8D2H9, 34
INSERT INTO appointment (id, date_time, employee_id, patient_id, therapy_id, session_notes) VALUES (379, '2024-02-08T16:00', 129, 14, 37, ''); --#8D2H9, 34
INSERT INTO appointment (id, date_time, employee_id, patient_id, therapy_id, session_notes) VALUES (380, '2024-02-12T16:00', 134, 14, 37, ''); --#8D2H9, 34
INSERT INTO appointment (id, date_time, employee_id, patient_id, therapy_id, session_notes) VALUES (381, '2024-02-13T16:00', 131, 14, 37, ''); --#8D2H9, 34
INSERT INTO appointment (id, date_time, employee_id, patient_id, therapy_id, session_notes) VALUES (382, '2024-02-16T16:00', 129, 14, 37, ''); --#8D2H9, 34
INSERT INTO appointment (id, date_time, employee_id, patient_id, therapy_id, session_notes) VALUES (383, '2024-02-19T16:00', 129, 14, 37, ''); --#8D2H9, 34
INSERT INTO appointment (id, date_time, employee_id, patient_id, therapy_id, session_notes) VALUES (384, '2024-02-22T16:00', 131, 14, 37, ''); --#8D2H9, 34
INSERT INTO appointment (id, date_time, employee_id, patient_id, therapy_id, session_notes) VALUES (385, '2024-02-26T16:00', 138, 14, 37, ''); --#8D2H9, 34
INSERT INTO appointment (id, date_time, employee_id, patient_id, therapy_id, session_notes) VALUES (386, '2024-02-28T16:00', 129, 14, 37, ''); --#8D2H9, 34
INSERT INTO appointment (id, date_time, employee_id, patient_id, therapy_id, session_notes) VALUES (387, '2024-02-29T16:00', 131, 14, 37, ''); --#8D2H9, 34
INSERT INTO appointment (id, date_time, employee_id, patient_id, therapy_id, session_notes) VALUES (388, '2024-01-03T11:00', 147, 51, 38, ''); --#2K6H8, 37
INSERT INTO appointment (id, date_time, employee_id, patient_id, therapy_id, session_notes) VALUES (389, '2024-01-04T11:00', 128, 51, 38, ''); --#2K6H8, 37
INSERT INTO appointment (id, date_time, employee_id, patient_id, therapy_id, session_notes) VALUES (390, '2024-01-08T11:00', 128, 51, 38, ''); --#2K6H8, 37
INSERT INTO appointment (id, date_time, employee_id, patient_id, therapy_id, session_notes) VALUES (391, '2024-01-09T11:00', 147, 51, 38, ''); --#2K6H8, 37
INSERT INTO appointment (id, date_time, employee_id, patient_id, therapy_id, session_notes) VALUES (392, '2024-01-11T11:00', 128, 51, 38, ''); --#2K6H8, 37
INSERT INTO appointment (id, date_time, employee_id, patient_id, therapy_id, session_notes) VALUES (393, '2024-01-12T11:00', 147, 51, 38, ''); --#2K6H8, 37
INSERT INTO appointment (id, date_time, employee_id, patient_id, therapy_id, session_notes) VALUES (394, '2024-01-15T11:00', 128, 51, 38, ''); --#2K6H8, 37
INSERT INTO appointment (id, date_time, employee_id, patient_id, therapy_id, session_notes) VALUES (395, '2023-12-18T16:00', 138, 34, 39, 'Initiated basic cognitive and motor skill exercises.'); --#8D2H9, 34
INSERT INTO appointment (id, date_time, employee_id, patient_id, therapy_id, session_notes) VALUES (396, '2023-12-19T16:00', 129, 34, 39, 'Patient shows early signs of improvement in speech and movement.'); --#8D2H9, 34
INSERT INTO appointment (id, date_time, employee_id, patient_id, therapy_id, session_notes) VALUES (397, '2023-12-21T16:00', 131, 34, 39, 'Good progress, focusing on regaining independence in daily activities.'); --#8D2H9, 34
INSERT INTO appointment (id, date_time, employee_id, patient_id, therapy_id, session_notes) VALUES (398, '2023-12-25T16:00', 138, 34, 39, 'Notable gains in limb coordination and cognitive functions.'); --#8D2H9, 34
INSERT INTO appointment (id, date_time, employee_id, patient_id, therapy_id, session_notes) VALUES (399, '2023-12-28T16:00', 138, 34, 39, 'Patient more engaged in therapy, showing improvement in self-care skills.'); --#8D2H9, 34
INSERT INTO appointment (id, date_time, employee_id, patient_id, therapy_id, session_notes) VALUES (400, '2023-12-29T16:00', 134, 34, 39, 'Continued improvement in speech clarity and walking.'); --#8D2H9, 34
INSERT INTO appointment (id, date_time, employee_id, patient_id, therapy_id, session_notes) VALUES (401, '2024-01-01T16:00', 134, 34, 39, 'Significant progress in fine motor skills, patient regaining hand dexterity.'); --#8D2H9, 34
INSERT INTO appointment (id, date_time, employee_id, patient_id, therapy_id, session_notes) VALUES (402, '2024-01-04T16:00', 138, 34, 39, 'Improved balance and coordination, patient can perform tasks more easily.'); --#8D2H9, 34
INSERT INTO appointment (id, date_time, employee_id, patient_id, therapy_id, session_notes) VALUES (403, '2024-01-08T16:00', 134, 34, 39, 'Further gains in cognitive abilities, better memory and problem-solving skills.'); --#8D2H9, 34
INSERT INTO appointment (id, date_time, employee_id, patient_id, therapy_id, session_notes) VALUES (404, '2024-01-09T16:00', 134, 34, 39, 'Excellent progress in speech, patient communicating more clearly.'); --#8D2H9, 34
INSERT INTO appointment (id, date_time, employee_id, patient_id, therapy_id, session_notes) VALUES (405, '2024-01-12T16:00', 138, 34, 39, 'Patient shows increased independence in daily routines.'); --#8D2H9, 34
INSERT INTO appointment (id, date_time, employee_id, patient_id, therapy_id, session_notes) VALUES (406, '2024-01-15T16:00', 131, 34, 39, ''); --#8D2H9, 34
INSERT INTO appointment (id, date_time, employee_id, patient_id, therapy_id, session_notes) VALUES (407, '2024-01-16T16:00', 138, 34, 39, ''); --#8D2H9, 34
INSERT INTO appointment (id, date_time, employee_id, patient_id, therapy_id, session_notes) VALUES (408, '2024-01-19T16:00', 138, 34, 39, ''); --#8D2H9, 34
INSERT INTO appointment (id, date_time, employee_id, patient_id, therapy_id, session_notes) VALUES (409, '2024-01-22T16:00', 131, 34, 39, ''); --#8D2H9, 34
INSERT INTO appointment (id, date_time, employee_id, patient_id, therapy_id, session_notes) VALUES (410, '2024-01-24T16:00', 134, 34, 39, ''); --#8D2H9, 34
INSERT INTO appointment (id, date_time, employee_id, patient_id, therapy_id, session_notes) VALUES (411, '2024-01-26T16:00', 129, 34, 39, ''); --#8D2H9, 34
INSERT INTO appointment (id, date_time, employee_id, patient_id, therapy_id, session_notes) VALUES (412, '2024-01-29T16:00', 131, 34, 39, ''); --#8D2H9, 34
INSERT INTO appointment (id, date_time, employee_id, patient_id, therapy_id, session_notes) VALUES (413, '2024-02-01T16:00', 134, 34, 39, ''); --#8D2H9, 34
INSERT INTO appointment (id, date_time, employee_id, patient_id, therapy_id, session_notes) VALUES (414, '2024-02-02T16:00', 134, 34, 39, ''); --#8D2H9, 34
INSERT INTO appointment (id, date_time, employee_id, patient_id, therapy_id, session_notes) VALUES (415, '2024-01-12T12:00', 142, 28, 40, 'Initial assessment done, started with gentle stretching.'); --#7Z8V8, 2
INSERT INTO appointment (id, date_time, employee_id, patient_id, therapy_id, session_notes) VALUES (416, '2024-01-15T12:00', 148, 28, 40, ''); --#7Z8V8, 2
INSERT INTO appointment (id, date_time, employee_id, patient_id, therapy_id, session_notes) VALUES (417, '2024-01-17T12:00', 141, 28, 40, ''); --#7Z8V8, 2
INSERT INTO appointment (id, date_time, employee_id, patient_id, therapy_id, session_notes) VALUES (418, '2024-01-22T12:00', 148, 28, 40, ''); --#7Z8V8, 2
INSERT INTO appointment (id, date_time, employee_id, patient_id, therapy_id, session_notes) VALUES (419, '2024-01-25T12:00', 126, 28, 40, ''); --#7Z8V8, 2
INSERT INTO appointment (id, date_time, employee_id, patient_id, therapy_id, session_notes) VALUES (420, '2024-01-29T12:00', 142, 28, 40, ''); --#7Z8V8, 2
INSERT INTO appointment (id, date_time, employee_id, patient_id, therapy_id, session_notes) VALUES (421, '2024-01-30T12:00', 139, 28, 40, ''); --#7Z8V8, 2
INSERT INTO appointment (id, date_time, employee_id, patient_id, therapy_id, session_notes) VALUES (422, '2024-02-02T12:00', 145, 28, 40, ''); --#7Z8V8, 2
INSERT INTO appointment (id, date_time, employee_id, patient_id, therapy_id, session_notes) VALUES (423, '2024-02-05T12:00', 135, 28, 40, ''); --#7Z8V8, 2
INSERT INTO appointment (id, date_time, employee_id, patient_id, therapy_id, session_notes) VALUES (424, '2024-02-07T12:00', 130, 28, 40, ''); --#7Z8V8, 2
INSERT INTO appointment (id, date_time, employee_id, patient_id, therapy_id, session_notes) VALUES (425, '2024-01-02T12:00', 147, 50, 41, 'Initiated gentle exercises tailored for joint mobility.'); --#7R3N6, 11
INSERT INTO appointment (id, date_time, employee_id, patient_id, therapy_id, session_notes) VALUES (426, '2024-01-05T12:00', 128, 50, 41, 'Patient reports reduced pain, especially in the mornings.'); --#7R3N6, 11
INSERT INTO appointment (id, date_time, employee_id, patient_id, therapy_id, session_notes) VALUES (427, '2024-01-08T12:00', 128, 50, 41, 'Good progress, introduced more dynamic exercises.'); --#7R3N6, 11
INSERT INTO appointment (id, date_time, employee_id, patient_id, therapy_id, session_notes) VALUES (428, '2024-01-10T12:00', 128, 50, 41, 'Notable improvement in joint flexibility and strength.'); --#7R3N6, 11
INSERT INTO appointment (id, date_time, employee_id, patient_id, therapy_id, session_notes) VALUES (429, '2024-01-11T12:00', 147, 50, 41, 'Patient managing daily activities with less discomfort.'); --#7R3N6, 11
INSERT INTO appointment (id, date_time, employee_id, patient_id, therapy_id, session_notes) VALUES (430, '2024-01-15T12:00', 147, 50, 41, ''); --#7R3N6, 11
INSERT INTO appointment (id, date_time, employee_id, patient_id, therapy_id, session_notes) VALUES (431, '2024-01-17T12:00', 147, 50, 41, ''); --#7R3N6, 11
INSERT INTO appointment (id, date_time, employee_id, patient_id, therapy_id, session_notes) VALUES (432, '2024-01-18T12:00', 128, 50, 41, ''); --#7R3N6, 11
INSERT INTO appointment (id, date_time, employee_id, patient_id, therapy_id, session_notes) VALUES (433, '2024-01-11T13:00', 127, 42, 42, 'Initiated muscle strengthening exercises, patient adapting well.'); --#2J6Z7, 30
INSERT INTO appointment (id, date_time, employee_id, patient_id, therapy_id, session_notes) VALUES (434, '2024-01-12T13:00', 127, 42, 42, 'Patient shows early signs of muscle tone improvement.'); --#2J6Z7, 30
INSERT INTO appointment (id, date_time, employee_id, patient_id, therapy_id, session_notes) VALUES (435, '2024-01-15T13:00', 127, 42, 42, ''); --#2J6Z7, 30
INSERT INTO appointment (id, date_time, employee_id, patient_id, therapy_id, session_notes) VALUES (436, '2024-01-16T13:00', 136, 42, 42, ''); --#2J6Z7, 30
INSERT INTO appointment (id, date_time, employee_id, patient_id, therapy_id, session_notes) VALUES (437, '2024-01-17T13:00', 136, 42, 42, ''); --#2J6Z7, 30
INSERT INTO appointment (id, date_time, employee_id, patient_id, therapy_id, session_notes) VALUES (438, '2024-01-22T13:00', 136, 42, 42, ''); --#2J6Z7, 30
INSERT INTO appointment (id, date_time, employee_id, patient_id, therapy_id, session_notes) VALUES (439, '2024-01-23T13:00', 136, 42, 42, ''); --#2J6Z7, 30
INSERT INTO appointment (id, date_time, employee_id, patient_id, therapy_id, session_notes) VALUES (440, '2024-01-26T13:00', 136, 42, 42, ''); --#2J6Z7, 30
INSERT INTO appointment (id, date_time, employee_id, patient_id, therapy_id, session_notes) VALUES (441, '2024-01-12T19:00', 128, 29, 43, 'Started with gentle range of motion exercises, patient coping well.'); --#4N8P5, 10
INSERT INTO appointment (id, date_time, employee_id, patient_id, therapy_id, session_notes) VALUES (442, '2024-01-15T19:00', 147, 29, 43, ''); --#4N8P5, 10
INSERT INTO appointment (id, date_time, employee_id, patient_id, therapy_id, session_notes) VALUES (443, '2024-01-18T19:00', 128, 29, 43, ''); --#4N8P5, 10
INSERT INTO appointment (id, date_time, employee_id, patient_id, therapy_id, session_notes) VALUES (444, '2024-01-19T19:00', 147, 29, 43, ''); --#4N8P5, 10
INSERT INTO appointment (id, date_time, employee_id, patient_id, therapy_id, session_notes) VALUES (445, '2024-01-22T19:00', 147, 29, 43, ''); --#4N8P5, 10
INSERT INTO appointment (id, date_time, employee_id, patient_id, therapy_id, session_notes) VALUES (446, '2024-01-25T19:00', 128, 29, 43, ''); --#4N8P5, 10
INSERT INTO appointment (id, date_time, employee_id, patient_id, therapy_id, session_notes) VALUES (447, '2024-01-26T19:00', 128, 29, 43, ''); --#4N8P5, 10
INSERT INTO appointment (id, date_time, employee_id, patient_id, therapy_id, session_notes) VALUES (448, '2024-01-29T19:00', 128, 29, 43, ''); --#4N8P5, 10
INSERT INTO appointment (id, date_time, employee_id, patient_id, therapy_id, session_notes) VALUES (449, '2024-01-12T18:00', 137, 35, 44, 'Initial evaluation complete, begun with basic knee stabilization exercises.'); --#3H4O2, 12
INSERT INTO appointment (id, date_time, employee_id, patient_id, therapy_id, session_notes) VALUES (450, '2024-01-15T18:00', 148, 35, 44, ''); --#3H4O2, 12
INSERT INTO appointment (id, date_time, employee_id, patient_id, therapy_id, session_notes) VALUES (451, '2024-01-17T18:00', 130, 35, 44, ''); --#3H4O2, 12
INSERT INTO appointment (id, date_time, employee_id, patient_id, therapy_id, session_notes) VALUES (452, '2024-01-18T18:00', 139, 35, 44, ''); --#3H4O2, 12
INSERT INTO appointment (id, date_time, employee_id, patient_id, therapy_id, session_notes) VALUES (453, '2024-01-22T18:00', 142, 35, 44, ''); --#3H4O2, 12
INSERT INTO appointment (id, date_time, employee_id, patient_id, therapy_id, session_notes) VALUES (454, '2024-01-24T18:00', 140, 35, 44, ''); --#3H4O2, 12
INSERT INTO appointment (id, date_time, employee_id, patient_id, therapy_id, session_notes) VALUES (455, '2024-01-25T18:00', 148, 35, 44, ''); --#3H4O2, 12
INSERT INTO appointment (id, date_time, employee_id, patient_id, therapy_id, session_notes) VALUES (456, '2024-01-26T18:00', 148, 35, 44, ''); --#3H4O2, 12
INSERT INTO appointment (id, date_time, employee_id, patient_id, therapy_id, session_notes) VALUES (457, '2024-01-29T18:00', 144, 35, 44, ''); --#3H4O2, 12
INSERT INTO appointment (id, date_time, employee_id, patient_id, therapy_id, session_notes) VALUES (458, '2024-01-31T18:00', 139, 35, 44, ''); --#3H4O2, 12
INSERT INTO appointment (id, date_time, employee_id, patient_id, therapy_id, session_notes) VALUES (459, '2024-02-01T18:00', 143, 35, 44, ''); --#3H4O2, 12
INSERT INTO appointment (id, date_time, employee_id, patient_id, therapy_id, session_notes) VALUES (460, '2024-02-05T18:00', 139, 35, 44, ''); --#3H4O2, 12
INSERT INTO appointment (id, date_time, employee_id, patient_id, therapy_id, session_notes) VALUES (461, '2024-02-08T18:00', 130, 35, 44, ''); --#3H4O2, 12
INSERT INTO appointment (id, date_time, employee_id, patient_id, therapy_id, session_notes) VALUES (462, '2024-02-09T18:00', 141, 35, 44, ''); --#3H4O2, 12
INSERT INTO appointment (id, date_time, employee_id, patient_id, therapy_id, session_notes) VALUES (463, '2024-02-12T18:00', 143, 35, 44, ''); --#3H4O2, 12
INSERT INTO appointment (id, date_time, employee_id, patient_id, therapy_id, session_notes) VALUES (464, '2024-02-14T18:00', 148, 35, 44, ''); --#3H4O2, 12
INSERT INTO appointment (id, date_time, employee_id, patient_id, therapy_id, session_notes) VALUES (465, '2024-02-16T18:00', 144, 35, 44, ''); --#3H4O2, 12
INSERT INTO appointment (id, date_time, employee_id, patient_id, therapy_id, session_notes) VALUES (466, '2024-02-19T18:00', 132, 35, 44, ''); --#3H4O2, 12
INSERT INTO appointment (id, date_time, employee_id, patient_id, therapy_id, session_notes) VALUES (467, '2024-02-21T18:00', 141, 35, 44, ''); --#3H4O2, 12
INSERT INTO appointment (id, date_time, employee_id, patient_id, therapy_id, session_notes) VALUES (468, '2024-02-23T18:00', 143, 35, 44, ''); --#3H4O2, 12
INSERT INTO appointment (id, date_time, employee_id, patient_id, therapy_id, session_notes) VALUES (469, '2024-01-04T14:00', 137, 40, 45, 'Initial assessment completed, beginning targeted exercises for spinal alignment.'); --#5R9N7, 24
INSERT INTO appointment (id, date_time, employee_id, patient_id, therapy_id, session_notes) VALUES (470, '2024-01-08T14:00', 137, 40, 45, 'Patient is adapting well to exercises, showing early signs of improved posture.'); --#5R9N7, 24
INSERT INTO appointment (id, date_time, employee_id, patient_id, therapy_id, session_notes) VALUES (471, '2024-01-11T14:00', 135, 40, 45, 'Notable progress in spinal alignment, patient demonstrates increased awareness of posture.'); --#5R9N7, 24
INSERT INTO appointment (id, date_time, employee_id, patient_id, therapy_id, session_notes) VALUES (472, '2024-01-15T14:00', 140, 40, 45, ''); --#5R9N7, 24
INSERT INTO appointment (id, date_time, employee_id, patient_id, therapy_id, session_notes) VALUES (473, '2024-01-16T14:00', 148, 40, 45, ''); --#5R9N7, 24
INSERT INTO appointment (id, date_time, employee_id, patient_id, therapy_id, session_notes) VALUES (474, '2024-01-19T14:00', 146, 40, 45, ''); --#5R9N7, 24
INSERT INTO appointment (id, date_time, employee_id, patient_id, therapy_id, session_notes) VALUES (475, '2024-01-22T14:00', 143, 40, 45, ''); --#5R9N7, 24
INSERT INTO appointment (id, date_time, employee_id, patient_id, therapy_id, session_notes) VALUES (476, '2024-01-24T14:00', 143, 40, 45, ''); --#5R9N7, 24
INSERT INTO appointment (id, date_time, employee_id, patient_id, therapy_id, session_notes) VALUES (477, '2024-01-01T08:00', 132, 8, 46, ''); --#5G3Y4, 1
INSERT INTO appointment (id, date_time, employee_id, patient_id, therapy_id, session_notes) VALUES (478, '2024-01-02T08:00', 143, 8, 46, ''); --#5G3Y4, 1
INSERT INTO appointment (id, date_time, employee_id, patient_id, therapy_id, session_notes) VALUES (479, '2024-01-03T08:00', 140, 8, 46, ''); --#5G3Y4, 1
INSERT INTO appointment (id, date_time, employee_id, patient_id, therapy_id, session_notes) VALUES (480, '2024-01-08T08:00', 140, 8, 46, ''); --#5G3Y4, 1
INSERT INTO appointment (id, date_time, employee_id, patient_id, therapy_id, session_notes) VALUES (481, '2024-01-09T08:00', 135, 8, 46, ''); --#5G3Y4, 1
INSERT INTO appointment (id, date_time, employee_id, patient_id, therapy_id, session_notes) VALUES (482, '2024-01-12T08:00', 143, 8, 46, ''); --#5G3Y4, 1
INSERT INTO appointment (id, date_time, employee_id, patient_id, therapy_id, session_notes) VALUES (483, '2024-01-15T08:00', 135, 8, 46, ''); --#5G3Y4, 1
INSERT INTO appointment (id, date_time, employee_id, patient_id, therapy_id, session_notes) VALUES (484, '2024-01-18T08:00', 144, 8, 46, ''); --#5G3Y4, 1
INSERT INTO appointment (id, date_time, employee_id, patient_id, therapy_id, session_notes) VALUES (485, '2024-01-19T08:00', 141, 8, 46, ''); --#5G3Y4, 1
INSERT INTO appointment (id, date_time, employee_id, patient_id, therapy_id, session_notes) VALUES (486, '2024-01-22T08:00', 144, 8, 46, ''); --#5G3Y4, 1
INSERT INTO appointment (id, date_time, employee_id, patient_id, therapy_id, session_notes) VALUES (487, '2024-01-25T08:00', 143, 8, 46, ''); --#5G3Y4, 1
INSERT INTO appointment (id, date_time, employee_id, patient_id, therapy_id, session_notes) VALUES (488, '2024-01-26T08:00', 141, 8, 46, ''); --#5G3Y4, 1
INSERT INTO appointment (id, date_time, employee_id, patient_id, therapy_id, session_notes) VALUES (489, '2024-01-12T17:00', 139, 5, 47, 'Began with gentle core strengthening and flexibility exercises.'); --#3N4P6, 21
INSERT INTO appointment (id, date_time, employee_id, patient_id, therapy_id, session_notes) VALUES (490, '2024-01-15T17:00', 135, 5, 47, ''); --#3N4P6, 21
INSERT INTO appointment (id, date_time, employee_id, patient_id, therapy_id, session_notes) VALUES (491, '2024-01-18T17:00', 132, 5, 47, ''); --#3N4P6, 21
INSERT INTO appointment (id, date_time, employee_id, patient_id, therapy_id, session_notes) VALUES (492, '2024-01-22T17:00', 130, 5, 47, ''); --#3N4P6, 21
INSERT INTO appointment (id, date_time, employee_id, patient_id, therapy_id, session_notes) VALUES (493, '2024-01-24T17:00', 145, 5, 47, ''); --#3N4P6, 21
INSERT INTO appointment (id, date_time, employee_id, patient_id, therapy_id, session_notes) VALUES (494, '2024-01-25T17:00', 137, 5, 47, ''); --#3N4P6, 21
INSERT INTO appointment (id, date_time, employee_id, patient_id, therapy_id, session_notes) VALUES (495, '2024-01-26T17:00', 140, 5, 47, ''); --#3N4P6, 21
INSERT INTO appointment (id, date_time, employee_id, patient_id, therapy_id, session_notes) VALUES (496, '2024-01-29T17:00', 145, 5, 47, ''); --#3N4P6, 21
INSERT INTO appointment (id, date_time, employee_id, patient_id, therapy_id, session_notes) VALUES (497, '2024-01-31T17:00', 145, 5, 47, ''); --#3N4P6, 21
INSERT INTO appointment (id, date_time, employee_id, patient_id, therapy_id, session_notes) VALUES (498, '2024-02-05T17:00', 135, 5, 47, ''); --#3N4P6, 21
INSERT INTO appointment (id, date_time, employee_id, patient_id, therapy_id, session_notes) VALUES (499, '2024-02-08T17:00', 143, 5, 47, ''); --#3N4P6, 21
INSERT INTO appointment (id, date_time, employee_id, patient_id, therapy_id, session_notes) VALUES (500, '2024-02-12T17:00', 130, 5, 47, ''); --#3N4P6, 21
INSERT INTO appointment (id, date_time, employee_id, patient_id, therapy_id, session_notes) VALUES (501, '2024-02-14T17:00', 148, 5, 47, ''); --#3N4P6, 21
INSERT INTO appointment (id, date_time, employee_id, patient_id, therapy_id, session_notes) VALUES (502, '2024-02-16T17:00', 135, 5, 47, ''); --#3N4P6, 21
INSERT INTO appointment (id, date_time, employee_id, patient_id, therapy_id, session_notes) VALUES (503, '2024-01-03T08:00', 139, 26, 48, 'Initiated therapy with basic ankle mobilization.'); --#6W1E6, 18
INSERT INTO appointment (id, date_time, employee_id, patient_id, therapy_id, session_notes) VALUES (504, '2024-01-05T08:00', 132, 26, 48, 'Patient reports reduced swelling and pain, improvement in stability.'); --#6W1E6, 18
INSERT INTO appointment (id, date_time, employee_id, patient_id, therapy_id, session_notes) VALUES (505, '2024-01-08T08:00', 130, 26, 48, 'Good progress, introduced balance and proprioception exercises.'); --#6W1E6, 18
INSERT INTO appointment (id, date_time, employee_id, patient_id, therapy_id, session_notes) VALUES (506, '2024-01-09T08:00', 145, 26, 48, 'Notable gains in ankle strength and mobility.'); --#6W1E6, 18
INSERT INTO appointment (id, date_time, employee_id, patient_id, therapy_id, session_notes) VALUES (507, '2024-01-10T08:00', 137, 26, 48, 'Patient able to perform daily activities with less discomfort.'); --#6W1E6, 18
INSERT INTO appointment (id, date_time, employee_id, patient_id, therapy_id, session_notes) VALUES (508, '2024-01-11T08:00', 132, 26, 48, 'Continued improvement, focusing on dynamic movements.'); --#6W1E6, 18
INSERT INTO appointment (id, date_time, employee_id, patient_id, therapy_id, session_notes) VALUES (509, '2024-01-15T08:00', 126, 26, 48, ''); --#6W1E6, 18
INSERT INTO appointment (id, date_time, employee_id, patient_id, therapy_id, session_notes) VALUES (510, '2024-01-18T08:00', 137, 26, 48, ''); --#6W1E6, 18
INSERT INTO appointment (id, date_time, employee_id, patient_id, therapy_id, session_notes) VALUES (511, '2024-01-11T16:00', 142, 95, 49, 'Began gentle mobilization exercises, patient tolerating well.'); --#5G3Y4, 1
INSERT INTO appointment (id, date_time, employee_id, patient_id, therapy_id, session_notes) VALUES (512, '2024-01-12T16:00', 137, 95, 49, 'Slight improvement in shoulder mobility, continuing with prescribed exercises.'); --#5G3Y4, 1
INSERT INTO appointment (id, date_time, employee_id, patient_id, therapy_id, session_notes) VALUES (513, '2024-01-15T16:00', 126, 95, 49, ''); --#5G3Y4, 1
INSERT INTO appointment (id, date_time, employee_id, patient_id, therapy_id, session_notes) VALUES (514, '2024-01-17T16:00', 146, 95, 49, ''); --#5G3Y4, 1
INSERT INTO appointment (id, date_time, employee_id, patient_id, therapy_id, session_notes) VALUES (515, '2024-01-18T16:00', 142, 95, 49, ''); --#5G3Y4, 1
INSERT INTO appointment (id, date_time, employee_id, patient_id, therapy_id, session_notes) VALUES (516, '2024-01-22T16:00', 135, 95, 49, ''); --#5G3Y4, 1
INSERT INTO appointment (id, date_time, employee_id, patient_id, therapy_id, session_notes) VALUES (517, '2024-01-25T16:00', 146, 95, 49, ''); --#5G3Y4, 1
INSERT INTO appointment (id, date_time, employee_id, patient_id, therapy_id, session_notes) VALUES (518, '2024-01-29T16:00', 139, 95, 49, ''); --#5G3Y4, 1
INSERT INTO appointment (id, date_time, employee_id, patient_id, therapy_id, session_notes) VALUES (519, '2024-01-30T16:00', 143, 95, 49, ''); --#5G3Y4, 1
INSERT INTO appointment (id, date_time, employee_id, patient_id, therapy_id, session_notes) VALUES (520, '2024-01-31T16:00', 126, 95, 49, ''); --#5G3Y4, 1
INSERT INTO appointment (id, date_time, employee_id, patient_id, therapy_id, session_notes) VALUES (521, '2024-02-02T16:00', 130, 95, 49, ''); --#5G3Y4, 1
INSERT INTO appointment (id, date_time, employee_id, patient_id, therapy_id, session_notes) VALUES (522, '2024-02-05T16:00', 135, 95, 49, ''); --#5G3Y4, 1
INSERT INTO appointment (id, date_time, employee_id, patient_id, therapy_id, session_notes) VALUES (523, '2024-01-15T08:00', 141, 80, 50, ''); --#8H6H1, 27
INSERT INTO appointment (id, date_time, employee_id, patient_id, therapy_id, session_notes) VALUES (524, '2024-01-17T08:00', 145, 80, 50, ''); --#8H6H1, 27
INSERT INTO appointment (id, date_time, employee_id, patient_id, therapy_id, session_notes) VALUES (525, '2024-01-18T08:00', 148, 80, 50, ''); --#8H6H1, 27
INSERT INTO appointment (id, date_time, employee_id, patient_id, therapy_id, session_notes) VALUES (526, '2024-01-22T08:00', 144, 80, 50, ''); --#8H6H1, 27
INSERT INTO appointment (id, date_time, employee_id, patient_id, therapy_id, session_notes) VALUES (527, '2024-01-25T08:00', 132, 80, 50, ''); --#8H6H1, 27
INSERT INTO appointment (id, date_time, employee_id, patient_id, therapy_id, session_notes) VALUES (528, '2024-01-29T08:00', 145, 80, 50, ''); --#8H6H1, 27
INSERT INTO appointment (id, date_time, employee_id, patient_id, therapy_id, session_notes) VALUES (529, '2024-01-30T08:00', 140, 80, 50, ''); --#8H6H1, 27
INSERT INTO appointment (id, date_time, employee_id, patient_id, therapy_id, session_notes) VALUES (530, '2024-02-02T08:00', 145, 80, 50, ''); --#8H6H1, 27
INSERT INTO appointment (id, date_time, employee_id, patient_id, therapy_id, session_notes) VALUES (531, '2024-02-05T08:00', 145, 80, 50, ''); --#8H6H1, 27
INSERT INTO appointment (id, date_time, employee_id, patient_id, therapy_id, session_notes) VALUES (532, '2024-02-07T08:00', 148, 80, 50, ''); --#8H6H1, 27
INSERT INTO appointment (id, date_time, employee_id, patient_id, therapy_id, session_notes) VALUES (533, '2023-12-27T15:00', 147, 25, 51, 'Initiated therapy focusing on pain relief and muscle relaxation.'); --#2K6H8, 37
INSERT INTO appointment (id, date_time, employee_id, patient_id, therapy_id, session_notes) VALUES (534, '2023-12-29T15:00', 128, 25, 51, 'Patient reports less muscle pain, improved sleep quality.'); --#2K6H8, 37
INSERT INTO appointment (id, date_time, employee_id, patient_id, therapy_id, session_notes) VALUES (535, '2024-01-01T15:00', 147, 25, 51, 'Good progress, introduced therapeutic exercises for pain management.'); --#2K6H8, 37
INSERT INTO appointment (id, date_time, employee_id, patient_id, therapy_id, session_notes) VALUES (536, '2024-01-03T15:00', 128, 25, 51, 'Notable reduction in chronic muscle pain, patient more active.'); --#2K6H8, 37
INSERT INTO appointment (id, date_time, employee_id, patient_id, therapy_id, session_notes) VALUES (537, '2024-01-08T15:00', 128, 25, 51, 'Patient engaging in daily tasks with greater ease and comfort.'); --#2K6H8, 37
INSERT INTO appointment (id, date_time, employee_id, patient_id, therapy_id, session_notes) VALUES (538, '2024-01-09T15:00', 147, 25, 51, 'Continued improvement in managing chronic pain.'); --#2K6H8, 37
INSERT INTO appointment (id, date_time, employee_id, patient_id, therapy_id, session_notes) VALUES (539, '2024-01-12T15:00', 147, 25, 51, 'Significant relief from muscle pain, patient advised on long-term pain management strategies.'); --#2K6H8, 37
INSERT INTO appointment (id, date_time, employee_id, patient_id, therapy_id, session_notes) VALUES (540, '2024-01-12T09:00', 144, 3, 52, 'Initiated therapy with gentle stretching and strengthening.'); --#8I5F5, 4
INSERT INTO appointment (id, date_time, employee_id, patient_id, therapy_id, session_notes) VALUES (541, '2024-01-15T09:00', 144, 3, 52, ''); --#8I5F5, 4
INSERT INTO appointment (id, date_time, employee_id, patient_id, therapy_id, session_notes) VALUES (542, '2024-01-16T09:00', 146, 3, 52, ''); --#8I5F5, 4
INSERT INTO appointment (id, date_time, employee_id, patient_id, therapy_id, session_notes) VALUES (543, '2024-01-18T09:00', 141, 3, 52, ''); --#8I5F5, 4
INSERT INTO appointment (id, date_time, employee_id, patient_id, therapy_id, session_notes) VALUES (544, '2024-01-22T09:00', 132, 3, 52, ''); --#8I5F5, 4
INSERT INTO appointment (id, date_time, employee_id, patient_id, therapy_id, session_notes) VALUES (545, '2024-01-25T09:00', 130, 3, 52, ''); --#8I5F5, 4
INSERT INTO appointment (id, date_time, employee_id, patient_id, therapy_id, session_notes) VALUES (546, '2024-01-26T09:00', 142, 3, 52, ''); --#8I5F5, 4
INSERT INTO appointment (id, date_time, employee_id, patient_id, therapy_id, session_notes) VALUES (547, '2024-01-29T09:00', 126, 3, 52, ''); --#8I5F5, 4
INSERT INTO appointment (id, date_time, employee_id, patient_id, therapy_id, session_notes) VALUES (548, '2024-01-02T15:00', 146, 104, 53, 'Assessment completed, initiated posture correction exercises.'); --#8K1H7, 25
INSERT INTO appointment (id, date_time, employee_id, patient_id, therapy_id, session_notes) VALUES (549, '2024-01-05T15:00', 135, 104, 53, 'Patient shows early signs of improved posture, reduced discomfort.'); --#8K1H7, 25
INSERT INTO appointment (id, date_time, employee_id, patient_id, therapy_id, session_notes) VALUES (550, '2024-01-08T15:00', 137, 104, 53, 'Good progress, focusing on strengthening core and back muscles.'); --#8K1H7, 25
INSERT INTO appointment (id, date_time, employee_id, patient_id, therapy_id, session_notes) VALUES (551, '2024-01-09T15:00', 148, 104, 53, 'Notable improvement in posture, reduced neck and back strain.'); --#8K1H7, 25
INSERT INTO appointment (id, date_time, employee_id, patient_id, therapy_id, session_notes) VALUES (552, '2024-01-12T15:00', 132, 104, 53, 'Patient more aware of proper posture, continuing with exercises.'); --#8K1H7, 25
INSERT INTO appointment (id, date_time, employee_id, patient_id, therapy_id, session_notes) VALUES (553, '2024-01-15T15:00', 139, 104, 53, ''); --#8K1H7, 25
INSERT INTO appointment (id, date_time, employee_id, patient_id, therapy_id, session_notes) VALUES (554, '2024-01-18T15:00', 126, 104, 53, ''); --#8K1H7, 25
INSERT INTO appointment (id, date_time, employee_id, patient_id, therapy_id, session_notes) VALUES (555, '2024-01-09T19:00', 137, 37, 54, 'Initiated therapy with non-weight bearing exercises.'); --#9M8D2, 16
INSERT INTO appointment (id, date_time, employee_id, patient_id, therapy_id, session_notes) VALUES (556, '2024-01-11T19:00', 148, 37, 54, 'Patient reports reduced pain, slight improvement in mobility.'); --#9M8D2, 16
INSERT INTO appointment (id, date_time, employee_id, patient_id, therapy_id, session_notes) VALUES (557, '2024-01-15T19:00', 142, 37, 54, ''); --#9M8D2, 16
INSERT INTO appointment (id, date_time, employee_id, patient_id, therapy_id, session_notes) VALUES (558, '2024-01-16T19:00', 142, 37, 54, ''); --#9M8D2, 16
INSERT INTO appointment (id, date_time, employee_id, patient_id, therapy_id, session_notes) VALUES (559, '2024-01-17T19:00', 130, 37, 54, ''); --#9M8D2, 16
INSERT INTO appointment (id, date_time, employee_id, patient_id, therapy_id, session_notes) VALUES (560, '2024-01-19T19:00', 143, 37, 54, ''); --#9M8D2, 16
INSERT INTO appointment (id, date_time, employee_id, patient_id, therapy_id, session_notes) VALUES (561, '2024-01-22T19:00', 142, 37, 54, ''); --#9M8D2, 16
INSERT INTO appointment (id, date_time, employee_id, patient_id, therapy_id, session_notes) VALUES (562, '2024-01-25T19:00', 130, 37, 54, ''); --#9M8D2, 16
INSERT INTO appointment (id, date_time, employee_id, patient_id, therapy_id, session_notes) VALUES (563, '2024-01-26T19:00', 144, 37, 54, ''); --#9M8D2, 16
INSERT INTO appointment (id, date_time, employee_id, patient_id, therapy_id, session_notes) VALUES (564, '2024-01-29T19:00', 137, 37, 54, ''); --#9M8D2, 16
INSERT INTO appointment (id, date_time, employee_id, patient_id, therapy_id, session_notes) VALUES (565, '2024-01-15T09:00', 144, 67, 55, ''); --#6W1E6, 18
INSERT INTO appointment (id, date_time, employee_id, patient_id, therapy_id, session_notes) VALUES (566, '2024-01-18T09:00', 145, 67, 55, ''); --#6W1E6, 18
INSERT INTO appointment (id, date_time, employee_id, patient_id, therapy_id, session_notes) VALUES (567, '2024-01-22T09:00', 141, 67, 55, ''); --#6W1E6, 18
INSERT INTO appointment (id, date_time, employee_id, patient_id, therapy_id, session_notes) VALUES (568, '2024-01-25T09:00', 140, 67, 55, ''); --#6W1E6, 18
INSERT INTO appointment (id, date_time, employee_id, patient_id, therapy_id, session_notes) VALUES (569, '2024-01-26T09:00', 146, 67, 55, ''); --#6W1E6, 18
INSERT INTO appointment (id, date_time, employee_id, patient_id, therapy_id, session_notes) VALUES (570, '2024-01-29T09:00', 142, 67, 55, ''); --#6W1E6, 18
INSERT INTO appointment (id, date_time, employee_id, patient_id, therapy_id, session_notes) VALUES (571, '2024-01-31T09:00', 139, 67, 55, ''); --#6W1E6, 18
INSERT INTO appointment (id, date_time, employee_id, patient_id, therapy_id, session_notes) VALUES (572, '2024-02-01T09:00', 139, 67, 55, ''); --#6W1E6, 18
INSERT INTO appointment (id, date_time, employee_id, patient_id, therapy_id, session_notes) VALUES (573, '2023-12-20T09:00', 148, 97, 56, 'Initiated therapy with gentle stretching and strengthening.'); --#8I5F5, 4
INSERT INTO appointment (id, date_time, employee_id, patient_id, therapy_id, session_notes) VALUES (574, '2023-12-22T09:00', 141, 97, 56, 'Patient reports reduced pain, improved elbow mobility.'); --#8I5F5, 4
INSERT INTO appointment (id, date_time, employee_id, patient_id, therapy_id, session_notes) VALUES (575, '2023-12-25T09:00', 143, 97, 56, 'Progressing with exercises, pain decreasing gradually.'); --#8I5F5, 4
INSERT INTO appointment (id, date_time, employee_id, patient_id, therapy_id, session_notes) VALUES (576, '2023-12-26T09:00', 141, 97, 56, 'Notable improvement in strength, daily activities easier to perform.'); --#8I5F5, 4
INSERT INTO appointment (id, date_time, employee_id, patient_id, therapy_id, session_notes) VALUES (577, '2023-12-27T09:00', 126, 97, 56, 'Continued reduction in pain, especially during wrist movements.'); --#8I5F5, 4
INSERT INTO appointment (id, date_time, employee_id, patient_id, therapy_id, session_notes) VALUES (578, '2024-01-01T09:00', 137, 97, 56, 'Patient able to lift heavier objects with less discomfort.'); --#8I5F5, 4
INSERT INTO appointment (id, date_time, employee_id, patient_id, therapy_id, session_notes) VALUES (579, '2024-01-04T09:00', 126, 97, 56, 'Significant gains in elbow function and strength.'); --#8I5F5, 4
INSERT INTO appointment (id, date_time, employee_id, patient_id, therapy_id, session_notes) VALUES (580, '2024-01-08T09:00', 140, 97, 56, 'Elbow nearly back to normal function, continue with preventive exercises.'); --#8I5F5, 4
INSERT INTO appointment (id, date_time, employee_id, patient_id, therapy_id, session_notes) VALUES (581, '2024-01-08T17:00', 142, 49, 57, 'Started with gentle hip mobilization exercises.'); --#2T8L4, 17
INSERT INTO appointment (id, date_time, employee_id, patient_id, therapy_id, session_notes) VALUES (582, '2024-01-10T17:00', 144, 49, 57, 'Patient reports reduced hip pain, improved mobility.'); --#2T8L4, 17
INSERT INTO appointment (id, date_time, employee_id, patient_id, therapy_id, session_notes) VALUES (583, '2024-01-15T17:00', 142, 49, 57, ''); --#2T8L4, 17
INSERT INTO appointment (id, date_time, employee_id, patient_id, therapy_id, session_notes) VALUES (584, '2024-01-17T17:00', 126, 49, 57, ''); --#2T8L4, 17
INSERT INTO appointment (id, date_time, employee_id, patient_id, therapy_id, session_notes) VALUES (585, '2024-01-18T17:00', 130, 49, 57, ''); --#2T8L4, 17
INSERT INTO appointment (id, date_time, employee_id, patient_id, therapy_id, session_notes) VALUES (586, '2024-01-22T17:00', 146, 49, 57, ''); --#2T8L4, 17
INSERT INTO appointment (id, date_time, employee_id, patient_id, therapy_id, session_notes) VALUES (587, '2024-01-25T17:00', 148, 49, 57, ''); --#2T8L4, 17
INSERT INTO appointment (id, date_time, employee_id, patient_id, therapy_id, session_notes) VALUES (588, '2024-01-29T17:00', 132, 49, 57, ''); --#2T8L4, 17
INSERT INTO appointment (id, date_time, employee_id, patient_id, therapy_id, session_notes) VALUES (589, '2024-01-30T17:00', 146, 49, 57, ''); --#2T8L4, 17
INSERT INTO appointment (id, date_time, employee_id, patient_id, therapy_id, session_notes) VALUES (590, '2024-02-01T17:00', 144, 49, 57, ''); --#2T8L4, 17
INSERT INTO appointment (id, date_time, employee_id, patient_id, therapy_id, session_notes) VALUES (591, '2024-01-15T08:00', 140, 78, 58, ''); --#1V2V2, 3
INSERT INTO appointment (id, date_time, employee_id, patient_id, therapy_id, session_notes) VALUES (592, '2024-01-17T08:00', 126, 78, 58, ''); --#1V2V2, 3
INSERT INTO appointment (id, date_time, employee_id, patient_id, therapy_id, session_notes) VALUES (593, '2024-01-18T08:00', 144, 78, 58, ''); --#1V2V2, 3
INSERT INTO appointment (id, date_time, employee_id, patient_id, therapy_id, session_notes) VALUES (594, '2024-01-19T08:00', 142, 78, 58, ''); --#1V2V2, 3
INSERT INTO appointment (id, date_time, employee_id, patient_id, therapy_id, session_notes) VALUES (595, '2024-01-22T08:00', 132, 78, 58, ''); --#1V2V2, 3
INSERT INTO appointment (id, date_time, employee_id, patient_id, therapy_id, session_notes) VALUES (596, '2024-01-24T08:00', 130, 78, 58, ''); --#1V2V2, 3
INSERT INTO appointment (id, date_time, employee_id, patient_id, therapy_id, session_notes) VALUES (597, '2024-01-29T08:00', 142, 78, 58, ''); --#1V2V2, 3
INSERT INTO appointment (id, date_time, employee_id, patient_id, therapy_id, session_notes) VALUES (598, '2024-01-31T08:00', 141, 78, 58, ''); --#1V2V2, 3
INSERT INTO appointment (id, date_time, employee_id, patient_id, therapy_id, session_notes) VALUES (599, '2024-01-05T18:00', 147, 82, 59, 'Began with relaxation techniques and gentle stretching.'); --#6L2M9, 36
INSERT INTO appointment (id, date_time, employee_id, patient_id, therapy_id, session_notes) VALUES (600, '2024-01-08T18:00', 147, 82, 59, 'Patient reports reduced muscle spasms and tension.'); --#6L2M9, 36
INSERT INTO appointment (id, date_time, employee_id, patient_id, therapy_id, session_notes) VALUES (601, '2024-01-11T18:00', 128, 82, 59, 'Good progress, focusing on stress reduction and muscle relaxation.'); --#6L2M9, 36
INSERT INTO appointment (id, date_time, employee_id, patient_id, therapy_id, session_notes) VALUES (602, '2024-01-15T18:00', 128, 82, 59, ''); --#6L2M9, 36
INSERT INTO appointment (id, date_time, employee_id, patient_id, therapy_id, session_notes) VALUES (603, '2024-01-17T18:00', 128, 82, 59, ''); --#6L2M9, 36
INSERT INTO appointment (id, date_time, employee_id, patient_id, therapy_id, session_notes) VALUES (604, '2024-01-18T18:00', 128, 82, 59, ''); --#6L2M9, 36
INSERT INTO appointment (id, date_time, employee_id, patient_id, therapy_id, session_notes) VALUES (605, '2024-01-05T11:00', 136, 84, 60, 'Began with basic motor skill exercises, patient showing initial progress.'); --#9P3R1, 29
INSERT INTO appointment (id, date_time, employee_id, patient_id, therapy_id, session_notes) VALUES (606, '2024-01-08T11:00', 136, 84, 60, 'Slight improvement in limb coordination and strength.'); --#9P3R1, 29
INSERT INTO appointment (id, date_time, employee_id, patient_id, therapy_id, session_notes) VALUES (607, '2024-01-11T11:00', 127, 84, 60, 'Patient demonstrates increased ability in daily tasks.'); --#9P3R1, 29
INSERT INTO appointment (id, date_time, employee_id, patient_id, therapy_id, session_notes) VALUES (608, '2024-01-12T11:00', 127, 84, 60, 'Good progress in regaining motor control, focusing on balance.'); --#9P3R1, 29
INSERT INTO appointment (id, date_time, employee_id, patient_id, therapy_id, session_notes) VALUES (609, '2024-01-15T11:00', 127, 84, 60, ''); --#9P3R1, 29
INSERT INTO appointment (id, date_time, employee_id, patient_id, therapy_id, session_notes) VALUES (610, '2024-01-17T11:00', 136, 84, 60, ''); --#9P3R1, 29
INSERT INTO appointment (id, date_time, employee_id, patient_id, therapy_id, session_notes) VALUES (611, '2024-01-18T11:00', 127, 84, 60, ''); --#9P3R1, 29
INSERT INTO appointment (id, date_time, employee_id, patient_id, therapy_id, session_notes) VALUES (612, '2024-01-22T11:00', 136, 84, 60, ''); --#9P3R1, 29
INSERT INTO appointment (id, date_time, employee_id, patient_id, therapy_id, session_notes) VALUES (613, '2024-01-25T11:00', 136, 84, 60, ''); --#9P3R1, 29
INSERT INTO appointment (id, date_time, employee_id, patient_id, therapy_id, session_notes) VALUES (614, '2024-01-26T11:00', 136, 84, 60, ''); --#9P3R1, 29
INSERT INTO appointment (id, date_time, employee_id, patient_id, therapy_id, session_notes) VALUES (615, '2024-01-29T11:00', 136, 84, 60, ''); --#9P3R1, 29
INSERT INTO appointment (id, date_time, employee_id, patient_id, therapy_id, session_notes) VALUES (616, '2024-01-30T11:00', 136, 84, 60, ''); --#9P3R1, 29
INSERT INTO appointment (id, date_time, employee_id, patient_id, therapy_id, session_notes) VALUES (617, '2024-02-02T11:00', 136, 84, 60, ''); --#9P3R1, 29
INSERT INTO appointment (id, date_time, employee_id, patient_id, therapy_id, session_notes) VALUES (618, '2024-02-05T11:00', 127, 84, 60, ''); --#9P3R1, 29
INSERT INTO appointment (id, date_time, employee_id, patient_id, therapy_id, session_notes) VALUES (619, '2024-02-07T11:00', 127, 84, 60, ''); --#9P3R1, 29
INSERT INTO appointment (id, date_time, employee_id, patient_id, therapy_id, session_notes) VALUES (620, '2024-02-09T11:00', 127, 84, 60, ''); --#9P3R1, 29
INSERT INTO appointment (id, date_time, employee_id, patient_id, therapy_id, session_notes) VALUES (621, '2024-02-12T11:00', 127, 84, 60, ''); --#9P3R1, 29
INSERT INTO appointment (id, date_time, employee_id, patient_id, therapy_id, session_notes) VALUES (622, '2024-02-14T11:00', 136, 84, 60, ''); --#9P3R1, 29
INSERT INTO appointment (id, date_time, employee_id, patient_id, therapy_id, session_notes) VALUES (623, '2024-02-19T11:00', 136, 84, 60, ''); --#9P3R1, 29
INSERT INTO appointment (id, date_time, employee_id, patient_id, therapy_id, session_notes) VALUES (624, '2024-02-20T11:00', 136, 84, 60, ''); --#9P3R1, 29
INSERT INTO appointment (id, date_time, employee_id, patient_id, therapy_id, session_notes) VALUES (625, '2024-01-12T08:00', 139, 72, 61, 'Began with basic knee mobilization, patient tolerating well.'); --#6F2G1, 13
INSERT INTO appointment (id, date_time, employee_id, patient_id, therapy_id, session_notes) VALUES (626, '2024-01-15T08:00', 130, 72, 61, ''); --#6F2G1, 13
INSERT INTO appointment (id, date_time, employee_id, patient_id, therapy_id, session_notes) VALUES (627, '2024-01-18T08:00', 135, 72, 61, ''); --#6F2G1, 13
INSERT INTO appointment (id, date_time, employee_id, patient_id, therapy_id, session_notes) VALUES (628, '2024-01-22T08:00', 140, 72, 61, ''); --#6F2G1, 13
INSERT INTO appointment (id, date_time, employee_id, patient_id, therapy_id, session_notes) VALUES (629, '2024-01-23T08:00', 143, 72, 61, ''); --#6F2G1, 13
INSERT INTO appointment (id, date_time, employee_id, patient_id, therapy_id, session_notes) VALUES (630, '2024-01-26T08:00', 140, 72, 61, ''); --#6F2G1, 13
INSERT INTO appointment (id, date_time, employee_id, patient_id, therapy_id, session_notes) VALUES (631, '2024-01-29T08:00', 130, 72, 61, ''); --#6F2G1, 13
INSERT INTO appointment (id, date_time, employee_id, patient_id, therapy_id, session_notes) VALUES (632, '2024-02-01T08:00', 144, 72, 61, ''); --#6F2G1, 13
INSERT INTO appointment (id, date_time, employee_id, patient_id, therapy_id, session_notes) VALUES (633, '2024-01-12T14:00', 127, 83, 62, 'Initiated post-operative exercises, patient tolerating well.'); --#3J6K2, 28
INSERT INTO appointment (id, date_time, employee_id, patient_id, therapy_id, session_notes) VALUES (634, '2024-01-15T14:00', 127, 83, 62, ''); --#3J6K2, 28
INSERT INTO appointment (id, date_time, employee_id, patient_id, therapy_id, session_notes) VALUES (635, '2024-01-17T14:00', 127, 83, 62, ''); --#3J6K2, 28
INSERT INTO appointment (id, date_time, employee_id, patient_id, therapy_id, session_notes) VALUES (636, '2024-01-19T14:00', 127, 83, 62, ''); --#3J6K2, 28
INSERT INTO appointment (id, date_time, employee_id, patient_id, therapy_id, session_notes) VALUES (637, '2024-01-22T14:00', 136, 83, 62, ''); --#3J6K2, 28
INSERT INTO appointment (id, date_time, employee_id, patient_id, therapy_id, session_notes) VALUES (638, '2024-01-24T14:00', 136, 83, 62, ''); --#3J6K2, 28
INSERT INTO appointment (id, date_time, employee_id, patient_id, therapy_id, session_notes) VALUES (639, '2024-01-29T14:00', 127, 83, 62, ''); --#3J6K2, 28
INSERT INTO appointment (id, date_time, employee_id, patient_id, therapy_id, session_notes) VALUES (640, '2024-02-01T14:00', 127, 83, 62, ''); --#3J6K2, 28
INSERT INTO appointment (id, date_time, employee_id, patient_id, therapy_id, session_notes) VALUES (641, '2024-02-05T14:00', 136, 83, 62, ''); --#3J6K2, 28
INSERT INTO appointment (id, date_time, employee_id, patient_id, therapy_id, session_notes) VALUES (642, '2024-02-08T14:00', 136, 83, 62, ''); --#3J6K2, 28
INSERT INTO appointment (id, date_time, employee_id, patient_id, therapy_id, session_notes) VALUES (643, '2024-02-09T14:00', 127, 83, 62, ''); --#3J6K2, 28
INSERT INTO appointment (id, date_time, employee_id, patient_id, therapy_id, session_notes) VALUES (644, '2024-02-12T14:00', 136, 83, 62, ''); --#3J6K2, 28
INSERT INTO appointment (id, date_time, employee_id, patient_id, therapy_id, session_notes) VALUES (645, '2024-01-12T11:00', 144, 94, 63, 'Began therapy with gentle calf and shin stretching.'); --#7P3Y5, 15
INSERT INTO appointment (id, date_time, employee_id, patient_id, therapy_id, session_notes) VALUES (646, '2024-01-15T11:00', 141, 94, 63, ''); --#7P3Y5, 15
INSERT INTO appointment (id, date_time, employee_id, patient_id, therapy_id, session_notes) VALUES (647, '2024-01-17T11:00', 137, 94, 63, ''); --#7P3Y5, 15
INSERT INTO appointment (id, date_time, employee_id, patient_id, therapy_id, session_notes) VALUES (648, '2024-01-22T11:00', 145, 94, 63, ''); --#7P3Y5, 15
INSERT INTO appointment (id, date_time, employee_id, patient_id, therapy_id, session_notes) VALUES (649, '2024-01-25T11:00', 142, 94, 63, ''); --#7P3Y5, 15
INSERT INTO appointment (id, date_time, employee_id, patient_id, therapy_id, session_notes) VALUES (650, '2024-01-29T11:00', 132, 94, 63, ''); --#7P3Y5, 15
INSERT INTO appointment (id, date_time, employee_id, patient_id, therapy_id, session_notes) VALUES (651, '2024-01-04T17:00', 144, 87, 64, 'Assessment completed, initiated posture correction exercises.'); --#8K1H7, 25
INSERT INTO appointment (id, date_time, employee_id, patient_id, therapy_id, session_notes) VALUES (652, '2024-01-05T17:00', 142, 87, 64, 'Patient shows early signs of improved posture, reduced discomfort.'); --#8K1H7, 25
INSERT INTO appointment (id, date_time, employee_id, patient_id, therapy_id, session_notes) VALUES (653, '2024-01-08T17:00', 146, 87, 64, 'Good progress, focusing on strengthening core and back muscles.'); --#8K1H7, 25
INSERT INTO appointment (id, date_time, employee_id, patient_id, therapy_id, session_notes) VALUES (654, '2024-01-09T17:00', 141, 87, 64, 'Notable improvement in posture, reduced neck and back strain.'); --#8K1H7, 25
INSERT INTO appointment (id, date_time, employee_id, patient_id, therapy_id, session_notes) VALUES (655, '2024-01-11T17:00', 144, 87, 64, 'Patient more aware of proper posture, continuing with exercises.'); --#8K1H7, 25
INSERT INTO appointment (id, date_time, employee_id, patient_id, therapy_id, session_notes) VALUES (656, '2024-01-15T17:00', 132, 87, 64, ''); --#8K1H7, 25
INSERT INTO appointment (id, date_time, employee_id, patient_id, therapy_id, session_notes) VALUES (657, '2024-01-16T17:00', 132, 87, 64, ''); --#8K1H7, 25
INSERT INTO appointment (id, date_time, employee_id, patient_id, therapy_id, session_notes) VALUES (658, '2024-01-15T14:00', 137, 44, 65, ''); --#8L2Q4, 14
INSERT INTO appointment (id, date_time, employee_id, patient_id, therapy_id, session_notes) VALUES (659, '2024-01-16T14:00', 144, 44, 65, ''); --#8L2Q4, 14
INSERT INTO appointment (id, date_time, employee_id, patient_id, therapy_id, session_notes) VALUES (660, '2024-01-18T14:00', 135, 44, 65, ''); --#8L2Q4, 14
INSERT INTO appointment (id, date_time, employee_id, patient_id, therapy_id, session_notes) VALUES (661, '2024-01-19T14:00', 137, 44, 65, ''); --#8L2Q4, 14
INSERT INTO appointment (id, date_time, employee_id, patient_id, therapy_id, session_notes) VALUES (662, '2024-01-22T14:00', 139, 44, 65, ''); --#8L2Q4, 14
INSERT INTO appointment (id, date_time, employee_id, patient_id, therapy_id, session_notes) VALUES (663, '2024-01-25T14:00', 148, 44, 65, ''); --#8L2Q4, 14
INSERT INTO appointment (id, date_time, employee_id, patient_id, therapy_id, session_notes) VALUES (664, '2024-01-29T14:00', 145, 44, 65, ''); --#8L2Q4, 14
INSERT INTO appointment (id, date_time, employee_id, patient_id, therapy_id, session_notes) VALUES (665, '2024-02-01T14:00', 144, 44, 65, ''); --#8L2Q4, 14
INSERT INTO appointment (id, date_time, employee_id, patient_id, therapy_id, session_notes) VALUES (666, '2024-01-02T18:00', 136, 10, 66, 'Began with basic motor skill exercises, patient showing initial progress.'); --#9P3R1, 29
INSERT INTO appointment (id, date_time, employee_id, patient_id, therapy_id, session_notes) VALUES (667, '2024-01-05T18:00', 127, 10, 66, 'Slight improvement in limb coordination and strength.'); --#9P3R1, 29
INSERT INTO appointment (id, date_time, employee_id, patient_id, therapy_id, session_notes) VALUES (668, '2024-01-08T18:00', 136, 10, 66, 'Patient demonstrates increased ability in daily tasks.'); --#9P3R1, 29
INSERT INTO appointment (id, date_time, employee_id, patient_id, therapy_id, session_notes) VALUES (669, '2024-01-11T18:00', 136, 10, 66, 'Good progress in regaining motor control, focusing on balance.'); --#9P3R1, 29
INSERT INTO appointment (id, date_time, employee_id, patient_id, therapy_id, session_notes) VALUES (670, '2024-01-12T18:00', 136, 10, 66, 'Notable gains in speech and cognitive functions.'); --#9P3R1, 29
INSERT INTO appointment (id, date_time, employee_id, patient_id, therapy_id, session_notes) VALUES (671, '2024-01-15T18:00', 136, 10, 66, ''); --#9P3R1, 29
INSERT INTO appointment (id, date_time, employee_id, patient_id, therapy_id, session_notes) VALUES (672, '2024-01-16T18:00', 127, 10, 66, ''); --#9P3R1, 29
INSERT INTO appointment (id, date_time, employee_id, patient_id, therapy_id, session_notes) VALUES (673, '2024-01-17T18:00', 127, 10, 66, ''); --#9P3R1, 29
INSERT INTO appointment (id, date_time, employee_id, patient_id, therapy_id, session_notes) VALUES (674, '2024-01-19T18:00', 136, 10, 66, ''); --#9P3R1, 29
INSERT INTO appointment (id, date_time, employee_id, patient_id, therapy_id, session_notes) VALUES (675, '2024-01-22T18:00', 136, 10, 66, ''); --#9P3R1, 29
INSERT INTO appointment (id, date_time, employee_id, patient_id, therapy_id, session_notes) VALUES (676, '2024-01-25T18:00', 127, 10, 66, ''); --#9P3R1, 29
INSERT INTO appointment (id, date_time, employee_id, patient_id, therapy_id, session_notes) VALUES (677, '2024-01-26T18:00', 136, 10, 66, ''); --#9P3R1, 29
INSERT INTO appointment (id, date_time, employee_id, patient_id, therapy_id, session_notes) VALUES (678, '2024-01-29T18:00', 136, 10, 66, ''); --#9P3R1, 29
INSERT INTO appointment (id, date_time, employee_id, patient_id, therapy_id, session_notes) VALUES (679, '2024-01-31T18:00', 127, 10, 66, ''); --#9P3R1, 29
INSERT INTO appointment (id, date_time, employee_id, patient_id, therapy_id, session_notes) VALUES (680, '2024-02-05T18:00', 127, 10, 66, ''); --#9P3R1, 29
INSERT INTO appointment (id, date_time, employee_id, patient_id, therapy_id, session_notes) VALUES (681, '2024-02-07T18:00', 127, 10, 66, ''); --#9P3R1, 29
INSERT INTO appointment (id, date_time, employee_id, patient_id, therapy_id, session_notes) VALUES (682, '2024-02-12T18:00', 136, 10, 66, ''); --#9P3R1, 29
INSERT INTO appointment (id, date_time, employee_id, patient_id, therapy_id, session_notes) VALUES (683, '2024-02-14T18:00', 127, 10, 66, ''); --#9P3R1, 29
INSERT INTO appointment (id, date_time, employee_id, patient_id, therapy_id, session_notes) VALUES (684, '2024-02-15T18:00', 136, 10, 66, ''); --#9P3R1, 29
INSERT INTO appointment (id, date_time, employee_id, patient_id, therapy_id, session_notes) VALUES (685, '2024-02-19T18:00', 127, 10, 66, ''); --#9P3R1, 29
INSERT INTO appointment (id, date_time, employee_id, patient_id, therapy_id, session_notes) VALUES (686, '2024-01-05T15:00', 144, 30, 67, ''); --#8K1H7, 25
INSERT INTO appointment (id, date_time, employee_id, patient_id, therapy_id, session_notes) VALUES (687, '2024-01-08T15:00', 132, 30, 67, ''); --#8K1H7, 25
INSERT INTO appointment (id, date_time, employee_id, patient_id, therapy_id, session_notes) VALUES (688, '2024-01-09T15:00', 135, 30, 67, ''); --#8K1H7, 25
INSERT INTO appointment (id, date_time, employee_id, patient_id, therapy_id, session_notes) VALUES (689, '2024-01-12T15:00', 132, 30, 67, ''); --#8K1H7, 25
INSERT INTO appointment (id, date_time, employee_id, patient_id, therapy_id, session_notes) VALUES (690, '2024-01-15T15:00', 126, 30, 67, ''); --#8K1H7, 25
INSERT INTO appointment (id, date_time, employee_id, patient_id, therapy_id, session_notes) VALUES (691, '2024-01-17T15:00', 140, 30, 67, ''); --#8K1H7, 25
INSERT INTO appointment (id, date_time, employee_id, patient_id, therapy_id, session_notes) VALUES (692, '2024-01-18T15:00', 135, 30, 67, ''); --#8K1H7, 25
INSERT INTO appointment (id, date_time, employee_id, patient_id, therapy_id, session_notes) VALUES (693, '2024-01-05T15:00', 131, 2, 68, 'Began with gentle core and back strengthening exercises.'); --#4W3F2, 23
INSERT INTO appointment (id, date_time, employee_id, patient_id, therapy_id, session_notes) VALUES (694, '2024-01-08T15:00', 134, 2, 68, 'Patient reports reduced back pain, especially after prolonged sitting.'); --#4W3F2, 23
INSERT INTO appointment (id, date_time, employee_id, patient_id, therapy_id, session_notes) VALUES (695, '2024-01-11T15:00', 129, 2, 68, 'Good progress, increased exercise intensity for back strength.'); --#4W3F2, 23
INSERT INTO appointment (id, date_time, employee_id, patient_id, therapy_id, session_notes) VALUES (696, '2024-01-15T15:00', 129, 2, 68, ''); --#4W3F2, 23
INSERT INTO appointment (id, date_time, employee_id, patient_id, therapy_id, session_notes) VALUES (697, '2024-01-16T15:00', 134, 2, 68, ''); --#4W3F2, 23
INSERT INTO appointment (id, date_time, employee_id, patient_id, therapy_id, session_notes) VALUES (698, '2024-01-17T15:00', 138, 2, 68, ''); --#4W3F2, 23
INSERT INTO appointment (id, date_time, employee_id, patient_id, therapy_id, session_notes) VALUES (699, '2024-01-19T15:00', 131, 2, 68, ''); --#4W3F2, 23
INSERT INTO appointment (id, date_time, employee_id, patient_id, therapy_id, session_notes) VALUES (700, '2024-01-22T15:00', 131, 2, 68, ''); --#4W3F2, 23
INSERT INTO appointment (id, date_time, employee_id, patient_id, therapy_id, session_notes) VALUES (701, '2024-01-23T15:00', 129, 2, 68, ''); --#4W3F2, 23
INSERT INTO appointment (id, date_time, employee_id, patient_id, therapy_id, session_notes) VALUES (702, '2024-01-26T15:00', 131, 2, 68, ''); --#4W3F2, 23
INSERT INTO appointment (id, date_time, employee_id, patient_id, therapy_id, session_notes) VALUES (703, '2024-01-08T09:00', 134, 16, 69, 'Initiated post-operative exercises, patient tolerating well.'); --#5I9K8, 35
INSERT INTO appointment (id, date_time, employee_id, patient_id, therapy_id, session_notes) VALUES (704, '2024-01-11T09:00', 129, 16, 69, 'Patient shows early signs of recovery, improved mobility.'); --#5I9K8, 35
INSERT INTO appointment (id, date_time, employee_id, patient_id, therapy_id, session_notes) VALUES (705, '2024-01-15T09:00', 131, 16, 69, ''); --#5I9K8, 35
INSERT INTO appointment (id, date_time, employee_id, patient_id, therapy_id, session_notes) VALUES (706, '2024-01-18T09:00', 129, 16, 69, ''); --#5I9K8, 35
INSERT INTO appointment (id, date_time, employee_id, patient_id, therapy_id, session_notes) VALUES (707, '2024-01-19T09:00', 129, 16, 69, ''); --#5I9K8, 35
INSERT INTO appointment (id, date_time, employee_id, patient_id, therapy_id, session_notes) VALUES (708, '2024-01-22T09:00', 131, 16, 69, ''); --#5I9K8, 35
INSERT INTO appointment (id, date_time, employee_id, patient_id, therapy_id, session_notes) VALUES (709, '2024-01-25T09:00', 134, 16, 69, ''); --#5I9K8, 35
INSERT INTO appointment (id, date_time, employee_id, patient_id, therapy_id, session_notes) VALUES (710, '2024-01-29T09:00', 134, 16, 69, ''); --#5I9K8, 35
INSERT INTO appointment (id, date_time, employee_id, patient_id, therapy_id, session_notes) VALUES (711, '2024-02-01T09:00', 131, 16, 69, ''); --#5I9K8, 35
INSERT INTO appointment (id, date_time, employee_id, patient_id, therapy_id, session_notes) VALUES (712, '2024-02-02T09:00', 131, 16, 69, ''); --#5I9K8, 35
INSERT INTO appointment (id, date_time, employee_id, patient_id, therapy_id, session_notes) VALUES (713, '2024-02-05T09:00', 138, 16, 69, ''); --#5I9K8, 35
INSERT INTO appointment (id, date_time, employee_id, patient_id, therapy_id, session_notes) VALUES (714, '2024-02-06T09:00', 129, 16, 69, ''); --#5I9K8, 35
INSERT INTO appointment (id, date_time, employee_id, patient_id, therapy_id, session_notes) VALUES (715, '2024-01-01T14:00', 136, 101, 70, 'Began with basic motor skill exercises, patient showing initial progress.'); --#9P3R1, 29
INSERT INTO appointment (id, date_time, employee_id, patient_id, therapy_id, session_notes) VALUES (716, '2024-01-02T14:00', 127, 101, 70, 'Slight improvement in limb coordination and strength.'); --#9P3R1, 29
INSERT INTO appointment (id, date_time, employee_id, patient_id, therapy_id, session_notes) VALUES (717, '2024-01-03T14:00', 136, 101, 70, 'Patient demonstrates increased ability in daily tasks.'); --#9P3R1, 29
INSERT INTO appointment (id, date_time, employee_id, patient_id, therapy_id, session_notes) VALUES (718, '2024-01-05T14:00', 136, 101, 70, 'Good progress in regaining motor control, focusing on balance.'); --#9P3R1, 29
INSERT INTO appointment (id, date_time, employee_id, patient_id, therapy_id, session_notes) VALUES (719, '2024-01-08T14:00', 136, 101, 70, 'Notable gains in speech and cognitive functions.'); --#9P3R1, 29
INSERT INTO appointment (id, date_time, employee_id, patient_id, therapy_id, session_notes) VALUES (720, '2024-01-10T14:00', 136, 101, 70, 'Continued improvement in walking and movement coordination.'); --#9P3R1, 29
INSERT INTO appointment (id, date_time, employee_id, patient_id, therapy_id, session_notes) VALUES (721, '2024-01-12T14:00', 127, 101, 70, 'Significant progress in overall recovery from stroke.'); --#9P3R1, 29
INSERT INTO appointment (id, date_time, employee_id, patient_id, therapy_id, session_notes) VALUES (722, '2024-01-15T14:00', 127, 101, 70, ''); --#9P3R1, 29
INSERT INTO appointment (id, date_time, employee_id, patient_id, therapy_id, session_notes) VALUES (723, '2024-01-16T14:00', 136, 101, 70, ''); --#9P3R1, 29
INSERT INTO appointment (id, date_time, employee_id, patient_id, therapy_id, session_notes) VALUES (724, '2024-01-19T14:00', 136, 101, 70, ''); --#9P3R1, 29
INSERT INTO appointment (id, date_time, employee_id, patient_id, therapy_id, session_notes) VALUES (725, '2024-01-22T14:00', 127, 101, 70, ''); --#9P3R1, 29
INSERT INTO appointment (id, date_time, employee_id, patient_id, therapy_id, session_notes) VALUES (726, '2024-01-25T14:00', 136, 101, 70, ''); --#9P3R1, 29
INSERT INTO appointment (id, date_time, employee_id, patient_id, therapy_id, session_notes) VALUES (727, '2024-01-29T14:00', 127, 101, 70, ''); --#9P3R1, 29
INSERT INTO appointment (id, date_time, employee_id, patient_id, therapy_id, session_notes) VALUES (728, '2024-01-31T14:00', 127, 101, 70, ''); --#9P3R1, 29
INSERT INTO appointment (id, date_time, employee_id, patient_id, therapy_id, session_notes) VALUES (729, '2024-02-02T14:00', 136, 101, 70, ''); --#9P3R1, 29
INSERT INTO appointment (id, date_time, employee_id, patient_id, therapy_id, session_notes) VALUES (730, '2024-02-05T14:00', 127, 101, 70, ''); --#9P3R1, 29
INSERT INTO appointment (id, date_time, employee_id, patient_id, therapy_id, session_notes) VALUES (731, '2024-02-08T14:00', 136, 101, 70, ''); --#9P3R1, 29
INSERT INTO appointment (id, date_time, employee_id, patient_id, therapy_id, session_notes) VALUES (732, '2024-02-12T14:00', 127, 101, 70, ''); --#9P3R1, 29
INSERT INTO appointment (id, date_time, employee_id, patient_id, therapy_id, session_notes) VALUES (733, '2024-02-14T14:00', 127, 101, 70, ''); --#9P3R1, 29
INSERT INTO appointment (id, date_time, employee_id, patient_id, therapy_id, session_notes) VALUES (734, '2024-02-16T14:00', 127, 101, 70, ''); --#9P3R1, 29
INSERT INTO appointment (id, date_time, employee_id, patient_id, therapy_id, session_notes) VALUES (735, '2024-01-11T11:00', 135, 24, 71, 'Initial assessment completed, started with stretching and foam rolling.'); --#8L2Q4, 14
INSERT INTO appointment (id, date_time, employee_id, patient_id, therapy_id, session_notes) VALUES (736, '2024-01-15T11:00', 130, 24, 71, ''); --#8L2Q4, 14
INSERT INTO appointment (id, date_time, employee_id, patient_id, therapy_id, session_notes) VALUES (737, '2024-01-18T11:00', 135, 24, 71, ''); --#8L2Q4, 14
INSERT INTO appointment (id, date_time, employee_id, patient_id, therapy_id, session_notes) VALUES (738, '2024-01-22T11:00', 130, 24, 71, ''); --#8L2Q4, 14
INSERT INTO appointment (id, date_time, employee_id, patient_id, therapy_id, session_notes) VALUES (739, '2024-01-23T11:00', 148, 24, 71, ''); --#8L2Q4, 14
INSERT INTO appointment (id, date_time, employee_id, patient_id, therapy_id, session_notes) VALUES (740, '2024-01-26T11:00', 139, 24, 71, ''); --#8L2Q4, 14
INSERT INTO appointment (id, date_time, employee_id, patient_id, therapy_id, session_notes) VALUES (741, '2024-01-29T11:00', 145, 24, 71, ''); --#8L2Q4, 14
INSERT INTO appointment (id, date_time, employee_id, patient_id, therapy_id, session_notes) VALUES (742, '2024-02-01T11:00', 132, 24, 71, ''); --#8L2Q4, 14
INSERT INTO appointment (id, date_time, employee_id, patient_id, therapy_id, session_notes) VALUES (743, '2024-01-11T08:00', 142, 81, 72, 'Began with basic range of motion exercises, patient coping well.'); --#4C7X3, 5
INSERT INTO appointment (id, date_time, employee_id, patient_id, therapy_id, session_notes) VALUES (744, '2024-01-15T08:00', 140, 81, 72, ''); --#4C7X3, 5
INSERT INTO appointment (id, date_time, employee_id, patient_id, therapy_id, session_notes) VALUES (745, '2024-01-18T08:00', 130, 81, 72, ''); --#4C7X3, 5
INSERT INTO appointment (id, date_time, employee_id, patient_id, therapy_id, session_notes) VALUES (746, '2024-01-22T08:00', 144, 81, 72, ''); --#4C7X3, 5
INSERT INTO appointment (id, date_time, employee_id, patient_id, therapy_id, session_notes) VALUES (747, '2024-01-24T08:00', 144, 81, 72, ''); --#4C7X3, 5
INSERT INTO appointment (id, date_time, employee_id, patient_id, therapy_id, session_notes) VALUES (748, '2024-01-25T08:00', 137, 81, 72, ''); --#4C7X3, 5
INSERT INTO appointment (id, date_time, employee_id, patient_id, therapy_id, session_notes) VALUES (749, '2024-01-26T08:00', 142, 81, 72, ''); --#4C7X3, 5
INSERT INTO appointment (id, date_time, employee_id, patient_id, therapy_id, session_notes) VALUES (750, '2024-01-29T08:00', 145, 81, 72, ''); --#4C7X3, 5
INSERT INTO appointment (id, date_time, employee_id, patient_id, therapy_id, session_notes) VALUES (751, '2024-02-01T08:00', 132, 81, 72, ''); --#4C7X3, 5
INSERT INTO appointment (id, date_time, employee_id, patient_id, therapy_id, session_notes) VALUES (752, '2024-02-02T08:00', 130, 81, 72, ''); --#4C7X3, 5
INSERT INTO appointment (id, date_time, employee_id, patient_id, therapy_id, session_notes) VALUES (753, '2024-01-15T19:00', 127, 7, 73, ''); --#2J6Z7, 30
INSERT INTO appointment (id, date_time, employee_id, patient_id, therapy_id, session_notes) VALUES (754, '2024-01-16T19:00', 127, 7, 73, ''); --#2J6Z7, 30
INSERT INTO appointment (id, date_time, employee_id, patient_id, therapy_id, session_notes) VALUES (755, '2024-01-17T19:00', 136, 7, 73, ''); --#2J6Z7, 30
INSERT INTO appointment (id, date_time, employee_id, patient_id, therapy_id, session_notes) VALUES (756, '2024-01-19T19:00', 136, 7, 73, ''); --#2J6Z7, 30
INSERT INTO appointment (id, date_time, employee_id, patient_id, therapy_id, session_notes) VALUES (757, '2024-01-22T19:00', 136, 7, 73, ''); --#2J6Z7, 30
INSERT INTO appointment (id, date_time, employee_id, patient_id, therapy_id, session_notes) VALUES (758, '2024-01-24T19:00', 136, 7, 73, ''); --#2J6Z7, 30
INSERT INTO appointment (id, date_time, employee_id, patient_id, therapy_id, session_notes) VALUES (759, '2024-01-29T19:00', 127, 7, 73, ''); --#2J6Z7, 30
INSERT INTO appointment (id, date_time, employee_id, patient_id, therapy_id, session_notes) VALUES (760, '2024-02-01T19:00', 136, 7, 73, ''); --#2J6Z7, 30
INSERT INTO appointment (id, date_time, employee_id, patient_id, therapy_id, session_notes) VALUES (761, '2023-12-27T09:00', 143, 20, 74, 'Began therapy with foot and calf stretching.'); --#6B5Q3, 19
INSERT INTO appointment (id, date_time, employee_id, patient_id, therapy_id, session_notes) VALUES (762, '2023-12-28T09:00', 135, 20, 74, 'Patient reports less heel pain, especially in the mornings.'); --#6B5Q3, 19
INSERT INTO appointment (id, date_time, employee_id, patient_id, therapy_id, session_notes) VALUES (763, '2024-01-01T09:00', 130, 20, 74, 'Good progress, introduced strengthening exercises for foot arch.'); --#6B5Q3, 19
INSERT INTO appointment (id, date_time, employee_id, patient_id, therapy_id, session_notes) VALUES (764, '2024-01-02T09:00', 132, 20, 74, 'Notable reduction in heel pain, arch support exercises effective.'); --#6B5Q3, 19
INSERT INTO appointment (id, date_time, employee_id, patient_id, therapy_id, session_notes) VALUES (765, '2024-01-04T09:00', 126, 20, 74, 'Patient performing daily activities with less discomfort.'); --#6B5Q3, 19
INSERT INTO appointment (id, date_time, employee_id, patient_id, therapy_id, session_notes) VALUES (766, '2024-01-08T09:00', 135, 20, 74, 'Continued improvement in foot function, focusing on flexibility.'); --#6B5Q3, 19
INSERT INTO appointment (id, date_time, employee_id, patient_id, therapy_id, session_notes) VALUES (767, '2024-01-11T09:00', 142, 20, 74, 'Significant gains in foot strength and mobility.'); --#6B5Q3, 19
INSERT INTO appointment (id, date_time, employee_id, patient_id, therapy_id, session_notes) VALUES (768, '2024-01-15T09:00', 146, 20, 74, ''); --#6B5Q3, 19
INSERT INTO appointment (id, date_time, employee_id, patient_id, therapy_id, session_notes) VALUES (769, '2024-01-10T14:00', 137, 86, 75, 'Initiated therapy with basic ankle mobilization.'); --#6W1E6, 18
INSERT INTO appointment (id, date_time, employee_id, patient_id, therapy_id, session_notes) VALUES (770, '2024-01-15T14:00', 135, 86, 75, ''); --#6W1E6, 18
INSERT INTO appointment (id, date_time, employee_id, patient_id, therapy_id, session_notes) VALUES (771, '2024-01-17T14:00', 148, 86, 75, ''); --#6W1E6, 18
INSERT INTO appointment (id, date_time, employee_id, patient_id, therapy_id, session_notes) VALUES (772, '2024-01-18T14:00', 126, 86, 75, ''); --#6W1E6, 18
INSERT INTO appointment (id, date_time, employee_id, patient_id, therapy_id, session_notes) VALUES (773, '2024-01-22T14:00', 148, 86, 75, ''); --#6W1E6, 18
INSERT INTO appointment (id, date_time, employee_id, patient_id, therapy_id, session_notes) VALUES (774, '2024-01-24T14:00', 137, 86, 75, ''); --#6W1E6, 18
INSERT INTO appointment (id, date_time, employee_id, patient_id, therapy_id, session_notes) VALUES (775, '2024-01-25T14:00', 139, 86, 75, ''); --#6W1E6, 18
INSERT INTO appointment (id, date_time, employee_id, patient_id, therapy_id, session_notes) VALUES (776, '2024-01-26T14:00', 126, 86, 75, ''); --#6W1E6, 18
INSERT INTO appointment (id, date_time, employee_id, patient_id, therapy_id, session_notes) VALUES (777, '2024-01-08T18:00', 128, 41, 76, 'Began with relaxation techniques and gentle stretching.'); --#6L2M9, 36
INSERT INTO appointment (id, date_time, employee_id, patient_id, therapy_id, session_notes) VALUES (778, '2024-01-11T18:00', 128, 41, 76, 'Patient reports reduced muscle spasms and tension.'); --#6L2M9, 36
INSERT INTO appointment (id, date_time, employee_id, patient_id, therapy_id, session_notes) VALUES (779, '2024-01-15T18:00', 128, 41, 76, ''); --#6L2M9, 36
INSERT INTO appointment (id, date_time, employee_id, patient_id, therapy_id, session_notes) VALUES (780, '2024-01-18T18:00', 128, 41, 76, ''); --#6L2M9, 36
INSERT INTO appointment (id, date_time, employee_id, patient_id, therapy_id, session_notes) VALUES (781, '2024-01-22T18:00', 147, 41, 76, ''); --#6L2M9, 36
INSERT INTO appointment (id, date_time, employee_id, patient_id, therapy_id, session_notes) VALUES (782, '2024-01-25T18:00', 128, 41, 76, ''); --#6L2M9, 36
INSERT INTO appointment (id, date_time, employee_id, patient_id, therapy_id, session_notes) VALUES (783, '2024-01-04T12:00', 127, 23, 77, ''); --#9P3R1, 29
INSERT INTO appointment (id, date_time, employee_id, patient_id, therapy_id, session_notes) VALUES (784, '2024-01-08T12:00', 136, 23, 77, ''); --#9P3R1, 29
INSERT INTO appointment (id, date_time, employee_id, patient_id, therapy_id, session_notes) VALUES (785, '2024-01-09T12:00', 127, 23, 77, ''); --#9P3R1, 29
INSERT INTO appointment (id, date_time, employee_id, patient_id, therapy_id, session_notes) VALUES (786, '2024-01-10T12:00', 136, 23, 77, ''); --#9P3R1, 29
INSERT INTO appointment (id, date_time, employee_id, patient_id, therapy_id, session_notes) VALUES (787, '2024-01-15T12:00', 136, 23, 77, ''); --#9P3R1, 29
INSERT INTO appointment (id, date_time, employee_id, patient_id, therapy_id, session_notes) VALUES (788, '2024-01-16T12:00', 127, 23, 77, ''); --#9P3R1, 29
INSERT INTO appointment (id, date_time, employee_id, patient_id, therapy_id, session_notes) VALUES (789, '2024-01-18T12:00', 136, 23, 77, ''); --#9P3R1, 29
INSERT INTO appointment (id, date_time, employee_id, patient_id, therapy_id, session_notes) VALUES (790, '2024-01-22T12:00', 127, 23, 77, ''); --#9P3R1, 29
INSERT INTO appointment (id, date_time, employee_id, patient_id, therapy_id, session_notes) VALUES (791, '2024-01-25T12:00', 127, 23, 77, ''); --#9P3R1, 29
INSERT INTO appointment (id, date_time, employee_id, patient_id, therapy_id, session_notes) VALUES (792, '2024-01-29T12:00', 127, 23, 77, ''); --#9P3R1, 29
INSERT INTO appointment (id, date_time, employee_id, patient_id, therapy_id, session_notes) VALUES (793, '2024-02-01T12:00', 127, 23, 77, ''); --#9P3R1, 29
INSERT INTO appointment (id, date_time, employee_id, patient_id, therapy_id, session_notes) VALUES (794, '2024-02-05T12:00', 136, 23, 77, ''); --#9P3R1, 29
INSERT INTO appointment (id, date_time, employee_id, patient_id, therapy_id, session_notes) VALUES (795, '2024-02-06T12:00', 136, 23, 77, ''); --#9P3R1, 29
INSERT INTO appointment (id, date_time, employee_id, patient_id, therapy_id, session_notes) VALUES (796, '2024-02-07T12:00', 127, 23, 77, ''); --#9P3R1, 29
INSERT INTO appointment (id, date_time, employee_id, patient_id, therapy_id, session_notes) VALUES (797, '2024-02-12T12:00', 136, 23, 77, ''); --#9P3R1, 29
INSERT INTO appointment (id, date_time, employee_id, patient_id, therapy_id, session_notes) VALUES (798, '2024-02-15T12:00', 127, 23, 77, ''); --#9P3R1, 29
INSERT INTO appointment (id, date_time, employee_id, patient_id, therapy_id, session_notes) VALUES (799, '2024-02-19T12:00', 127, 23, 77, ''); --#9P3R1, 29
INSERT INTO appointment (id, date_time, employee_id, patient_id, therapy_id, session_notes) VALUES (800, '2024-02-20T12:00', 127, 23, 77, ''); --#9P3R1, 29
INSERT INTO appointment (id, date_time, employee_id, patient_id, therapy_id, session_notes) VALUES (801, '2024-02-23T12:00', 127, 23, 77, ''); --#9P3R1, 29
INSERT INTO appointment (id, date_time, employee_id, patient_id, therapy_id, session_notes) VALUES (802, '2024-02-26T12:00', 136, 23, 77, ''); --#9P3R1, 29
INSERT INTO appointment (id, date_time, employee_id, patient_id, therapy_id, session_notes) VALUES (803, '2024-01-01T15:00', 139, 27, 78, 'Began with basic knee mobilization, patient tolerating well.'); --#6F2G1, 13
INSERT INTO appointment (id, date_time, employee_id, patient_id, therapy_id, session_notes) VALUES (804, '2024-01-04T15:00', 126, 27, 78, 'Slight improvement in knee movement, pain management effective.'); --#6F2G1, 13
INSERT INTO appointment (id, date_time, employee_id, patient_id, therapy_id, session_notes) VALUES (805, '2024-01-05T15:00', 148, 27, 78, 'Patient shows progress in strength, introduced more dynamic exercises.'); --#6F2G1, 13
INSERT INTO appointment (id, date_time, employee_id, patient_id, therapy_id, session_notes) VALUES (806, '2024-01-08T15:00', 135, 27, 78, 'Notable improvement in knee function, reduced discomfort.'); --#6F2G1, 13
INSERT INTO appointment (id, date_time, employee_id, patient_id, therapy_id, session_notes) VALUES (807, '2024-01-09T15:00', 142, 27, 78, 'Patient able to perform daily activities with less pain.'); --#6F2G1, 13
INSERT INTO appointment (id, date_time, employee_id, patient_id, therapy_id, session_notes) VALUES (808, '2024-01-12T15:00', 148, 27, 78, 'Continued progress, focusing on knee stability.'); --#6F2G1, 13
INSERT INTO appointment (id, date_time, employee_id, patient_id, therapy_id, session_notes) VALUES (809, '2024-01-15T15:00', 135, 27, 78, ''); --#6F2G1, 13
INSERT INTO appointment (id, date_time, employee_id, patient_id, therapy_id, session_notes) VALUES (810, '2024-01-17T15:00', 132, 27, 78, ''); --#6F2G1, 13
INSERT INTO appointment (id, date_time, employee_id, patient_id, therapy_id, session_notes) VALUES (811, '2024-01-12T10:00', 130, 46, 79, 'Started with gentle hip mobilization exercises.'); --#2T8L4, 17
INSERT INTO appointment (id, date_time, employee_id, patient_id, therapy_id, session_notes) VALUES (812, '2024-01-15T10:00', 132, 46, 79, ''); --#2T8L4, 17
INSERT INTO appointment (id, date_time, employee_id, patient_id, therapy_id, session_notes) VALUES (813, '2024-01-18T10:00', 132, 46, 79, ''); --#2T8L4, 17
INSERT INTO appointment (id, date_time, employee_id, patient_id, therapy_id, session_notes) VALUES (814, '2024-01-22T10:00', 130, 46, 79, ''); --#2T8L4, 17
INSERT INTO appointment (id, date_time, employee_id, patient_id, therapy_id, session_notes) VALUES (815, '2024-01-25T10:00', 146, 46, 79, ''); --#2T8L4, 17
INSERT INTO appointment (id, date_time, employee_id, patient_id, therapy_id, session_notes) VALUES (816, '2024-01-26T10:00', 144, 46, 79, ''); --#2T8L4, 17
INSERT INTO appointment (id, date_time, employee_id, patient_id, therapy_id, session_notes) VALUES (817, '2024-01-29T10:00', 137, 46, 79, ''); --#2T8L4, 17
INSERT INTO appointment (id, date_time, employee_id, patient_id, therapy_id, session_notes) VALUES (818, '2024-01-31T10:00', 144, 46, 79, ''); --#2T8L4, 17
INSERT INTO appointment (id, date_time, employee_id, patient_id, therapy_id, session_notes) VALUES (819, '2024-02-05T10:00', 126, 46, 79, ''); --#2T8L4, 17
INSERT INTO appointment (id, date_time, employee_id, patient_id, therapy_id, session_notes) VALUES (820, '2024-02-08T10:00', 145, 46, 79, ''); --#2T8L4, 17
INSERT INTO appointment (id, date_time, employee_id, patient_id, therapy_id, session_notes) VALUES (821, '2023-12-28T09:00', 144, 6, 80, 'Initiated therapy focusing on sciatic nerve relief.'); --#9P1H4, 22
INSERT INTO appointment (id, date_time, employee_id, patient_id, therapy_id, session_notes) VALUES (822, '2023-12-29T09:00', 132, 6, 80, 'Patient reports less leg pain and improved comfort while sitting.'); --#9P1H4, 22
INSERT INTO appointment (id, date_time, employee_id, patient_id, therapy_id, session_notes) VALUES (823, '2024-01-01T09:00', 132, 6, 80, 'Good progress, introduced back and hip stretching.'); --#9P1H4, 22
INSERT INTO appointment (id, date_time, employee_id, patient_id, therapy_id, session_notes) VALUES (824, '2024-01-03T09:00', 144, 6, 80, 'Notable reduction in sciatic pain, improved mobility.'); --#9P1H4, 22
INSERT INTO appointment (id, date_time, employee_id, patient_id, therapy_id, session_notes) VALUES (825, '2024-01-04T09:00', 130, 6, 80, 'Patient able to walk and sit for longer periods with less discomfort.'); --#9P1H4, 22
INSERT INTO appointment (id, date_time, employee_id, patient_id, therapy_id, session_notes) VALUES (826, '2024-01-08T09:00', 130, 6, 80, 'Continued improvement, focusing on back and hip strength.'); --#9P1H4, 22
INSERT INTO appointment (id, date_time, employee_id, patient_id, therapy_id, session_notes) VALUES (827, '2024-01-10T09:00', 141, 6, 80, 'Significant relief from sciatica symptoms, patient advised on long-term care.'); --#9P1H4, 22
INSERT INTO appointment (id, date_time, employee_id, patient_id, therapy_id, session_notes) VALUES (828, '2024-01-10T11:00', 135, 105, 81, 'Began with basic knee mobilization, patient tolerating well.'); --#6F2G1, 13
INSERT INTO appointment (id, date_time, employee_id, patient_id, therapy_id, session_notes) VALUES (829, '2024-01-12T11:00', 137, 105, 81, 'Slight improvement in knee movement, pain management effective.'); --#6F2G1, 13
INSERT INTO appointment (id, date_time, employee_id, patient_id, therapy_id, session_notes) VALUES (830, '2024-01-15T11:00', 130, 105, 81, ''); --#6F2G1, 13
INSERT INTO appointment (id, date_time, employee_id, patient_id, therapy_id, session_notes) VALUES (831, '2024-01-18T11:00', 126, 105, 81, ''); --#6F2G1, 13
INSERT INTO appointment (id, date_time, employee_id, patient_id, therapy_id, session_notes) VALUES (832, '2024-01-22T11:00', 137, 105, 81, ''); --#6F2G1, 13
INSERT INTO appointment (id, date_time, employee_id, patient_id, therapy_id, session_notes) VALUES (833, '2024-01-24T11:00', 144, 105, 81, ''); --#6F2G1, 13
INSERT INTO appointment (id, date_time, employee_id, patient_id, therapy_id, session_notes) VALUES (834, '2024-01-26T11:00', 132, 105, 81, ''); --#6F2G1, 13
INSERT INTO appointment (id, date_time, employee_id, patient_id, therapy_id, session_notes) VALUES (835, '2024-01-29T11:00', 142, 105, 81, ''); --#6F2G1, 13
INSERT INTO appointment (id, date_time, employee_id, patient_id, therapy_id, session_notes) VALUES (836, '2023-12-29T15:00', 135, 13, 82, 'Began therapy with foot and calf stretching.'); --#6B5Q3, 19
INSERT INTO appointment (id, date_time, employee_id, patient_id, therapy_id, session_notes) VALUES (837, '2024-01-01T15:00', 140, 13, 82, 'Patient reports less heel pain, especially in the mornings.'); --#6B5Q3, 19
INSERT INTO appointment (id, date_time, employee_id, patient_id, therapy_id, session_notes) VALUES (838, '2024-01-04T15:00', 132, 13, 82, 'Good progress, introduced strengthening exercises for foot arch.'); --#6B5Q3, 19
INSERT INTO appointment (id, date_time, employee_id, patient_id, therapy_id, session_notes) VALUES (839, '2024-01-05T15:00', 148, 13, 82, 'Notable reduction in heel pain, arch support exercises effective.'); --#6B5Q3, 19
INSERT INTO appointment (id, date_time, employee_id, patient_id, therapy_id, session_notes) VALUES (840, '2024-01-08T15:00', 135, 13, 82, 'Patient performing daily activities with less discomfort.'); --#6B5Q3, 19
INSERT INTO appointment (id, date_time, employee_id, patient_id, therapy_id, session_notes) VALUES (841, '2024-01-10T15:00', 132, 13, 82, 'Continued improvement in foot function, focusing on flexibility.'); --#6B5Q3, 19
INSERT INTO appointment (id, date_time, employee_id, patient_id, therapy_id, session_notes) VALUES (842, '2024-01-15T15:00', 141, 13, 82, ''); --#6B5Q3, 19
INSERT INTO appointment (id, date_time, employee_id, patient_id, therapy_id, session_notes) VALUES (843, '2024-01-16T15:00', 146, 13, 82, ''); --#6B5Q3, 19
INSERT INTO appointment (id, date_time, employee_id, patient_id, therapy_id, session_notes) VALUES (844, '2024-01-02T16:00', 143, 32, 83, 'Started with gentle hip mobilization exercises.'); --#2T8L4, 17
INSERT INTO appointment (id, date_time, employee_id, patient_id, therapy_id, session_notes) VALUES (845, '2024-01-04T16:00', 144, 32, 83, 'Patient reports reduced hip pain, improved mobility.'); --#2T8L4, 17
INSERT INTO appointment (id, date_time, employee_id, patient_id, therapy_id, session_notes) VALUES (846, '2024-01-05T16:00', 148, 32, 83, 'Good progress, introduced hip strengthening exercises.'); --#2T8L4, 17
INSERT INTO appointment (id, date_time, employee_id, patient_id, therapy_id, session_notes) VALUES (847, '2024-01-08T16:00', 137, 32, 83, 'Notable improvement in hip function, pain reducing.'); --#2T8L4, 17
INSERT INTO appointment (id, date_time, employee_id, patient_id, therapy_id, session_notes) VALUES (848, '2024-01-10T16:00', 130, 32, 83, 'Patient able to walk and sit with less discomfort.'); --#2T8L4, 17
INSERT INTO appointment (id, date_time, employee_id, patient_id, therapy_id, session_notes) VALUES (849, '2024-01-12T16:00', 140, 32, 83, 'Continued improvement, focusing on flexibility and strength.'); --#2T8L4, 17
INSERT INTO appointment (id, date_time, employee_id, patient_id, therapy_id, session_notes) VALUES (850, '2024-01-15T16:00', 143, 32, 83, ''); --#2T8L4, 17
INSERT INTO appointment (id, date_time, employee_id, patient_id, therapy_id, session_notes) VALUES (851, '2024-01-18T16:00', 135, 32, 83, ''); --#2T8L4, 17
INSERT INTO appointment (id, date_time, employee_id, patient_id, therapy_id, session_notes) VALUES (852, '2024-01-19T16:00', 140, 32, 83, ''); --#2T8L4, 17
INSERT INTO appointment (id, date_time, employee_id, patient_id, therapy_id, session_notes) VALUES (853, '2024-01-22T16:00', 142, 32, 83, ''); --#2T8L4, 17
INSERT INTO appointment (id, date_time, employee_id, patient_id, therapy_id, session_notes) VALUES (854, '2023-12-22T14:00', 136, 98, 84, 'Began with basic motor skill exercises, patient showing initial progress.'); --#9P3R1, 29
INSERT INTO appointment (id, date_time, employee_id, patient_id, therapy_id, session_notes) VALUES (855, '2023-12-25T14:00', 127, 98, 84, 'Slight improvement in limb coordination and strength.'); --#9P3R1, 29
INSERT INTO appointment (id, date_time, employee_id, patient_id, therapy_id, session_notes) VALUES (856, '2023-12-27T14:00', 127, 98, 84, 'Patient demonstrates increased ability in daily tasks.'); --#9P3R1, 29
INSERT INTO appointment (id, date_time, employee_id, patient_id, therapy_id, session_notes) VALUES (857, '2024-01-01T14:00', 136, 98, 84, 'Good progress in regaining motor control, focusing on balance.'); --#9P3R1, 29
INSERT INTO appointment (id, date_time, employee_id, patient_id, therapy_id, session_notes) VALUES (858, '2024-01-04T14:00', 127, 98, 84, 'Notable gains in speech and cognitive functions.'); --#9P3R1, 29
INSERT INTO appointment (id, date_time, employee_id, patient_id, therapy_id, session_notes) VALUES (859, '2024-01-05T14:00', 127, 98, 84, 'Continued improvement in walking and movement coordination.'); --#9P3R1, 29
INSERT INTO appointment (id, date_time, employee_id, patient_id, therapy_id, session_notes) VALUES (860, '2024-01-08T14:00', 136, 98, 84, 'Significant progress in overall recovery from stroke.'); --#9P3R1, 29
INSERT INTO appointment (id, date_time, employee_id, patient_id, therapy_id, session_notes) VALUES (861, '2024-01-11T14:00', 127, 98, 84, 'Patient able to perform more complex tasks with less difficulty.'); --#9P3R1, 29
INSERT INTO appointment (id, date_time, employee_id, patient_id, therapy_id, session_notes) VALUES (862, '2024-01-15T14:00', 136, 98, 84, ''); --#9P3R1, 29
INSERT INTO appointment (id, date_time, employee_id, patient_id, therapy_id, session_notes) VALUES (863, '2024-01-17T14:00', 127, 98, 84, ''); --#9P3R1, 29
INSERT INTO appointment (id, date_time, employee_id, patient_id, therapy_id, session_notes) VALUES (864, '2024-01-19T14:00', 136, 98, 84, ''); --#9P3R1, 29
INSERT INTO appointment (id, date_time, employee_id, patient_id, therapy_id, session_notes) VALUES (865, '2024-01-22T14:00', 127, 98, 84, ''); --#9P3R1, 29
INSERT INTO appointment (id, date_time, employee_id, patient_id, therapy_id, session_notes) VALUES (866, '2024-01-23T14:00', 136, 98, 84, ''); --#9P3R1, 29
INSERT INTO appointment (id, date_time, employee_id, patient_id, therapy_id, session_notes) VALUES (867, '2024-01-26T14:00', 127, 98, 84, ''); --#9P3R1, 29
INSERT INTO appointment (id, date_time, employee_id, patient_id, therapy_id, session_notes) VALUES (868, '2024-01-29T14:00', 136, 98, 84, ''); --#9P3R1, 29
INSERT INTO appointment (id, date_time, employee_id, patient_id, therapy_id, session_notes) VALUES (869, '2024-02-01T14:00', 127, 98, 84, ''); --#9P3R1, 29
INSERT INTO appointment (id, date_time, employee_id, patient_id, therapy_id, session_notes) VALUES (870, '2024-02-02T14:00', 136, 98, 84, ''); --#9P3R1, 29
INSERT INTO appointment (id, date_time, employee_id, patient_id, therapy_id, session_notes) VALUES (871, '2024-02-05T14:00', 127, 98, 84, ''); --#9P3R1, 29
INSERT INTO appointment (id, date_time, employee_id, patient_id, therapy_id, session_notes) VALUES (872, '2024-02-08T14:00', 136, 98, 84, ''); --#9P3R1, 29
INSERT INTO appointment (id, date_time, employee_id, patient_id, therapy_id, session_notes) VALUES (873, '2024-02-12T14:00', 136, 98, 84, ''); --#9P3R1, 29
INSERT INTO appointment (id, date_time, employee_id, patient_id, therapy_id, session_notes) VALUES (874, '2024-01-15T12:00', 142, 15, 85, ''); --#6F2G1, 13
INSERT INTO appointment (id, date_time, employee_id, patient_id, therapy_id, session_notes) VALUES (875, '2024-01-16T12:00', 137, 15, 85, ''); --#6F2G1, 13
INSERT INTO appointment (id, date_time, employee_id, patient_id, therapy_id, session_notes) VALUES (876, '2024-01-19T12:00', 148, 15, 85, ''); --#6F2G1, 13
INSERT INTO appointment (id, date_time, employee_id, patient_id, therapy_id, session_notes) VALUES (877, '2024-01-22T12:00', 148, 15, 85, ''); --#6F2G1, 13
INSERT INTO appointment (id, date_time, employee_id, patient_id, therapy_id, session_notes) VALUES (878, '2024-01-25T12:00', 137, 15, 85, ''); --#6F2G1, 13
INSERT INTO appointment (id, date_time, employee_id, patient_id, therapy_id, session_notes) VALUES (879, '2024-01-26T12:00', 139, 15, 85, ''); --#6F2G1, 13
INSERT INTO appointment (id, date_time, employee_id, patient_id, therapy_id, session_notes) VALUES (880, '2024-01-29T12:00', 140, 15, 85, ''); --#6F2G1, 13
INSERT INTO appointment (id, date_time, employee_id, patient_id, therapy_id, session_notes) VALUES (881, '2024-02-01T12:00', 137, 15, 85, ''); --#6F2G1, 13