INSERT INTO _user (status, id, email, first_name, last_name, password, role) VALUES ('ACTIVE', 1, 'admin@medbay.life', 'John', 'Doe', '$2a$12$SeGau0IRVXpWhR/ISf6D1.p3.MhM4MGftXAwpkuN3g9oATdCEbjeO', 'ADMIN'); --med123bay
--password : password
INSERT INTO _user (created_at, id, email, first_name, last_name, password, role, status) VALUES ('2023-12-07T05:13', 2, 'korina.grubišić@outlook.com', 'Korina', 'Grubišić', '$2a$12$MlnyH21ePO39K3ufi9qxO.MXpbIJqThmjnuR0J8mqqhxizKIeqeC6', 'PATIENT', 'ACTIVE');
INSERT INTO patient (id, date_of_birth, address, mbo, phone_number) VALUES (2, '1970-01-03', 'Krvavi most 16', '9431489538', '0925040995');
INSERT INTO _user (created_at, id, email, first_name, last_name, password, role, status) VALUES ('2022-09-09T10:08', 3, 'regina.petrović@yahoo.com', 'Regina', 'Petrović', '$2a$12$MlnyH21ePO39K3ufi9qxO.MXpbIJqThmjnuR0J8mqqhxizKIeqeC6', 'PATIENT', 'ACTIVE');
INSERT INTO patient (id, date_of_birth, address, mbo, phone_number) VALUES (3, '1953-11-06', 'Amruševa 47', '3767946689', '0987371136');
INSERT INTO _user (created_at, id, email, first_name, last_name, password, role, status) VALUES ('2022-10-14T17:52', 4, 'mia.bošnjak@yahoo.com', 'Mia', 'Bošnjak', '$2a$12$MlnyH21ePO39K3ufi9qxO.MXpbIJqThmjnuR0J8mqqhxizKIeqeC6', 'PATIENT', 'ACTIVE');
INSERT INTO patient (id, date_of_birth, address, mbo, phone_number) VALUES (4, '1986-08-18', 'Deželićeva 30', '5681062102', '0978865320');
INSERT INTO _user (created_at, id, email, first_name, last_name, password, role, status) VALUES ('2023-07-21T10:24', 5, 'cvita.vlašić@icloud.com', 'Cvita', 'Vlašić', '$2a$12$MlnyH21ePO39K3ufi9qxO.MXpbIJqThmjnuR0J8mqqhxizKIeqeC6', 'PATIENT', 'ACTIVE');
INSERT INTO patient (id, date_of_birth, address, mbo, phone_number) VALUES (5, '1960-06-12', 'Šoštarićeva 42', '3259976205', '0985223255');
INSERT INTO _user (created_at, id, email, first_name, last_name, password, role, status) VALUES ('2023-04-09T20:14', 6, 'đurđa.špoljarić@icloud.com', 'Đurđa', 'Špoljarić', '$2a$12$MlnyH21ePO39K3ufi9qxO.MXpbIJqThmjnuR0J8mqqhxizKIeqeC6', 'PATIENT', 'ACTIVE');
INSERT INTO patient (id, date_of_birth, address, mbo, phone_number) VALUES (6, '1986-03-25', 'Sermageova 22', '0808313347', '0972135634');
INSERT INTO _user (created_at, id, email, first_name, last_name, password, role, status) VALUES ('2023-02-06T23:18', 7, 'đurđica.stipić@outlook.com', 'Đurđica', 'Stipić', '$2a$12$MlnyH21ePO39K3ufi9qxO.MXpbIJqThmjnuR0J8mqqhxizKIeqeC6', 'PATIENT', 'ACTIVE');
INSERT INTO patient (id, date_of_birth, address, mbo, phone_number) VALUES (7, '1953-02-24', 'Gajeva 07', '9738761358', '0981126210');
INSERT INTO _user (created_at, id, email, first_name, last_name, password, role, status) VALUES ('2023-12-14T21:46', 8, 'zdravka.đukić@icloud.com', 'Zdravka', 'Đukić', '$2a$12$MlnyH21ePO39K3ufi9qxO.MXpbIJqThmjnuR0J8mqqhxizKIeqeC6', 'PATIENT', 'ACTIVE');
INSERT INTO patient (id, date_of_birth, address, mbo, phone_number) VALUES (8, '1959-08-10', 'Cesarčeva 39', '2511154520', '0928852374');
INSERT INTO _user (created_at, id, email, first_name, last_name, password, role, status) VALUES ('2023-04-07T15:54', 9, 'zvjezdana.kovačić@outlook.com', 'Zvjezdana', 'Kovačić', '$2a$12$MlnyH21ePO39K3ufi9qxO.MXpbIJqThmjnuR0J8mqqhxizKIeqeC6', 'PATIENT', 'ACTIVE');
INSERT INTO patient (id, date_of_birth, address, mbo, phone_number) VALUES (9, '1968-05-01', 'Ulica Ljudevita Posavskog 26', '8058465136', '0971477016');
INSERT INTO _user (created_at, id, email, first_name, last_name, password, role, status) VALUES ('2022-08-25T16:19', 10, 'iris.kos@icloud.com', 'Iris', 'Kos', '$2a$12$MlnyH21ePO39K3ufi9qxO.MXpbIJqThmjnuR0J8mqqhxizKIeqeC6', 'PATIENT', 'ACTIVE');
INSERT INTO patient (id, date_of_birth, address, mbo, phone_number) VALUES (10, '1983-03-28', 'Bauerova 33', '5658466294', '0956143156');
INSERT INTO _user (created_at, id, email, first_name, last_name, password, role, status) VALUES ('2023-07-19T08:46', 11, 'cvita.sekulić@gmail.com', 'Cvita', 'Sekulić', '$2a$12$MlnyH21ePO39K3ufi9qxO.MXpbIJqThmjnuR0J8mqqhxizKIeqeC6', 'PATIENT', 'ACTIVE');
INSERT INTO patient (id, date_of_birth, address, mbo, phone_number) VALUES (11, '1965-01-19', 'Ulica kneza Domagoja 44', '0953074064', '0928391527');
INSERT INTO _user (created_at, id, email, first_name, last_name, password, role, status) VALUES ('2023-07-15T04:35', 12, 'margita.radočaj@outlook.com', 'Margita', 'Radočaj', '$2a$12$MlnyH21ePO39K3ufi9qxO.MXpbIJqThmjnuR0J8mqqhxizKIeqeC6', 'PATIENT', 'ACTIVE');
INSERT INTO patient (id, date_of_birth, address, mbo, phone_number) VALUES (12, '1977-02-28', 'Trg hrvatskih velikana 47', '5988184939', '0920527144');
INSERT INTO _user (created_at, id, email, first_name, last_name, password, role, status) VALUES ('2022-11-03T03:39', 13, 'sanda.valentić@yahoo.com', 'Sanda', 'Valentić', '$2a$12$MlnyH21ePO39K3ufi9qxO.MXpbIJqThmjnuR0J8mqqhxizKIeqeC6', 'PATIENT', 'ACTIVE');
INSERT INTO patient (id, date_of_birth, address, mbo, phone_number) VALUES (13, '1982-06-29', 'Nodilova 01', '2513279531', '0920865675');
INSERT INTO _user (created_at, id, email, first_name, last_name, password, role, status) VALUES ('2023-08-07T12:09', 14, 'olga.perić@gmail.com', 'Olga', 'Perić', '$2a$12$MlnyH21ePO39K3ufi9qxO.MXpbIJqThmjnuR0J8mqqhxizKIeqeC6', 'PATIENT', 'ACTIVE');
INSERT INTO patient (id, date_of_birth, address, mbo, phone_number) VALUES (14, '1998-02-06', 'Martićeva 07', '8893939141', '0918503072');
INSERT INTO _user (created_at, id, email, first_name, last_name, password, role, status) VALUES ('2022-12-13T02:44', 15, 'jasmina.dujmović@yahoo.com', 'Jasmina', 'Dujmović', '$2a$12$MlnyH21ePO39K3ufi9qxO.MXpbIJqThmjnuR0J8mqqhxizKIeqeC6', 'PATIENT', 'ACTIVE');
INSERT INTO patient (id, date_of_birth, address, mbo, phone_number) VALUES (15, '1962-08-05', 'Ilica 49', '6380757607', '0959326910');
INSERT INTO _user (created_at, id, email, first_name, last_name, password, role, status) VALUES ('2022-08-12T16:17', 16, 'majda.vidović@gmail.com', 'Majda', 'Vidović', '$2a$12$MlnyH21ePO39K3ufi9qxO.MXpbIJqThmjnuR0J8mqqhxizKIeqeC6', 'PATIENT', 'ACTIVE');
INSERT INTO patient (id, date_of_birth, address, mbo, phone_number) VALUES (16, '1964-12-02', 'Antuna Vrančića 48', '8473764383', '0983254445');
INSERT INTO _user (created_at, id, email, first_name, last_name, password, role, status) VALUES ('2023-05-02T16:49', 17, 'spomenka.pejić@yahoo.com', 'Spomenka', 'Pejić', '$2a$12$MlnyH21ePO39K3ufi9qxO.MXpbIJqThmjnuR0J8mqqhxizKIeqeC6', 'PATIENT', 'ACTIVE');
INSERT INTO patient (id, date_of_birth, address, mbo, phone_number) VALUES (17, '1965-03-22', 'Petrinjska 46', '9908792852', '0977922164');
INSERT INTO _user (created_at, id, email, first_name, last_name, password, role, status) VALUES ('2023-11-14T17:51', 18, 'nika.krznarić@gmail.com', 'Nika', 'Krznarić', '$2a$12$MlnyH21ePO39K3ufi9qxO.MXpbIJqThmjnuR0J8mqqhxizKIeqeC6', 'PATIENT', 'ACTIVE');
INSERT INTO patient (id, date_of_birth, address, mbo, phone_number) VALUES (18, '1995-04-11', 'Rusanova 20', '0862904277', '0921568301');
INSERT INTO _user (created_at, id, email, first_name, last_name, password, role, status) VALUES ('2022-09-29T11:38', 19, 'tereza.martinović@outlook.com', 'Tereza', 'Martinović', '$2a$12$MlnyH21ePO39K3ufi9qxO.MXpbIJqThmjnuR0J8mqqhxizKIeqeC6', 'PATIENT', 'ACTIVE');
INSERT INTO patient (id, date_of_birth, address, mbo, phone_number) VALUES (19, '1969-04-06', 'Ulica Ivana Trnskog 41', '5063496018', '0959306474');
INSERT INTO _user (created_at, id, email, first_name, last_name, password, role, status) VALUES ('2022-10-10T01:21', 20, 'željana.ružić@yahoo.com', 'Željana', 'Ružić', '$2a$12$MlnyH21ePO39K3ufi9qxO.MXpbIJqThmjnuR0J8mqqhxizKIeqeC6', 'PATIENT', 'ACTIVE');
INSERT INTO patient (id, date_of_birth, address, mbo, phone_number) VALUES (20, '1963-06-23', 'Rokova ulica 25', '6861624794', '0910044079');
INSERT INTO _user (created_at, id, email, first_name, last_name, password, role, status) VALUES ('2023-07-02T06:07', 21, 'sara.antunović@outlook.com', 'Sara', 'Antunović', '$2a$12$MlnyH21ePO39K3ufi9qxO.MXpbIJqThmjnuR0J8mqqhxizKIeqeC6', 'PATIENT', 'ACTIVE');
INSERT INTO patient (id, date_of_birth, address, mbo, phone_number) VALUES (21, '1977-11-15', 'Laginjina 17', '3083766406', '0979595851');
INSERT INTO _user (created_at, id, email, first_name, last_name, password, role, status) VALUES ('2023-10-03T20:38', 22, 'jela.lončar@gmail.com', 'Jela', 'Lončar', '$2a$12$MlnyH21ePO39K3ufi9qxO.MXpbIJqThmjnuR0J8mqqhxizKIeqeC6', 'PATIENT', 'ACTIVE');
INSERT INTO patient (id, date_of_birth, address, mbo, phone_number) VALUES (22, '1972-08-01', 'Ribnjak 09', '5782926976', '0914758693');
INSERT INTO _user (created_at, id, email, first_name, last_name, password, role, status) VALUES ('2023-06-13T19:22', 23, 'mirna.jukić@outlook.com', 'Mirna', 'Jukić', '$2a$12$MlnyH21ePO39K3ufi9qxO.MXpbIJqThmjnuR0J8mqqhxizKIeqeC6', 'PATIENT', 'ACTIVE');
INSERT INTO patient (id, date_of_birth, address, mbo, phone_number) VALUES (23, '1996-04-25', 'Bogišićeva 22', '1682785128', '0972454954');
INSERT INTO _user (created_at, id, email, first_name, last_name, password, role, status) VALUES ('2023-09-28T08:13', 24, 'božana.delić@outlook.com', 'Božana', 'Delić', '$2a$12$MlnyH21ePO39K3ufi9qxO.MXpbIJqThmjnuR0J8mqqhxizKIeqeC6', 'PATIENT', 'ACTIVE');
INSERT INTO patient (id, date_of_birth, address, mbo, phone_number) VALUES (24, '1952-05-08', 'Bogišićeva 30', '9246405274', '0958608942');
INSERT INTO _user (created_at, id, email, first_name, last_name, password, role, status) VALUES ('2023-03-16T09:09', 25, 'branislava.stojanović@yahoo.com', 'Branislava', 'Stojanović', '$2a$12$MlnyH21ePO39K3ufi9qxO.MXpbIJqThmjnuR0J8mqqhxizKIeqeC6', 'PATIENT', 'ACTIVE');
INSERT INTO patient (id, date_of_birth, address, mbo, phone_number) VALUES (25, '1962-10-15', 'Mrazovićeva 34', '6510505543', '0919174798');
INSERT INTO _user (created_at, id, email, first_name, last_name, password, role, status) VALUES ('2022-08-28T06:12', 26, 'katica.stanić@gmail.com', 'Katica', 'Stanić', '$2a$12$MlnyH21ePO39K3ufi9qxO.MXpbIJqThmjnuR0J8mqqhxizKIeqeC6', 'PATIENT', 'ACTIVE');
INSERT INTO patient (id, date_of_birth, address, mbo, phone_number) VALUES (26, '2001-01-22', 'Mažuranićev trg 40', '8755867594', '0928036082');
INSERT INTO _user (created_at, id, email, first_name, last_name, password, role, status) VALUES ('2022-11-01T02:54', 27, 'vjera.sabljak@gmail.com', 'Vjera', 'Sabljak', '$2a$12$MlnyH21ePO39K3ufi9qxO.MXpbIJqThmjnuR0J8mqqhxizKIeqeC6', 'PATIENT', 'ACTIVE');
INSERT INTO patient (id, date_of_birth, address, mbo, phone_number) VALUES (27, '1967-02-23', 'Ulica fra Filipa Grabovca 22', '8673856162', '0910393786');
INSERT INTO _user (created_at, id, email, first_name, last_name, password, role, status) VALUES ('2023-03-16T14:58', 28, 'erna.tomić@icloud.com', 'Erna', 'Tomić', '$2a$12$MlnyH21ePO39K3ufi9qxO.MXpbIJqThmjnuR0J8mqqhxizKIeqeC6', 'PATIENT', 'ACTIVE');
INSERT INTO patient (id, date_of_birth, address, mbo, phone_number) VALUES (28, '1973-10-25', 'Kružićeva 37', '3075653987', '0917809294');
INSERT INTO _user (created_at, id, email, first_name, last_name, password, role, status) VALUES ('2023-07-25T18:00', 29, 'željkica.andrić@icloud.com', 'Željkica', 'Andrić', '$2a$12$MlnyH21ePO39K3ufi9qxO.MXpbIJqThmjnuR0J8mqqhxizKIeqeC6', 'PATIENT', 'ACTIVE');
INSERT INTO patient (id, date_of_birth, address, mbo, phone_number) VALUES (29, '1980-04-06', 'Hebrangova 20', '9174776918', '0914955345');
INSERT INTO _user (created_at, id, email, first_name, last_name, password, role, status) VALUES ('2023-06-16T03:07', 30, 'kristina.tadić@yahoo.com', 'Kristina', 'Tadić', '$2a$12$MlnyH21ePO39K3ufi9qxO.MXpbIJqThmjnuR0J8mqqhxizKIeqeC6', 'PATIENT', 'ACTIVE');
INSERT INTO patient (id, date_of_birth, address, mbo, phone_number) VALUES (30, '1962-12-26', 'Bogišićeva 26', '3400165671', '0923476986');
INSERT INTO _user (created_at, id, email, first_name, last_name, password, role, status) VALUES ('2023-03-10T00:17', 31, 'vjekoslava.abramović@gmail.com', 'Vjekoslava', 'Abramović', '$2a$12$MlnyH21ePO39K3ufi9qxO.MXpbIJqThmjnuR0J8mqqhxizKIeqeC6', 'PATIENT', 'ACTIVE');
INSERT INTO patient (id, date_of_birth, address, mbo, phone_number) VALUES (31, '1986-07-20', 'Ivana Belostenca 37', '4471415020', '0957005104');
INSERT INTO _user (created_at, id, email, first_name, last_name, password, role, status) VALUES ('2023-08-15T18:25', 32, 'marjana.knežević@outlook.com', 'Marjana', 'Knežević', '$2a$12$MlnyH21ePO39K3ufi9qxO.MXpbIJqThmjnuR0J8mqqhxizKIeqeC6', 'PATIENT', 'ACTIVE');
INSERT INTO patient (id, date_of_birth, address, mbo, phone_number) VALUES (32, '1979-03-06', 'Trg hrvatskih velikana 42', '4976726358', '0950612239');
INSERT INTO _user (created_at, id, email, first_name, last_name, password, role, status) VALUES ('2022-10-26T01:09', 33, 'slobodanka.franjić@gmail.com', 'Slobodanka', 'Franjić', '$2a$12$MlnyH21ePO39K3ufi9qxO.MXpbIJqThmjnuR0J8mqqhxizKIeqeC6', 'PATIENT', 'ACTIVE');
INSERT INTO patient (id, date_of_birth, address, mbo, phone_number) VALUES (33, '1999-03-23', 'Derenčinova 09', '9467442839', '0975521816');
INSERT INTO _user (created_at, id, email, first_name, last_name, password, role, status) VALUES ('2023-02-24T15:36', 34, 'nedjeljka.glavaš@yahoo.com', 'Nedjeljka', 'Glavaš', '$2a$12$MlnyH21ePO39K3ufi9qxO.MXpbIJqThmjnuR0J8mqqhxizKIeqeC6', 'PATIENT', 'ACTIVE');
INSERT INTO patient (id, date_of_birth, address, mbo, phone_number) VALUES (34, '1979-02-28', 'Bogovićeva 46', '0150272989', '0913200704');
INSERT INTO _user (created_at, id, email, first_name, last_name, password, role, status) VALUES ('2022-12-23T21:08', 35, 'ljuba.martinović@icloud.com', 'Ljuba', 'Martinović', '$2a$12$MlnyH21ePO39K3ufi9qxO.MXpbIJqThmjnuR0J8mqqhxizKIeqeC6', 'PATIENT', 'ACTIVE');
INSERT INTO patient (id, date_of_birth, address, mbo, phone_number) VALUES (35, '1954-07-24', 'Branimirova 36', '6819502476', '0989826076');
INSERT INTO _user (created_at, id, email, first_name, last_name, password, role, status) VALUES ('2022-11-04T05:43', 36, 'davorka.grgurić@icloud.com', 'Davorka', 'Grgurić', '$2a$12$MlnyH21ePO39K3ufi9qxO.MXpbIJqThmjnuR0J8mqqhxizKIeqeC6', 'PATIENT', 'ACTIVE');
INSERT INTO patient (id, date_of_birth, address, mbo, phone_number) VALUES (36, '1991-05-02', 'Streljačka 17', '6898638912', '0989645371');
INSERT INTO _user (created_at, id, email, first_name, last_name, password, role, status) VALUES ('2023-07-28T18:22', 37, 'zvjezdana.vukelić@outlook.com', 'Zvjezdana', 'Vukelić', '$2a$12$MlnyH21ePO39K3ufi9qxO.MXpbIJqThmjnuR0J8mqqhxizKIeqeC6', 'PATIENT', 'ACTIVE');
INSERT INTO patient (id, date_of_birth, address, mbo, phone_number) VALUES (37, '1971-11-22', 'Runjaninova 47', '6218762695', '0987094157');
INSERT INTO _user (created_at, id, email, first_name, last_name, password, role, status) VALUES ('2023-10-16T05:01', 38, 'vladimira.mustapić@yahoo.com', 'Vladimira', 'Mustapić', '$2a$12$MlnyH21ePO39K3ufi9qxO.MXpbIJqThmjnuR0J8mqqhxizKIeqeC6', 'PATIENT', 'ACTIVE');
INSERT INTO patient (id, date_of_birth, address, mbo, phone_number) VALUES (38, '1974-01-29', 'Zrinjevac 24', '3140928622', '0927810180');
INSERT INTO _user (created_at, id, email, first_name, last_name, password, role, status) VALUES ('2022-08-31T20:10', 39, 'snežana.grubišić@icloud.com', 'Snežana', 'Grubišić', '$2a$12$MlnyH21ePO39K3ufi9qxO.MXpbIJqThmjnuR0J8mqqhxizKIeqeC6', 'PATIENT', 'ACTIVE');
INSERT INTO patient (id, date_of_birth, address, mbo, phone_number) VALUES (39, '1999-06-08', 'Britanski trg 46', '9817569784', '0955588150');
INSERT INTO _user (created_at, id, email, first_name, last_name, password, role, status) VALUES ('2022-12-22T22:40', 40, 'gabriela.karlović@gmail.com', 'Gabriela', 'Karlović', '$2a$12$MlnyH21ePO39K3ufi9qxO.MXpbIJqThmjnuR0J8mqqhxizKIeqeC6', 'PATIENT', 'ACTIVE');
INSERT INTO patient (id, date_of_birth, address, mbo, phone_number) VALUES (40, '1987-11-10', 'Ulica Ljudevita Posavskog 02', '6502563286', '0911444103');
INSERT INTO _user (created_at, id, email, first_name, last_name, password, role, status) VALUES ('2024-01-07T05:00', 41, 'ana.kordić@outlook.com', 'Ana', 'Kordić', '$2a$12$MlnyH21ePO39K3ufi9qxO.MXpbIJqThmjnuR0J8mqqhxizKIeqeC6', 'PATIENT', 'ACTIVE');
INSERT INTO patient (id, date_of_birth, address, mbo, phone_number) VALUES (41, '2001-10-10', 'Skalinska 38', '1724138512', '0987962836');
INSERT INTO _user (created_at, id, email, first_name, last_name, password, role, status) VALUES ('2023-06-10T13:18', 42, 'lucia.gregurić@yahoo.com', 'Lucia', 'Gregurić', '$2a$12$MlnyH21ePO39K3ufi9qxO.MXpbIJqThmjnuR0J8mqqhxizKIeqeC6', 'PATIENT', 'ACTIVE');
INSERT INTO patient (id, date_of_birth, address, mbo, phone_number) VALUES (42, '1968-05-15', 'Svačićev trg 08', '5717156740', '0920117208');
INSERT INTO _user (created_at, id, email, first_name, last_name, password, role, status) VALUES ('2023-03-24T15:31', 43, 'vukosava.matić@icloud.com', 'Vukosava', 'Matić', '$2a$12$MlnyH21ePO39K3ufi9qxO.MXpbIJqThmjnuR0J8mqqhxizKIeqeC6', 'PATIENT', 'ACTIVE');
INSERT INTO patient (id, date_of_birth, address, mbo, phone_number) VALUES (43, '1968-01-26', 'Zavrtnica 03', '8740243661', '0910566681');
INSERT INTO _user (created_at, id, email, first_name, last_name, password, role, status) VALUES ('2023-01-16T15:12', 44, 'manuela.radić@outlook.com', 'Manuela', 'Radić', '$2a$12$MlnyH21ePO39K3ufi9qxO.MXpbIJqThmjnuR0J8mqqhxizKIeqeC6', 'PATIENT', 'ACTIVE');
INSERT INTO patient (id, date_of_birth, address, mbo, phone_number) VALUES (44, '1954-08-04', 'Šubićeva 23', '7826637967', '0973281546');
INSERT INTO _user (created_at, id, email, first_name, last_name, password, role, status) VALUES ('2022-08-21T03:10', 45, 'sonja.matković@icloud.com', 'Sonja', 'Matković', '$2a$12$MlnyH21ePO39K3ufi9qxO.MXpbIJqThmjnuR0J8mqqhxizKIeqeC6', 'PATIENT', 'ACTIVE');
INSERT INTO patient (id, date_of_birth, address, mbo, phone_number) VALUES (45, '1990-10-10', 'Trg Republike Hrvatske 15', '6179771451', '0920225113');
INSERT INTO _user (created_at, id, email, first_name, last_name, password, role, status) VALUES ('2023-10-07T15:34', 46, 'mirela.filipović@yahoo.com', 'Mirela', 'Filipović', '$2a$12$MlnyH21ePO39K3ufi9qxO.MXpbIJqThmjnuR0J8mqqhxizKIeqeC6', 'PATIENT', 'ACTIVE');
INSERT INTO patient (id, date_of_birth, address, mbo, phone_number) VALUES (46, '1963-04-29', 'Rakovčeva 05', '8939401023', '0910582006');
INSERT INTO _user (created_at, id, email, first_name, last_name, password, role, status) VALUES ('2022-12-17T01:52', 47, 'spomenka.babić@gmail.com', 'Spomenka', 'Babić', '$2a$12$MlnyH21ePO39K3ufi9qxO.MXpbIJqThmjnuR0J8mqqhxizKIeqeC6', 'PATIENT', 'ACTIVE');
INSERT INTO patient (id, date_of_birth, address, mbo, phone_number) VALUES (47, '1950-02-27', 'Ulica Bartola Kašića 38', '8119271688', '0989368403');
INSERT INTO _user (created_at, id, email, first_name, last_name, password, role, status) VALUES ('2022-11-21T07:02', 48, 'rafaela.kovačić@icloud.com', 'Rafaela', 'Kovačić', '$2a$12$MlnyH21ePO39K3ufi9qxO.MXpbIJqThmjnuR0J8mqqhxizKIeqeC6', 'PATIENT', 'ACTIVE');
INSERT INTO patient (id, date_of_birth, address, mbo, phone_number) VALUES (48, '2003-10-15', 'Gupčeva zvijezda 49', '8859828273', '0927423672');
INSERT INTO _user (created_at, id, email, first_name, last_name, password, role, status) VALUES ('2023-09-24T13:16', 49, 'natalija.knežević@outlook.com', 'Natalija', 'Knežević', '$2a$12$MlnyH21ePO39K3ufi9qxO.MXpbIJqThmjnuR0J8mqqhxizKIeqeC6', 'PATIENT', 'ACTIVE');
INSERT INTO patient (id, date_of_birth, address, mbo, phone_number) VALUES (49, '1970-12-01', 'Strossmayerov trg 48', '8396089205', '0912620383');
INSERT INTO _user (created_at, id, email, first_name, last_name, password, role, status) VALUES ('2023-08-22T07:05', 50, 'klara.đukić@gmail.com', 'Klara', 'Đukić', '$2a$12$MlnyH21ePO39K3ufi9qxO.MXpbIJqThmjnuR0J8mqqhxizKIeqeC6', 'PATIENT', 'ACTIVE');
INSERT INTO patient (id, date_of_birth, address, mbo, phone_number) VALUES (50, '1999-05-24', 'Crvenog križa 29', '5049232759', '0915973647');
INSERT INTO _user (created_at, id, email, first_name, last_name, password, role, status) VALUES ('2022-11-06T23:49', 51, 'daliborka.herceg@icloud.com', 'Daliborka', 'Herceg', '$2a$12$MlnyH21ePO39K3ufi9qxO.MXpbIJqThmjnuR0J8mqqhxizKIeqeC6', 'PATIENT', 'ACTIVE');
INSERT INTO patient (id, date_of_birth, address, mbo, phone_number) VALUES (51, '1970-09-18', 'Novakova 23', '3224558115', '0958560026');
INSERT INTO _user (created_at, id, email, first_name, last_name, password, role, status) VALUES ('2024-01-08T22:42', 52, 'nikolina.miletić@outlook.com', 'Nikolina', 'Miletić', '$2a$12$MlnyH21ePO39K3ufi9qxO.MXpbIJqThmjnuR0J8mqqhxizKIeqeC6', 'PATIENT', 'PENDING');
INSERT INTO patient (id, date_of_birth, address, mbo, phone_number) VALUES (52, '1969-08-11', 'Erdodyeva 41', '7317193015', '0911517222');
INSERT INTO _user (created_at, id, email, first_name, last_name, password, role, status) VALUES ('2024-01-07T22:18', 53, 'dražena.stojanović@icloud.com', 'Dražena', 'Stojanović', '$2a$12$MlnyH21ePO39K3ufi9qxO.MXpbIJqThmjnuR0J8mqqhxizKIeqeC6', 'PATIENT', 'PENDING');
INSERT INTO patient (id, date_of_birth, address, mbo, phone_number) VALUES (53, '1976-11-30', 'Ulica Ante Kovačića 36', '3724662477', '0924945017');
INSERT INTO _user (created_at, id, email, first_name, last_name, password, role, status) VALUES ('2024-01-09T15:07', 54, 'dajana.cvitković@yahoo.com', 'Dajana', 'Cvitković', '$2a$12$MlnyH21ePO39K3ufi9qxO.MXpbIJqThmjnuR0J8mqqhxizKIeqeC6', 'PATIENT', 'PENDING');
INSERT INTO patient (id, date_of_birth, address, mbo, phone_number) VALUES (54, '1962-01-25', 'Trg svibanjskih žrtava 1995. 09', '0983170501', '0923307685');
INSERT INTO _user (created_at, id, email, first_name, last_name, password, role, status) VALUES ('2024-01-04T12:17', 55, 'mladenka.grgić@icloud.com', 'Mladenka', 'Grgić', '$2a$12$MlnyH21ePO39K3ufi9qxO.MXpbIJqThmjnuR0J8mqqhxizKIeqeC6', 'PATIENT', 'PENDING');
INSERT INTO patient (id, date_of_birth, address, mbo, phone_number) VALUES (55, '1971-02-12', 'Zvonarnička 41', '3791759791', '0959084192');
INSERT INTO _user (created_at, id, email, first_name, last_name, password, role, status) VALUES ('2024-01-01T04:13', 56, 'radmila.katić@outlook.com', 'Radmila', 'Katić', '$2a$12$MlnyH21ePO39K3ufi9qxO.MXpbIJqThmjnuR0J8mqqhxizKIeqeC6', 'PATIENT', 'PENDING');
INSERT INTO patient (id, date_of_birth, address, mbo, phone_number) VALUES (56, '1996-02-03', 'Jurišićeva 25', '8148851379', '0988429447');
INSERT INTO _user (created_at, id, email, first_name, last_name, password, role, status) VALUES ('2024-01-02T15:08', 57, 'zorka.sekulić@icloud.com', 'Zorka', 'Sekulić', '$2a$12$MlnyH21ePO39K3ufi9qxO.MXpbIJqThmjnuR0J8mqqhxizKIeqeC6', 'PATIENT', 'PENDING');
INSERT INTO patient (id, date_of_birth, address, mbo, phone_number) VALUES (57, '2004-10-12', 'Lepušićeva 30', '6776163895', '0950481309');
INSERT INTO _user (created_at, id, email, first_name, last_name, password, role, status) VALUES ('2022-12-08T05:44', 58, 'zdenka.zorić@outlook.com', 'Zdenka', 'Zorić', '$2a$12$MlnyH21ePO39K3ufi9qxO.MXpbIJqThmjnuR0J8mqqhxizKIeqeC6', 'PATIENT', 'DEACTIVATED');
INSERT INTO patient (id, date_of_birth, address, mbo, phone_number) VALUES (58, '1984-09-09', 'Šulekova 44', '9313763222', '0982515871');
INSERT INTO _user (created_at, id, email, first_name, last_name, password, role, status) VALUES ('2022-11-09T08:10', 59, 'marinka.radočaj@icloud.com', 'Marinka', 'Radočaj', '$2a$12$MlnyH21ePO39K3ufi9qxO.MXpbIJqThmjnuR0J8mqqhxizKIeqeC6', 'PATIENT', 'DEACTIVATED');
INSERT INTO patient (id, date_of_birth, address, mbo, phone_number) VALUES (59, '1971-08-28', 'Trg Vladka Mačeka 42', '1433896068', '0918194079');
INSERT INTO _user (created_at, id, email, first_name, last_name, password, role, status) VALUES ('2023-07-30T01:09', 60, 'stella.kovačević@yahoo.com', 'Stella', 'Kovačević', '$2a$12$MlnyH21ePO39K3ufi9qxO.MXpbIJqThmjnuR0J8mqqhxizKIeqeC6', 'PATIENT', 'DEACTIVATED');
INSERT INTO patient (id, date_of_birth, address, mbo, phone_number) VALUES (60, '1998-09-27', 'Degenova 21', '9532586792', '0984689788');
INSERT INTO _user (created_at, id, email, first_name, last_name, password, role, status) VALUES ('2022-09-27T13:39', 61, 'desanka.jukić@gmail.com', 'Desanka', 'Jukić', '$2a$12$MlnyH21ePO39K3ufi9qxO.MXpbIJqThmjnuR0J8mqqhxizKIeqeC6', 'PATIENT', 'DEACTIVATED');
INSERT INTO patient (id, date_of_birth, address, mbo, phone_number) VALUES (61, '1977-11-12', 'Lepušićeva 39', '4008872710', '0957562522');
INSERT INTO _user (created_at, id, email, first_name, last_name, password, role, status) VALUES ('2022-12-10T21:42', 62, 'bojana.benković@yahoo.com', 'Bojana', 'Benković', '$2a$12$MlnyH21ePO39K3ufi9qxO.MXpbIJqThmjnuR0J8mqqhxizKIeqeC6', 'PATIENT', 'DEACTIVATED');
INSERT INTO patient (id, date_of_birth, address, mbo, phone_number) VALUES (62, '1967-11-05', 'Bogišićeva 24', '1949378377', '0973226658');
INSERT INTO _user (created_at, id, email, first_name, last_name, password, role, status) VALUES ('2023-03-17T13:54', 63, 'silvana.kovačević@icloud.com', 'Silvana', 'Kovačević', '$2a$12$MlnyH21ePO39K3ufi9qxO.MXpbIJqThmjnuR0J8mqqhxizKIeqeC6', 'PATIENT', 'DEACTIVATED');
INSERT INTO patient (id, date_of_birth, address, mbo, phone_number) VALUES (63, '1976-10-07', 'Iblerov trg 17', '4019517712', '0972304350');
INSERT INTO _user (created_at, id, email, first_name, last_name, password, role, status) VALUES ('2023-12-19T00:49', 64, 'ida.dujmović@yahoo.com', 'Ida', 'Dujmović', '$2a$12$MlnyH21ePO39K3ufi9qxO.MXpbIJqThmjnuR0J8mqqhxizKIeqeC6', 'PATIENT', 'DEACTIVATED');
INSERT INTO patient (id, date_of_birth, address, mbo, phone_number) VALUES (64, '2002-12-29', 'Hochmannova 18', '9718993369', '0976169561');
INSERT INTO _user (created_at, id, email, first_name, last_name, password, role, status) VALUES ('2023-09-16T07:48', 65, 'damira.pranjić@yahoo.com', 'Damira', 'Pranjić', '$2a$12$MlnyH21ePO39K3ufi9qxO.MXpbIJqThmjnuR0J8mqqhxizKIeqeC6', 'PATIENT', 'DEACTIVATED');
INSERT INTO patient (id, date_of_birth, address, mbo, phone_number) VALUES (65, '1981-06-23', 'Plemićeva 30', '6026722411', '0929376347');
INSERT INTO _user (created_at, id, email, first_name, last_name, password, role, status) VALUES ('2023-12-24T11:37', 66, 'frane.radočaj@outlook.com', 'Frane', 'Radočaj', '$2a$12$MlnyH21ePO39K3ufi9qxO.MXpbIJqThmjnuR0J8mqqhxizKIeqeC6', 'PATIENT', 'ACTIVE');
INSERT INTO patient (id, date_of_birth, address, mbo, phone_number) VALUES (66, '1987-10-25', 'Berislavićeva 42', '7693197610', '0986671330');
INSERT INTO _user (created_at, id, email, first_name, last_name, password, role, status) VALUES ('2023-05-19T18:39', 67, 'miro.bašić@icloud.com', 'Miro', 'Bašić', '$2a$12$MlnyH21ePO39K3ufi9qxO.MXpbIJqThmjnuR0J8mqqhxizKIeqeC6', 'PATIENT', 'ACTIVE');
INSERT INTO patient (id, date_of_birth, address, mbo, phone_number) VALUES (67, '2002-02-24', 'Degenova 40', '4615421994', '0915773616');
INSERT INTO _user (created_at, id, email, first_name, last_name, password, role, status) VALUES ('2023-05-28T20:44', 68, 'emanuel.vojnović@gmail.com', 'Emanuel', 'Vojnović', '$2a$12$MlnyH21ePO39K3ufi9qxO.MXpbIJqThmjnuR0J8mqqhxizKIeqeC6', 'PATIENT', 'ACTIVE');
INSERT INTO patient (id, date_of_birth, address, mbo, phone_number) VALUES (68, '1963-11-24', 'Marulićev trg 08', '8594698156', '0952178357');
INSERT INTO _user (created_at, id, email, first_name, last_name, password, role, status) VALUES ('2023-12-13T05:37', 69, 'damjan.jurišić@gmail.com', 'Damjan', 'Jurišić', '$2a$12$MlnyH21ePO39K3ufi9qxO.MXpbIJqThmjnuR0J8mqqhxizKIeqeC6', 'PATIENT', 'ACTIVE');
INSERT INTO patient (id, date_of_birth, address, mbo, phone_number) VALUES (69, '1973-06-08', 'Tomislavov trg 21', '7338441049', '0917917336');
INSERT INTO _user (created_at, id, email, first_name, last_name, password, role, status) VALUES ('2023-09-29T13:35', 70, 'radovan.starčević@outlook.com', 'Radovan', 'Starčević', '$2a$12$MlnyH21ePO39K3ufi9qxO.MXpbIJqThmjnuR0J8mqqhxizKIeqeC6', 'PATIENT', 'ACTIVE');
INSERT INTO patient (id, date_of_birth, address, mbo, phone_number) VALUES (70, '1983-06-16', 'Trg Vladka Mačeka 36', '3099042264', '0970386314');
INSERT INTO _user (created_at, id, email, first_name, last_name, password, role, status) VALUES ('2022-10-24T01:04', 71, 'milan.matošević@icloud.com', 'Milan', 'Matošević', '$2a$12$MlnyH21ePO39K3ufi9qxO.MXpbIJqThmjnuR0J8mqqhxizKIeqeC6', 'PATIENT', 'ACTIVE');
INSERT INTO patient (id, date_of_birth, address, mbo, phone_number) VALUES (71, '1995-09-22', 'Varšavska 17', '8500387822', '0979936848');
INSERT INTO _user (created_at, id, email, first_name, last_name, password, role, status) VALUES ('2023-12-02T02:09', 72, 'mihael.šimunić@yahoo.com', 'Mihael', 'Šimunić', '$2a$12$MlnyH21ePO39K3ufi9qxO.MXpbIJqThmjnuR0J8mqqhxizKIeqeC6', 'PATIENT', 'ACTIVE');
INSERT INTO patient (id, date_of_birth, address, mbo, phone_number) VALUES (72, '1968-05-18', 'Gundulićeva 43', '6651343183', '0917756250');
INSERT INTO _user (created_at, id, email, first_name, last_name, password, role, status) VALUES ('2023-07-04T10:42', 73, 'mate.vukelić@gmail.com', 'Mate', 'Vukelić', '$2a$12$MlnyH21ePO39K3ufi9qxO.MXpbIJqThmjnuR0J8mqqhxizKIeqeC6', 'PATIENT', 'ACTIVE');
INSERT INTO patient (id, date_of_birth, address, mbo, phone_number) VALUES (73, '1978-06-04', 'Kurelčeva 32', '8268805207', '0955482300');
INSERT INTO _user (created_at, id, email, first_name, last_name, password, role, status) VALUES ('2023-10-12T12:50', 74, 'radovan.martić@icloud.com', 'Radovan', 'Martić', '$2a$12$MlnyH21ePO39K3ufi9qxO.MXpbIJqThmjnuR0J8mqqhxizKIeqeC6', 'PATIENT', 'ACTIVE');
INSERT INTO patient (id, date_of_birth, address, mbo, phone_number) VALUES (74, '2004-03-01', 'Račkoga 05', '2343995953', '0917010773');
INSERT INTO _user (created_at, id, email, first_name, last_name, password, role, status) VALUES ('2023-12-08T22:27', 75, 'marijo.jurković@icloud.com', 'Marijo', 'Jurković', '$2a$12$MlnyH21ePO39K3ufi9qxO.MXpbIJqThmjnuR0J8mqqhxizKIeqeC6', 'PATIENT', 'ACTIVE');
INSERT INTO patient (id, date_of_birth, address, mbo, phone_number) VALUES (75, '1988-07-08', 'Derenčinova 14', '1939157313', '0919139761');
INSERT INTO _user (created_at, id, email, first_name, last_name, password, role, status) VALUES ('2023-02-23T15:14', 76, 'stanislav.tomašić@outlook.com', 'Stanislav', 'Tomašić', '$2a$12$MlnyH21ePO39K3ufi9qxO.MXpbIJqThmjnuR0J8mqqhxizKIeqeC6', 'PATIENT', 'ACTIVE');
INSERT INTO patient (id, date_of_birth, address, mbo, phone_number) VALUES (76, '1962-02-05', 'Sermageova 08', '5886281568', '0978459459');
INSERT INTO _user (created_at, id, email, first_name, last_name, password, role, status) VALUES ('2023-05-05T23:37', 77, 'danko.vučković@icloud.com', 'Danko', 'Vučković', '$2a$12$MlnyH21ePO39K3ufi9qxO.MXpbIJqThmjnuR0J8mqqhxizKIeqeC6', 'PATIENT', 'ACTIVE');
INSERT INTO patient (id, date_of_birth, address, mbo, phone_number) VALUES (77, '1950-07-20', 'Amruševa 13', '4966908124', '0923268116');
INSERT INTO _user (created_at, id, email, first_name, last_name, password, role, status) VALUES ('2023-11-03T04:31', 78, 'mile.lovrić@yahoo.com', 'Mile', 'Lovrić', '$2a$12$MlnyH21ePO39K3ufi9qxO.MXpbIJqThmjnuR0J8mqqhxizKIeqeC6', 'PATIENT', 'ACTIVE');
INSERT INTO patient (id, date_of_birth, address, mbo, phone_number) VALUES (78, '1993-08-26', 'Ulica kneza Mutimira 46', '0515465079', '0950092719');
INSERT INTO _user (created_at, id, email, first_name, last_name, password, role, status) VALUES ('2023-01-03T11:52', 79, 'antonijo.grgurić@outlook.com', 'Antonijo', 'Grgurić', '$2a$12$MlnyH21ePO39K3ufi9qxO.MXpbIJqThmjnuR0J8mqqhxizKIeqeC6', 'PATIENT', 'ACTIVE');
INSERT INTO patient (id, date_of_birth, address, mbo, phone_number) VALUES (79, '1964-12-18', 'Tvrtkova 40', '0087563212', '0922100802');
INSERT INTO _user (created_at, id, email, first_name, last_name, password, role, status) VALUES ('2022-11-26T12:18', 80, 'dinko.posavec@icloud.com', 'Dinko', 'Posavec', '$2a$12$MlnyH21ePO39K3ufi9qxO.MXpbIJqThmjnuR0J8mqqhxizKIeqeC6', 'PATIENT', 'ACTIVE');
INSERT INTO patient (id, date_of_birth, address, mbo, phone_number) VALUES (80, '1985-11-14', 'Dežmanova 39', '5364056968', '0973118547');
INSERT INTO _user (created_at, id, email, first_name, last_name, password, role, status) VALUES ('2023-09-13T00:01', 81, 'pavo.gudelj@outlook.com', 'Pavo', 'Gudelj', '$2a$12$MlnyH21ePO39K3ufi9qxO.MXpbIJqThmjnuR0J8mqqhxizKIeqeC6', 'PATIENT', 'ACTIVE');
INSERT INTO patient (id, date_of_birth, address, mbo, phone_number) VALUES (81, '1996-12-22', 'Kordunska 27', '9531182693', '0978324998');
INSERT INTO _user (created_at, id, email, first_name, last_name, password, role, status) VALUES ('2022-11-24T00:24', 82, 'tihomir.bogović@outlook.com', 'Tihomir', 'Bogović', '$2a$12$MlnyH21ePO39K3ufi9qxO.MXpbIJqThmjnuR0J8mqqhxizKIeqeC6', 'PATIENT', 'ACTIVE');
INSERT INTO patient (id, date_of_birth, address, mbo, phone_number) VALUES (82, '1986-11-27', 'Nodilova 37', '1531101918', '0954566910');
INSERT INTO _user (created_at, id, email, first_name, last_name, password, role, status) VALUES ('2023-08-03T16:01', 83, 'igor.radić@gmail.com', 'Igor', 'Radić', '$2a$12$MlnyH21ePO39K3ufi9qxO.MXpbIJqThmjnuR0J8mqqhxizKIeqeC6', 'PATIENT', 'ACTIVE');
INSERT INTO patient (id, date_of_birth, address, mbo, phone_number) VALUES (83, '1986-06-09', 'Masarykova 27', '6295186921', '0927014195');
INSERT INTO _user (created_at, id, email, first_name, last_name, password, role, status) VALUES ('2023-03-31T15:53', 84, 'velimir.štimac@icloud.com', 'Velimir', 'Štimac', '$2a$12$MlnyH21ePO39K3ufi9qxO.MXpbIJqThmjnuR0J8mqqhxizKIeqeC6', 'PATIENT', 'ACTIVE');
INSERT INTO patient (id, date_of_birth, address, mbo, phone_number) VALUES (84, '1980-08-16', 'Trg bana J. Jelačića 29', '5722883108', '0983175836');
INSERT INTO _user (created_at, id, email, first_name, last_name, password, role, status) VALUES ('2023-07-23T20:12', 85, 'renato.dujmović@outlook.com', 'Renato', 'Dujmović', '$2a$12$MlnyH21ePO39K3ufi9qxO.MXpbIJqThmjnuR0J8mqqhxizKIeqeC6', 'PATIENT', 'ACTIVE');
INSERT INTO patient (id, date_of_birth, address, mbo, phone_number) VALUES (85, '1959-11-22', 'Ilica 31', '9486174498', '0988079316');
INSERT INTO _user (created_at, id, email, first_name, last_name, password, role, status) VALUES ('2023-08-27T13:47', 86, 'dejan.knežević@outlook.com', 'Dejan', 'Knežević', '$2a$12$MlnyH21ePO39K3ufi9qxO.MXpbIJqThmjnuR0J8mqqhxizKIeqeC6', 'PATIENT', 'ACTIVE');
INSERT INTO patient (id, date_of_birth, address, mbo, phone_number) VALUES (86, '1996-06-01', 'Ratkajev prolaz 03', '9670763709', '0952102409');
INSERT INTO _user (created_at, id, email, first_name, last_name, password, role, status) VALUES ('2023-07-20T03:38', 87, 'nikica.barišić@gmail.com', 'Nikica', 'Barišić', '$2a$12$MlnyH21ePO39K3ufi9qxO.MXpbIJqThmjnuR0J8mqqhxizKIeqeC6', 'PATIENT', 'ACTIVE');
INSERT INTO patient (id, date_of_birth, address, mbo, phone_number) VALUES (87, '1996-06-06', 'Martićeva 37', '1433008567', '0955967216');
INSERT INTO _user (created_at, id, email, first_name, last_name, password, role, status) VALUES ('2022-11-23T15:15', 88, 'nenad.jelić@outlook.com', 'Nenad', 'Jelić', '$2a$12$MlnyH21ePO39K3ufi9qxO.MXpbIJqThmjnuR0J8mqqhxizKIeqeC6', 'PATIENT', 'ACTIVE');
INSERT INTO patient (id, date_of_birth, address, mbo, phone_number) VALUES (88, '1995-10-20', 'Erdodyeva 11', '1146590616', '0989193798');
INSERT INTO _user (created_at, id, email, first_name, last_name, password, role, status) VALUES ('2023-12-16T16:47', 89, 'milivoj.crnković@icloud.com', 'Milivoj', 'Crnković', '$2a$12$MlnyH21ePO39K3ufi9qxO.MXpbIJqThmjnuR0J8mqqhxizKIeqeC6', 'PATIENT', 'ACTIVE');
INSERT INTO patient (id, date_of_birth, address, mbo, phone_number) VALUES (89, '1971-03-04', 'Trg hrvatskih velikana 22', '6517361434', '0925825527');
INSERT INTO _user (created_at, id, email, first_name, last_name, password, role, status) VALUES ('2022-12-02T08:34', 90, 'srđan.barić@outlook.com', 'Srđan', 'Barić', '$2a$12$MlnyH21ePO39K3ufi9qxO.MXpbIJqThmjnuR0J8mqqhxizKIeqeC6', 'PATIENT', 'ACTIVE');
INSERT INTO patient (id, date_of_birth, address, mbo, phone_number) VALUES (90, '1950-07-07', 'Fišerova 22', '1406367563', '0912646475');
INSERT INTO _user (created_at, id, email, first_name, last_name, password, role, status) VALUES ('2022-09-02T02:25', 91, 'vjekoslav.brkić@yahoo.com', 'Vjekoslav', 'Brkić', '$2a$12$MlnyH21ePO39K3ufi9qxO.MXpbIJqThmjnuR0J8mqqhxizKIeqeC6', 'PATIENT', 'ACTIVE');
INSERT INTO patient (id, date_of_birth, address, mbo, phone_number) VALUES (91, '1990-07-27', 'Preradovićeva 48', '2047250912', '0916590234');
INSERT INTO _user (created_at, id, email, first_name, last_name, password, role, status) VALUES ('2023-08-24T15:32', 92, 'željko.tadić@gmail.com', 'Željko', 'Tadić', '$2a$12$MlnyH21ePO39K3ufi9qxO.MXpbIJqThmjnuR0J8mqqhxizKIeqeC6', 'PATIENT', 'ACTIVE');
INSERT INTO patient (id, date_of_birth, address, mbo, phone_number) VALUES (92, '1979-01-08', 'Ulica Izidora Kršnjavog 03', '9600795236', '0911200876');
INSERT INTO _user (created_at, id, email, first_name, last_name, password, role, status) VALUES ('2023-04-08T06:14', 93, 'romano.božić@yahoo.com', 'Romano', 'Božić', '$2a$12$MlnyH21ePO39K3ufi9qxO.MXpbIJqThmjnuR0J8mqqhxizKIeqeC6', 'PATIENT', 'ACTIVE');
INSERT INTO patient (id, date_of_birth, address, mbo, phone_number) VALUES (93, '2002-10-28', 'Dolac 01', '7383986348', '0985811670');
INSERT INTO _user (created_at, id, email, first_name, last_name, password, role, status) VALUES ('2023-08-20T15:53', 94, 'tin.babić@outlook.com', 'Tin', 'Babić', '$2a$12$MlnyH21ePO39K3ufi9qxO.MXpbIJqThmjnuR0J8mqqhxizKIeqeC6', 'PATIENT', 'ACTIVE');
INSERT INTO patient (id, date_of_birth, address, mbo, phone_number) VALUES (94, '1979-06-27', 'Žigrovićeva 36', '2586994704', '0959825231');
INSERT INTO _user (created_at, id, email, first_name, last_name, password, role, status) VALUES ('2023-10-05T15:07', 95, 'vlatko.mandić@outlook.com', 'Vlatko', 'Mandić', '$2a$12$MlnyH21ePO39K3ufi9qxO.MXpbIJqThmjnuR0J8mqqhxizKIeqeC6', 'PATIENT', 'ACTIVE');
INSERT INTO patient (id, date_of_birth, address, mbo, phone_number) VALUES (95, '1993-11-14', 'Krvavi most 25', '8104779003', '0911432372');
INSERT INTO _user (created_at, id, email, first_name, last_name, password, role, status) VALUES ('2024-01-02T02:15', 96, 'gojko.vlašić@yahoo.com', 'Gojko', 'Vlašić', '$2a$12$MlnyH21ePO39K3ufi9qxO.MXpbIJqThmjnuR0J8mqqhxizKIeqeC6', 'PATIENT', 'ACTIVE');
INSERT INTO patient (id, date_of_birth, address, mbo, phone_number) VALUES (96, '1962-02-15', 'Starčevićev trg 26', '6700631176', '0989809991');
INSERT INTO _user (created_at, id, email, first_name, last_name, password, role, status) VALUES ('2022-12-07T06:46', 97, 'saša.klarić@yahoo.com', 'Saša', 'Klarić', '$2a$12$MlnyH21ePO39K3ufi9qxO.MXpbIJqThmjnuR0J8mqqhxizKIeqeC6', 'PATIENT', 'ACTIVE');
INSERT INTO patient (id, date_of_birth, address, mbo, phone_number) VALUES (97, '1997-08-29', 'Jukićeva 48', '7151398734', '0957622090');
INSERT INTO _user (created_at, id, email, first_name, last_name, password, role, status) VALUES ('2023-07-15T02:09', 98, 'lovro.božić@gmail.com', 'Lovro', 'Božić', '$2a$12$MlnyH21ePO39K3ufi9qxO.MXpbIJqThmjnuR0J8mqqhxizKIeqeC6', 'PATIENT', 'ACTIVE');
INSERT INTO patient (id, date_of_birth, address, mbo, phone_number) VALUES (98, '1978-05-31', 'Tomićeva 14', '9717958282', '0952396045');
INSERT INTO _user (created_at, id, email, first_name, last_name, password, role, status) VALUES ('2023-10-25T18:52', 99, 'antun.vlahović@yahoo.com', 'Antun', 'Vlahović', '$2a$12$MlnyH21ePO39K3ufi9qxO.MXpbIJqThmjnuR0J8mqqhxizKIeqeC6', 'PATIENT', 'ACTIVE');
INSERT INTO patient (id, date_of_birth, address, mbo, phone_number) VALUES (99, '1966-07-11', 'Ulica kneza Mutimira 04', '7108033913', '0920775068');
INSERT INTO _user (created_at, id, email, first_name, last_name, password, role, status) VALUES ('2023-08-04T22:01', 100, 'stevan.filipović@gmail.com', 'Stevan', 'Filipović', '$2a$12$MlnyH21ePO39K3ufi9qxO.MXpbIJqThmjnuR0J8mqqhxizKIeqeC6', 'PATIENT', 'ACTIVE');
INSERT INTO patient (id, date_of_birth, address, mbo, phone_number) VALUES (100, '1975-10-02', 'Mrazovićeva 24', '8557738089', '0957300513');
INSERT INTO _user (created_at, id, email, first_name, last_name, password, role, status) VALUES ('2022-12-17T16:10', 101, 'dorijan.crnković@icloud.com', 'Dorijan', 'Crnković', '$2a$12$MlnyH21ePO39K3ufi9qxO.MXpbIJqThmjnuR0J8mqqhxizKIeqeC6', 'PATIENT', 'ACTIVE');
INSERT INTO patient (id, date_of_birth, address, mbo, phone_number) VALUES (101, '1997-06-02', 'Rokov perivoj 34', '1386876371', '0911248691');
INSERT INTO _user (created_at, id, email, first_name, last_name, password, role, status) VALUES ('2022-10-24T16:05', 102, 'franko.kujundžić@yahoo.com', 'Franko', 'Kujundžić', '$2a$12$MlnyH21ePO39K3ufi9qxO.MXpbIJqThmjnuR0J8mqqhxizKIeqeC6', 'PATIENT', 'ACTIVE');
INSERT INTO patient (id, date_of_birth, address, mbo, phone_number) VALUES (102, '2003-03-24', 'Opatovina 46', '3487319872', '0971839713');
INSERT INTO _user (created_at, id, email, first_name, last_name, password, role, status) VALUES ('2022-11-05T07:33', 103, 'vladimir.andrić@yahoo.com', 'Vladimir', 'Andrić', '$2a$12$MlnyH21ePO39K3ufi9qxO.MXpbIJqThmjnuR0J8mqqhxizKIeqeC6', 'PATIENT', 'ACTIVE');
INSERT INTO patient (id, date_of_birth, address, mbo, phone_number) VALUES (103, '1986-05-30', 'Žigrovićeva 46', '3084092812', '0951052304');
INSERT INTO _user (created_at, id, email, first_name, last_name, password, role, status) VALUES ('2023-06-27T18:01', 104, 'dorijan.horvatić@gmail.com', 'Dorijan', 'Horvatić', '$2a$12$MlnyH21ePO39K3ufi9qxO.MXpbIJqThmjnuR0J8mqqhxizKIeqeC6', 'PATIENT', 'ACTIVE');
INSERT INTO patient (id, date_of_birth, address, mbo, phone_number) VALUES (104, '2003-05-26', 'Martićeva 29', '4150829373', '0986779114');
INSERT INTO _user (created_at, id, email, first_name, last_name, password, role, status) VALUES ('2023-03-09T04:33', 105, 'alan.jurić@outlook.com', 'Alan', 'Jurić', '$2a$12$MlnyH21ePO39K3ufi9qxO.MXpbIJqThmjnuR0J8mqqhxizKIeqeC6', 'PATIENT', 'ACTIVE');
INSERT INTO patient (id, date_of_birth, address, mbo, phone_number) VALUES (105, '1953-10-18', 'Jukićeva 23', '4473381850', '0974598791');
INSERT INTO _user (created_at, id, email, first_name, last_name, password, role, status) VALUES ('2024-01-08T02:33', 106, 'stanislav.božić@outlook.com', 'Stanislav', 'Božić', '$2a$12$MlnyH21ePO39K3ufi9qxO.MXpbIJqThmjnuR0J8mqqhxizKIeqeC6', 'PATIENT', 'PENDING');
INSERT INTO patient (id, date_of_birth, address, mbo, phone_number) VALUES (106, '1991-11-28', 'Lepušićeva 32', '2215790844', '0974052627');
INSERT INTO _user (created_at, id, email, first_name, last_name, password, role, status) VALUES ('2024-01-04T02:13', 107, 'đorđe.pavlović@gmail.com', 'Đorđe', 'Pavlović', '$2a$12$MlnyH21ePO39K3ufi9qxO.MXpbIJqThmjnuR0J8mqqhxizKIeqeC6', 'PATIENT', 'PENDING');
INSERT INTO patient (id, date_of_birth, address, mbo, phone_number) VALUES (107, '1966-03-07', 'Britanski trg 43', '4910132182', '0984522498');
INSERT INTO _user (created_at, id, email, first_name, last_name, password, role, status) VALUES ('2023-12-30T13:09', 108, 'milenko.matijašević@gmail.com', 'Milenko', 'Matijašević', '$2a$12$MlnyH21ePO39K3ufi9qxO.MXpbIJqThmjnuR0J8mqqhxizKIeqeC6', 'PATIENT', 'PENDING');
INSERT INTO patient (id, date_of_birth, address, mbo, phone_number) VALUES (108, '1999-12-30', 'Gajeva 08', '4322527637', '0911968585');
INSERT INTO _user (created_at, id, email, first_name, last_name, password, role, status) VALUES ('2024-01-05T14:03', 109, 'vid.gudelj@icloud.com', 'Vid', 'Gudelj', '$2a$12$MlnyH21ePO39K3ufi9qxO.MXpbIJqThmjnuR0J8mqqhxizKIeqeC6', 'PATIENT', 'PENDING');
INSERT INTO patient (id, date_of_birth, address, mbo, phone_number) VALUES (109, '1958-02-25', 'Amruševa 12', '4961729802', '0923120555');
INSERT INTO _user (created_at, id, email, first_name, last_name, password, role, status) VALUES ('2024-01-06T18:33', 110, 'benjamin.tomašević@icloud.com', 'Benjamin', 'Tomašević', '$2a$12$MlnyH21ePO39K3ufi9qxO.MXpbIJqThmjnuR0J8mqqhxizKIeqeC6', 'PATIENT', 'PENDING');
INSERT INTO patient (id, date_of_birth, address, mbo, phone_number) VALUES (110, '2003-03-20', 'Tomislavov trg 18', '2705517497', '0915681846');
INSERT INTO _user (created_at, id, email, first_name, last_name, password, role, status) VALUES ('2024-01-08T17:14', 111, 'mihovil.dukić@yahoo.com', 'Mihovil', 'Dukić', '$2a$12$MlnyH21ePO39K3ufi9qxO.MXpbIJqThmjnuR0J8mqqhxizKIeqeC6', 'PATIENT', 'PENDING');
INSERT INTO patient (id, date_of_birth, address, mbo, phone_number) VALUES (111, '1985-08-29', 'Bauerova 23', '0927747129', '0971689051');
INSERT INTO _user (created_at, id, email, first_name, last_name, password, role, status) VALUES ('2024-01-09T20:44', 112, 'drago.savić@gmail.com', 'Drago', 'Savić', '$2a$12$MlnyH21ePO39K3ufi9qxO.MXpbIJqThmjnuR0J8mqqhxizKIeqeC6', 'PATIENT', 'PENDING');
INSERT INTO patient (id, date_of_birth, address, mbo, phone_number) VALUES (112, '1975-07-27', 'Vlaška 07', '3088797567', '0927440903');
INSERT INTO _user (created_at, id, email, first_name, last_name, password, role, status) VALUES ('2023-12-30T04:27', 113, 'mihajlo.jozić@gmail.com', 'Mihajlo', 'Jozić', '$2a$12$MlnyH21ePO39K3ufi9qxO.MXpbIJqThmjnuR0J8mqqhxizKIeqeC6', 'PATIENT', 'PENDING');
INSERT INTO patient (id, date_of_birth, address, mbo, phone_number) VALUES (113, '1977-05-13', 'Jagićeva 49', '7343232583', '0921270626');
INSERT INTO _user (created_at, id, email, first_name, last_name, password, role, status) VALUES ('2024-01-09T20:57', 114, 'vid.mikulić@gmail.com', 'Vid', 'Mikulić', '$2a$12$MlnyH21ePO39K3ufi9qxO.MXpbIJqThmjnuR0J8mqqhxizKIeqeC6', 'PATIENT', 'PENDING');
INSERT INTO patient (id, date_of_birth, address, mbo, phone_number) VALUES (114, '1959-09-21', 'Ulica Republike Austrije 23', '513132707', '0921566366');
INSERT INTO _user (created_at, id, email, first_name, last_name, password, role, status) VALUES ('2024-01-09T13:36', 115, 'ratko.kurtović@outlook.com', 'Ratko', 'Kurtović', '$2a$12$MlnyH21ePO39K3ufi9qxO.MXpbIJqThmjnuR0J8mqqhxizKIeqeC6', 'PATIENT', 'PENDING');
INSERT INTO patient (id, date_of_birth, address, mbo, phone_number) VALUES (115, '1997-09-22', 'Šoštarićeva 29', '8113026080', '0910076666');
INSERT INTO _user (created_at, id, email, first_name, last_name, password, role, status) VALUES ('2024-01-07T15:24', 116, 'milivoj.novak@gmail.com', 'Milivoj', 'Novak', '$2a$12$MlnyH21ePO39K3ufi9qxO.MXpbIJqThmjnuR0J8mqqhxizKIeqeC6', 'PATIENT', 'PENDING');
INSERT INTO patient (id, date_of_birth, address, mbo, phone_number) VALUES (116, '1991-03-19', 'Ulica baruna Trenka 20', '2613230995', '0913272022');
INSERT INTO _user (created_at, id, email, first_name, last_name, password, role, status) VALUES ('2024-01-07T23:40', 117, 'denis.ilić@yahoo.com', 'Denis', 'Ilić', '$2a$12$MlnyH21ePO39K3ufi9qxO.MXpbIJqThmjnuR0J8mqqhxizKIeqeC6', 'PATIENT', 'PENDING');
INSERT INTO patient (id, date_of_birth, address, mbo, phone_number) VALUES (117, '1984-12-17', 'Skalinska 32', '9554882825', '0913358749');
INSERT INTO _user (created_at, id, email, first_name, last_name, password, role, status) VALUES ('2022-10-07T01:42', 118, 'vilim.kolar@gmail.com', 'Vilim', 'Kolar', '$2a$12$MlnyH21ePO39K3ufi9qxO.MXpbIJqThmjnuR0J8mqqhxizKIeqeC6', 'PATIENT', 'DEACTIVATED');
INSERT INTO patient (id, date_of_birth, address, mbo, phone_number) VALUES (118, '1982-10-20', 'Hatzova 39', '8765412483', '0985709030');
INSERT INTO _user (created_at, id, email, first_name, last_name, password, role, status) VALUES ('2022-12-25T18:24', 119, 'karlo.kovačević@yahoo.com', 'Karlo', 'Kovačević', '$2a$12$MlnyH21ePO39K3ufi9qxO.MXpbIJqThmjnuR0J8mqqhxizKIeqeC6', 'PATIENT', 'DEACTIVATED');
INSERT INTO patient (id, date_of_birth, address, mbo, phone_number) VALUES (119, '2001-06-13', 'Livadićeva 34', '5285677950', '0988534591');
INSERT INTO _user (created_at, id, email, first_name, last_name, password, role, status) VALUES ('2023-07-31T15:00', 120, 'emil.jakovljević@outlook.com', 'Emil', 'Jakovljević', '$2a$12$MlnyH21ePO39K3ufi9qxO.MXpbIJqThmjnuR0J8mqqhxizKIeqeC6', 'PATIENT', 'DEACTIVATED');
INSERT INTO patient (id, date_of_birth, address, mbo, phone_number) VALUES (120, '1964-02-17', 'Deželićeva 20', '6641708345', '0983822478');
INSERT INTO _user (created_at, id, email, first_name, last_name, password, role, status) VALUES ('2022-11-09T11:43', 121, 'milan.kovačević@yahoo.com', 'Milan', 'Kovačević', '$2a$12$MlnyH21ePO39K3ufi9qxO.MXpbIJqThmjnuR0J8mqqhxizKIeqeC6', 'PATIENT', 'DEACTIVATED');
INSERT INTO patient (id, date_of_birth, address, mbo, phone_number) VALUES (121, '1951-12-05', 'Fabkovićeva 25', '6547508529', '0971371724');
INSERT INTO _user (created_at, id, email, first_name, last_name, password, role, status) VALUES ('2023-09-09T13:08', 122, 'dorian.marinović@gmail.com', 'Dorian', 'Marinović', '$2a$12$MlnyH21ePO39K3ufi9qxO.MXpbIJqThmjnuR0J8mqqhxizKIeqeC6', 'PATIENT', 'DEACTIVATED');
INSERT INTO patient (id, date_of_birth, address, mbo, phone_number) VALUES (122, '1968-10-15', 'Račkoga 26', '8949914007', '0989270411');
INSERT INTO _user (created_at, id, email, first_name, last_name, password, role, status) VALUES ('2023-09-01T06:40', 123, 'radovan.stanković@yahoo.com', 'Radovan', 'Stanković', '$2a$12$MlnyH21ePO39K3ufi9qxO.MXpbIJqThmjnuR0J8mqqhxizKIeqeC6', 'PATIENT', 'DEACTIVATED');
INSERT INTO patient (id, date_of_birth, address, mbo, phone_number) VALUES (123, '1975-01-10', 'Iblerov trg 41', '6207072304', '0977141727');
INSERT INTO _user (created_at, id, email, first_name, last_name, password, role, status) VALUES ('2023-10-13T12:15', 124, 'perica.jakšić@icloud.com', 'Perica', 'Jakšić', '$2a$12$MlnyH21ePO39K3ufi9qxO.MXpbIJqThmjnuR0J8mqqhxizKIeqeC6', 'PATIENT', 'DEACTIVATED');
INSERT INTO patient (id, date_of_birth, address, mbo, phone_number) VALUES (124, '1969-01-27', 'Novakova 36', '7124083810', '0913630819');
INSERT INTO _user (created_at, id, email, first_name, last_name, password, role, status) VALUES ('2023-12-25T01:17', 125, 'mihajlo.miletić@icloud.com', 'Mihajlo', 'Miletić', '$2a$12$MlnyH21ePO39K3ufi9qxO.MXpbIJqThmjnuR0J8mqqhxizKIeqeC6', 'PATIENT', 'DEACTIVATED');
INSERT INTO patient (id, date_of_birth, address, mbo, phone_number) VALUES (125, '1979-05-12', 'Ulica fra Filipa Grabovca 34', '357743151', '0975450040');
INSERT INTO _user (created_at, id, email, first_name, last_name, password, role, status) VALUES ('2022-12-21T09:11', 126, 'dragica.tomašić@outlook.com', 'Dragica', 'Tomašić', '$2a$12$MlnyH21ePO39K3ufi9qxO.MXpbIJqThmjnuR0J8mqqhxizKIeqeC6', 'STAFF', 'ACTIVE');
INSERT INTO employee (id, specialization) VALUES (126, 'PHYSICAL_THERAPIST');
INSERT INTO _user (created_at, id, email, first_name, last_name, password, role, status) VALUES ('2022-11-01T04:37', 127, 'ilinka.budimir@outlook.com', 'Ilinka', 'Budimir', '$2a$12$MlnyH21ePO39K3ufi9qxO.MXpbIJqThmjnuR0J8mqqhxizKIeqeC6', 'STAFF', 'ACTIVE');
INSERT INTO employee (id, specialization) VALUES (127, 'ELECTROTHERAPIST');
INSERT INTO _user (created_at, id, email, first_name, last_name, password, role, status) VALUES ('2023-03-09T02:44', 128, 'vilma.stojanović@icloud.com', 'Vilma', 'Stojanović', '$2a$12$MlnyH21ePO39K3ufi9qxO.MXpbIJqThmjnuR0J8mqqhxizKIeqeC6', 'STAFF', 'ACTIVE');
INSERT INTO employee (id, specialization) VALUES (128, 'THERMOTHERAPIST');
INSERT INTO _user (created_at, id, email, first_name, last_name, password, role, status) VALUES ('2023-06-20T12:21', 129, 'tina.vlašić@yahoo.com', 'Tina', 'Vlašić', '$2a$12$MlnyH21ePO39K3ufi9qxO.MXpbIJqThmjnuR0J8mqqhxizKIeqeC6', 'STAFF', 'ACTIVE');
INSERT INTO employee (id, specialization) VALUES (129, 'HYDROTHERAPIST');
INSERT INTO _user (created_at, id, email, first_name, last_name, password, role, status) VALUES ('2022-11-27T07:15', 130, 'patricia.kordić@yahoo.com', 'Patricia', 'Kordić', '$2a$12$MlnyH21ePO39K3ufi9qxO.MXpbIJqThmjnuR0J8mqqhxizKIeqeC6', 'STAFF', 'ACTIVE');
INSERT INTO employee (id, specialization) VALUES (130, 'PHYSICAL_THERAPIST');
INSERT INTO _user (created_at, id, email, first_name, last_name, password, role, status) VALUES ('2022-11-01T09:42', 131, 'klaudija.gregurić@icloud.com', 'Klaudija', 'Gregurić', '$2a$12$MlnyH21ePO39K3ufi9qxO.MXpbIJqThmjnuR0J8mqqhxizKIeqeC6', 'STAFF', 'ACTIVE');
INSERT INTO employee (id, specialization) VALUES (131, 'HYDROTHERAPIST');
INSERT INTO _user (created_at, id, email, first_name, last_name, password, role, status) VALUES ('2023-03-24T19:05', 132, 'tomislava.brkić@outlook.com', 'Tomislava', 'Brkić', '$2a$12$MlnyH21ePO39K3ufi9qxO.MXpbIJqThmjnuR0J8mqqhxizKIeqeC6', 'STAFF', 'ACTIVE');
INSERT INTO employee (id, specialization) VALUES (132, 'PHYSICAL_THERAPIST');
INSERT INTO _user (created_at, id, email, first_name, last_name, password, role, status) VALUES ('2023-07-13T14:36', 133, 'irma.vlahović@gmail.com', 'Irma', 'Vlahović', '$2a$12$MlnyH21ePO39K3ufi9qxO.MXpbIJqThmjnuR0J8mqqhxizKIeqeC6', 'STAFF', 'ACTIVE');
INSERT INTO employee (id, specialization) VALUES (133, 'CRYOTHERAPIST');
INSERT INTO _user (created_at, id, email, first_name, last_name, password, role, status) VALUES ('2023-12-17T20:55', 134, 'paulina.ćosić@icloud.com', 'Paulina', 'Ćosić', '$2a$12$MlnyH21ePO39K3ufi9qxO.MXpbIJqThmjnuR0J8mqqhxizKIeqeC6', 'STAFF', 'ACTIVE');
INSERT INTO employee (id, specialization) VALUES (134, 'HYDROTHERAPIST');
INSERT INTO _user (created_at, id, email, first_name, last_name, password, role, status) VALUES ('2023-08-10T21:37', 135, 'ena.grgić@yahoo.com', 'Ena', 'Grgić', '$2a$12$MlnyH21ePO39K3ufi9qxO.MXpbIJqThmjnuR0J8mqqhxizKIeqeC6', 'STAFF', 'ACTIVE');
INSERT INTO employee (id, specialization) VALUES (135, 'PHYSICAL_THERAPIST');
INSERT INTO _user (created_at, id, email, first_name, last_name, password, role, status) VALUES ('2022-11-15T01:35', 136, 'jakov.savić@outlook.com', 'Jakov', 'Savić', '$2a$12$MlnyH21ePO39K3ufi9qxO.MXpbIJqThmjnuR0J8mqqhxizKIeqeC6', 'STAFF', 'ACTIVE');
INSERT INTO employee (id, specialization) VALUES (136, 'ELECTROTHERAPIST');
INSERT INTO _user (created_at, id, email, first_name, last_name, password, role, status) VALUES ('2023-01-10T08:36', 137, 'marinko.ivanković@gmail.com', 'Marinko', 'Ivanković', '$2a$12$MlnyH21ePO39K3ufi9qxO.MXpbIJqThmjnuR0J8mqqhxizKIeqeC6', 'STAFF', 'ACTIVE');
INSERT INTO employee (id, specialization) VALUES (137, 'PHYSICAL_THERAPIST');
INSERT INTO _user (created_at, id, email, first_name, last_name, password, role, status) VALUES ('2023-10-29T05:58', 138, 'niko.turković@yahoo.com', 'Niko', 'Turković', '$2a$12$MlnyH21ePO39K3ufi9qxO.MXpbIJqThmjnuR0J8mqqhxizKIeqeC6', 'STAFF', 'ACTIVE');
INSERT INTO employee (id, specialization) VALUES (138, 'HYDROTHERAPIST');
INSERT INTO _user (created_at, id, email, first_name, last_name, password, role, status) VALUES ('2022-11-10T05:43', 139, 'siniša.ivančić@gmail.com', 'Siniša', 'Ivančić', '$2a$12$MlnyH21ePO39K3ufi9qxO.MXpbIJqThmjnuR0J8mqqhxizKIeqeC6', 'STAFF', 'ACTIVE');
INSERT INTO employee (id, specialization) VALUES (139, 'PHYSICAL_THERAPIST');
INSERT INTO _user (created_at, id, email, first_name, last_name, password, role, status) VALUES ('2023-08-18T07:44', 140, 'viktor.pavlović@outlook.com', 'Viktor', 'Pavlović', '$2a$12$MlnyH21ePO39K3ufi9qxO.MXpbIJqThmjnuR0J8mqqhxizKIeqeC6', 'STAFF', 'ACTIVE');
INSERT INTO employee (id, specialization) VALUES (140, 'PHYSICAL_THERAPIST');
INSERT INTO _user (created_at, id, email, first_name, last_name, password, role, status) VALUES ('2023-05-11T04:21', 141, 'jerko.jurić@yahoo.com', 'Jerko', 'Jurić', '$2a$12$MlnyH21ePO39K3ufi9qxO.MXpbIJqThmjnuR0J8mqqhxizKIeqeC6', 'STAFF', 'ACTIVE');
INSERT INTO employee (id, specialization) VALUES (141, 'PHYSICAL_THERAPIST');
INSERT INTO _user (created_at, id, email, first_name, last_name, password, role, status) VALUES ('2023-09-17T20:08', 142, 'ivan.hrženjak@outlook.com', 'Ivan', 'Hrženjak', '$2a$12$MlnyH21ePO39K3ufi9qxO.MXpbIJqThmjnuR0J8mqqhxizKIeqeC6', 'STAFF', 'ACTIVE');
INSERT INTO employee (id, specialization) VALUES (142, 'PHYSICAL_THERAPIST');
INSERT INTO _user (created_at, id, email, first_name, last_name, password, role, status) VALUES ('2023-03-09T04:17', 143, 'eugen.turković@yahoo.com', 'Eugen', 'Turković', '$2a$12$MlnyH21ePO39K3ufi9qxO.MXpbIJqThmjnuR0J8mqqhxizKIeqeC6', 'STAFF', 'ACTIVE');
INSERT INTO employee (id, specialization) VALUES (143, 'PHYSICAL_THERAPIST');
INSERT INTO _user (created_at, id, email, first_name, last_name, password, role, status) VALUES ('2023-09-13T22:26', 144, 'miro.balić@icloud.com', 'Miro', 'Balić', '$2a$12$MlnyH21ePO39K3ufi9qxO.MXpbIJqThmjnuR0J8mqqhxizKIeqeC6', 'STAFF', 'ACTIVE');
INSERT INTO employee (id, specialization) VALUES (144, 'PHYSICAL_THERAPIST');
INSERT INTO _user (created_at, id, email, first_name, last_name, password, role, status) VALUES ('2023-08-14T03:25', 145, 'nediljko.kordić@yahoo.com', 'Nediljko', 'Kordić', '$2a$12$MlnyH21ePO39K3ufi9qxO.MXpbIJqThmjnuR0J8mqqhxizKIeqeC6', 'STAFF', 'ACTIVE');
INSERT INTO employee (id, specialization) VALUES (145, 'PHYSICAL_THERAPIST');
INSERT INTO _user (created_at, id, email, first_name, last_name, password, role, status) VALUES ('2022-10-10T21:36', 146, 'božidar.jelić@outlook.com', 'Božidar', 'Jelić', '$2a$12$MlnyH21ePO39K3ufi9qxO.MXpbIJqThmjnuR0J8mqqhxizKIeqeC6', 'STAFF', 'ACTIVE');
INSERT INTO employee (id, specialization) VALUES (146, 'PHYSICAL_THERAPIST');
INSERT INTO _user (created_at, id, email, first_name, last_name, password, role, status) VALUES ('2023-12-28T18:21', 147, 'eduard.matijević@outlook.com', 'Eduard', 'Matijević', '$2a$12$MlnyH21ePO39K3ufi9qxO.MXpbIJqThmjnuR0J8mqqhxizKIeqeC6', 'STAFF', 'ACTIVE');
INSERT INTO employee (id, specialization) VALUES (147, 'THERMOTHERAPIST');
INSERT INTO _user (created_at, id, email, first_name, last_name, password, role, status) VALUES ('2022-10-08T23:50', 148, 'nedjeljko.đurđević@outlook.com', 'Nedjeljko', 'Đurđević', '$2a$12$MlnyH21ePO39K3ufi9qxO.MXpbIJqThmjnuR0J8mqqhxizKIeqeC6', 'STAFF', 'ACTIVE');
INSERT INTO employee (id, specialization) VALUES (148, 'PHYSICAL_THERAPIST');
INSERT INTO _user (created_at, id, email, first_name, last_name, password, role, status) VALUES ('2023-09-25T13:43', 149, 'leo.crnković@outlook.com', 'Leo', 'Crnković', '$2a$12$MlnyH21ePO39K3ufi9qxO.MXpbIJqThmjnuR0J8mqqhxizKIeqeC6', 'STAFF', 'ACTIVE');
INSERT INTO employee (id, specialization) VALUES (149, 'CRYOTHERAPIST');
INSERT INTO _user (created_at, id, email, first_name, last_name, password, role, status) VALUES ('2022-10-02T08:56', 150, 'bernard.duvnjak@gmail.com', 'Bernard', 'Duvnjak', '$2a$12$MlnyH21ePO39K3ufi9qxO.MXpbIJqThmjnuR0J8mqqhxizKIeqeC6', 'STAFF', 'ACTIVE');
INSERT INTO employee (id, specialization) VALUES (150, 'CRYOTHERAPIST');

INSERT INTO equipment (capacity, id, name, specialization, room_name, description) VALUES (10, 1, 'Gym', 'PHYSICAL_THERAPIST', 'Physiotherapy Suite', 'This gym is equipped for physical therapy and is likely to include a variety of exercise equipment such as treadmills, stationary bikes, free weights, and resistance bands. It is designed to accommodate physical rehabilitation needs, strength training, and flexibility exercises under the guidance of a physical therapist.'); --physical therapy
INSERT INTO equipment (capacity, id, name, specialization, room_name, description) VALUES (2, 2, 'Electrical Muscle Stimulation unit', 'ELECTROTHERAPIST', 'Electrotherapy Zone', 'The EMS unit is a device used by electrotherapists to deliver electrical impulses to stimulate muscle contractions. It''s often used in rehabilitation after injury, for pain relief, or even in muscle strengthening and training. The unit''s settings can be adjusted for intensity and frequency to suit individual patient needs.');
INSERT INTO equipment (capacity, id, name, specialization, room_name, description) VALUES (2, 3, 'Cryotherapy machine', 'CRYOTHERAPIST', 'CryoRecovery Room', 'This machine is used for cryotherapy, involving exposure to extremely cold temperatures for a few minutes. Cryotherapy can reduce inflammation, pain, and muscle spasms and is often used in sports medicine and recovery therapy. The cryotherapy machine could be a full-body chamber or localized treatment device.');
INSERT INTO equipment (capacity, id, name, specialization, room_name, description) VALUES (4, 4, 'Hydrotherapy pool', 'HYDROTHERAPIST', 'Hydro Rehab Pool', 'A hydrotherapy pool is designed for therapeutic exercises in a water-based environment. The buoyancy, resistance, and warmth of the water can help in pain relief, improving joint mobility, and enhancing rehabilitation from injuries. It''s particularly beneficial for patients with arthritis, chronic pain, and neurological conditions.');
INSERT INTO equipment (capacity, id, name, specialization, room_name, description) VALUES (4, 5, 'Paraffin wax baths and infrared lamp', 'THERMOTHERAPIST', 'Thermal Wellness Space', 'This equipment is used for thermotherapy. Paraffin wax baths provide heat therapy for pain relief and to soften the skin, often used for hands and feet. They are beneficial for conditions like arthritis or fibromyalgia. The infrared lamp emits infrared light to penetrate deep into tissues, easing muscle aches, increasing circulation, and relaxing the muscles.');

--shoulder
INSERT INTO therapy_type (required_equipment_id, name, description, therapy_Code, num_of_sessions, body_part, id) VALUES (1, 'Rotator cuff tear', 'Physical therapy focuses on strengthening the shoulder muscles, improving range of motion, and reducing pain through targeted exercises.', '#5G3Y4', 12, 'shoulder', 1);
INSERT INTO therapy_type (required_equipment_id, name, description, therapy_Code, num_of_sessions, body_part, id) VALUES (1, 'Frozen shoulder', 'Therapy aims to restore shoulder mobility through stretching and range of motion exercises.', '#7Z8V8', 10, 'shoulder', 2);

--arm
INSERT INTO therapy_type (required_equipment_id, name, description, therapy_Code, num_of_sessions, body_part, id) VALUES (1, 'Tennis elbow', 'Treatment includes strengthening forearm muscles.', '#1V2V2', 8, 'arm', 3);
INSERT INTO therapy_type (required_equipment_id, name, description, therapy_Code, num_of_sessions, body_part, id) VALUES (1, 'Golfers elbow', 'Physical therapy involves strengthening and stretching exercises for the forearm muscles and may include modalities for pain relief.', '#8I5F5', 8, 'arm', 4);
INSERT INTO therapy_type (required_equipment_id, name, description, therapy_Code, num_of_sessions, body_part, id) VALUES (1, 'Biceps tendinitis', 'Therapy focuses on strengthening the biceps and shoulder muscles while reducing inflammation through modalities.', '#4C7X3', 10, 'arm', 5);

--hand
INSERT INTO therapy_type (required_equipment_id, name, description, therapy_Code, num_of_sessions, body_part, id) VALUES (1, 'Carpal tunnel', 'Exercises to improve wrist and hand flexibility, along with techniques to relieve pressure on the median nerve.', '#1R2Y1', 8, 'hand', 6);
INSERT INTO therapy_type (required_equipment_id, name, description, therapy_Code, num_of_sessions, body_part, id) VALUES (3, 'Arthritis pain management', 'Cryotherapy helps alleviate arthritis pain by numbing the affected joints, reducing inflammation, and temporarily easing discomfort and stiffness.', '#6F6P9', 8, 'hand', 7);
INSERT INTO therapy_type (required_equipment_id, name, description, therapy_Code, num_of_sessions, body_part, id) VALUES (3, 'Tendinitis', 'Cryotherapy can be employed to reduce inflammation and alleviate pain associated with tendinitis by constricting blood vessels and diminishing tissue swelling in the affected area.', '#1G8Z3', 10, 'hand', 8);
INSERT INTO therapy_type (required_equipment_id, name, description, therapy_Code, num_of_sessions, body_part, id) VALUES (4, 'Osteoarthritis management', 'Hydrotherapy provides a low-impact environment for joint mobility exercises and pain relief, helping individuals with osteoarthritis improve joint function and reduce discomfort.', '#4D5C2', 8, 'hand', 9);
INSERT INTO therapy_type (required_equipment_id, name, description, therapy_Code, num_of_sessions, body_part, id) VALUES (5, 'Bursitis', 'Thermotherapy may be used to alleviate pain and inflammation associated with bursitis by increasing blood flow and promoting the relaxation of affected tissues, often applied through warm compresses or therapeutic ultrasound.', '#4N8P5' , 8, 'hand', 10);
INSERT INTO therapy_type (required_equipment_id, name, description, therapy_Code, num_of_sessions, body_part, id) VALUES (5, 'Rheumatoid Arthritis', 'Thermotherapy, such as paraffin wax baths, can help ease joint stiffness and reduce pain in individuals with rheumatoid arthritis by enhancing joint flexibility and reducing inflammation.', '#7R3N6', 8, 'hand', 11);

--leg
INSERT INTO therapy_type (required_equipment_id, name, description, therapy_Code, num_of_sessions, body_part, id) VALUES (1, 'ACL injury', 'Rehabilitation includes exercises to strengthen the knee and improve stability, often following surgical repair.', '#3H4O2', 20, 'leg', 12);
INSERT INTO therapy_type (required_equipment_id, name, description, therapy_Code, num_of_sessions, body_part, id) VALUES (1, 'Meniscus tear', 'Therapy emphasizes range of motion exercises and strengthening of the muscles around the knee.', '#6F2G1', 8, 'leg', 13);
INSERT INTO therapy_type (required_equipment_id, name, description, therapy_Code, num_of_sessions, body_part, id) VALUES (1, 'IT band syndrome', 'Treatment involves stretching and strengthening the IT band and hip muscles.', '#8L2Q4', 8, 'leg', 14);
INSERT INTO therapy_type (required_equipment_id, name, description, therapy_Code, num_of_sessions, body_part, id) VALUES (1, 'Shin splints', 'Rehabilitation focuses on reducing inflammation and improving lower leg strength and flexibility.', '#7P3Y5', 6, 'leg', 15);
INSERT INTO therapy_type (required_equipment_id, name, description, therapy_Code, num_of_sessions, body_part, id) VALUES (1, 'Stress fractures', 'Rest and gradual return to weight-bearing activities are essential, along with exercises to maintain bone density.', '#9M8D2', 10, 'leg', 16);
INSERT INTO therapy_type (required_equipment_id, name, description, therapy_Code, num_of_sessions, body_part, id) VALUES (1, 'Hip bursitis', 'Exercises to improve hip muscle strength and flexibility, along with modalities for pain management.', '#2T8L4', 10, 'leg', 17);

--foot
INSERT INTO therapy_type (required_equipment_id, name, description, therapy_Code, num_of_sessions, body_part, id) VALUES (1, 'Ankle sprain', 'Therapy includes balance exercises, strengthening the ankle, and improving flexibility.', '#6W1E6', 8, 'foot', 18);
INSERT INTO therapy_type (required_equipment_id, name, description, therapy_Code, num_of_sessions, body_part, id) VALUES (1, 'Plantar fasciitis ', 'Treatment involves stretching and strengthening exercises for the calf and foot muscles, along with modalities for pain relief.', '#6B5Q3', 8, 'foot', 19);
INSERT INTO therapy_type (required_equipment_id, name, description, therapy_Code, num_of_sessions, body_part, id) VALUES (1, 'Achilles tendinitis ', 'Therapy aims to strengthen the calf muscles and Achilles tendon while reducing inflammation.', '#5C3G3', 12, 'foot', 20);

--lower torso
INSERT INTO therapy_type (required_equipment_id, name, description, therapy_Code, num_of_sessions, body_part, id) VALUES (1, 'Lumbar herniated disc ', 'Physical therapy focuses on relieving pain and improving spinal stability through exercises.', '#3N4P6', 14, 'lower torso', 21);
INSERT INTO therapy_type (required_equipment_id, name, description, therapy_Code, num_of_sessions, body_part, id) VALUES (1, 'Sciatica', 'Treatment involves exercises to alleviate sciatic nerve compression and improve lumbar spine function.', '#9P1H4', 7, 'lower torso', 22);
INSERT INTO therapy_type (required_equipment_id, name, description, therapy_Code, num_of_sessions, body_part, id) VALUES (4, 'Chronic low back pain management', 'Hydrotherapy involves warm water exercises and aquatic therapy techniques to improve flexibility, reduce pain, and enhance core strength in individuals with chronic low back pain.', '#4W3F2', 10, 'lower torso', 23);

--upper torso
INSERT INTO therapy_type (required_equipment_id, name, description, therapy_Code, num_of_sessions, body_part, id) VALUES (1, 'Scoliosis', 'Therapy includes exercises to improve spinal alignment, flexibility, and muscle balance.', '#5R9N7', 8, 'upper torso', 24);
INSERT INTO therapy_type (required_equipment_id, name, description, therapy_Code, num_of_sessions, body_part, id) VALUES (1, 'Postural disorders', 'Treatment includes exercises to correct posture and improve muscle balance to relieve pain and prevent future issues.', '#8K1H7', 7, 'upper torso', 25);

--head
INSERT INTO therapy_type (required_equipment_id, name, description, therapy_Code, num_of_sessions, body_part, id) VALUES (1, 'Cervical radiculopathy ', 'Rehabilitation aims to reduce neck pain and nerve symptoms through neck exercises and modalities.', '#8G5H3', 8, 'head', 26);
INSERT INTO therapy_type (required_equipment_id, name, description, therapy_Code, num_of_sessions, body_part, id) VALUES (1, 'Whiplash', 'Physical therapy focuses on neck strengthening and range of motion exercises to alleviate pain and stiffness.', '#8H6H1', 10, 'head',27);

--any
INSERT INTO therapy_type (required_equipment_id, name, description, therapy_Code, num_of_sessions, body_part, id) VALUES (2, 'Post-Operative rehabilitation', 'EMS therapy aids in muscle activation and circulation for post-operative patients, helping to prevent muscle atrophy and accelerate recovery through controlled electrical muscle contractions.', '#3J6K2', 12, 'any', 28);
INSERT INTO therapy_type (required_equipment_id, name, description, therapy_Code, num_of_sessions, body_part, id) VALUES (2, 'Stroke rehabilitation', 'EMS can be used to stimulate paralyzed or weakened muscles, aiding in muscle re-education and motor function recovery for stroke survivors.', '#9P3R1', 20, 'any', 29);
INSERT INTO therapy_type (required_equipment_id, name, description, therapy_Code, num_of_sessions, body_part, id) VALUES (2, 'Muscle atrophy prevention', 'EMS assists in maintaining muscle strength and mass in individuals with limited mobility, such as bedridden or immobilized patients, by providing passive muscle contractions', '#2J6Z7', 8, 'any', 30);
INSERT INTO therapy_type (required_equipment_id, name, description, therapy_Code, num_of_sessions, body_part, id) VALUES (2, 'Chronic pain management', 'EMS therapy can help manage chronic pain conditions by stimulating endorphin release, reducing pain perception, and improving blood circulation in targeted areas.', '#7X4N5', 6, 'any', 31);
INSERT INTO therapy_type (required_equipment_id, name, description, therapy_Code, num_of_sessions, body_part, id) VALUES (3, 'Post-Operative swelling minimization', 'Cryotherapy involves the application of cold therapy to reduce post-operative swelling and inflammation, promoting faster healing and pain relief.', '#5M8P4', 6, 'any', 32);
INSERT INTO therapy_type (required_equipment_id, name, description, therapy_Code, num_of_sessions, body_part, id) VALUES (3, 'Acute sports injury', 'Cryotherapy is used immediately after an acute sports injury to minimize swelling, numb the area, and provide pain relief while facilitating faster recovery.', '#5Z9B5', 8, 'any', 33);
INSERT INTO therapy_type (required_equipment_id, name, description, therapy_Code, num_of_sessions, body_part, id) VALUES (4, 'Post-Stroke rehabilitation', 'Hydrotherapy offers a supportive and buoyant environment for stroke survivors to work on regaining ', '#8D2H9', 20, 'any', 34);
INSERT INTO therapy_type (required_equipment_id, name, description, therapy_Code, num_of_sessions, body_part, id) VALUES (4, 'Post-Operative Rehabilitation', 'Hydrotherapy can aid in the recovery process after surgery by offering a gentle way to regain mobility, reduce swelling, and improve overall conditioning through aquatic exercises and controlled movements in warm water.', '#5I9K8', 12, 'any', 35);
INSERT INTO therapy_type (required_equipment_id, name, description, therapy_Code, num_of_sessions, body_part, id) VALUES (5, 'Muscle spasms and tension management', 'Thermotherapy in a wax bath involves immersing affected muscles in warm wax to relax and soothe muscle spasms, reduce tension, and promote blood flow for pain relief.', '#6L2M9', 6, 'any', 36);
INSERT INTO therapy_type (required_equipment_id, name, description, therapy_Code, num_of_sessions, body_part, id) VALUES (5, 'Chronic muscle pain management', 'Regular heat therapy, including hot baths, warm packs, or infrared heat, may be part of a comprehensive pain management strategy for chronic muscle pain, providing temporary relief and improving muscle relaxation.', '#2K6H8', 7, 'any', 37);


INSERT INTO health_referral (health_referral_id, hlkid, mbo, therapy_code) VALUES ('DGC_167819', 'HR019618', '160378294', '#3N4P6');
INSERT INTO health_referral (health_referral_id, hlkid, mbo, therapy_code) VALUES ('DGC_167820', 'HR061864', '234567890', '#9P1H4'); --inactive
INSERT INTO health_referral (health_referral_id, hlkid, mbo, therapy_code) VALUES ('DGC_167821', 'HR271982', '345678901', '#5R9N7');
INSERT INTO health_referral (health_referral_id, hlkid, mbo, therapy_code) VALUES ('DGC_167822', 'HR282164', '456789012', '#8G5H3');
INSERT INTO health_referral (health_referral_id, hlkid, mbo, therapy_code) VALUES ('DGC_167823', 'HR005951', '567890123', '#8H6H1');
INSERT INTO health_referral (health_referral_id, hlkid, mbo, therapy_code) VALUES ('DGC_167824', 'HR211078', '678901234', '#8K1H7');
INSERT INTO health_referral (health_referral_id, hlkid, mbo, therapy_code) VALUES ('DGC_167825', 'HR026260', '789012345', '#3J6K2'); --inactive
INSERT INTO health_referral (health_referral_id, hlkid, mbo, therapy_code) VALUES ('DGC_167826', 'HR166491', '890123456', '#9P3R1');
INSERT INTO health_referral (health_referral_id, hlkid, mbo, therapy_code) VALUES ('DGC_167827', 'HR095677', '901234567', '#4W3F2');
INSERT INTO health_referral (health_referral_id, hlkid, mbo, therapy_code) VALUES ('DGC_167828', 'HR233633', '987654321', '#4D5C2');
INSERT INTO health_referral (health_referral_id, hlkid, mbo, therapy_code) VALUES ('DGC_167829', 'HR206450', '876543210', '#8D2H9'); --inactive
INSERT INTO health_referral (health_referral_id, hlkid, mbo, therapy_code) VALUES ('DGC_167830', 'HR019618', '160378294', '#1V2V2');
INSERT INTO health_referral (health_referral_id, hlkid, mbo, therapy_code) VALUES ('DGC_167831', 'HR171737', '234567890', '#8I5F5');
INSERT INTO health_referral (health_referral_id, hlkid, mbo, therapy_code) VALUES ('DGC_167832', 'HR295432', '345678901', '#4C7X3');
INSERT INTO health_referral (health_referral_id, hlkid, mbo, therapy_code) VALUES ('DGC_167833', 'HR197286', '456789012', '#1R2Y1');
INSERT INTO health_referral (health_referral_id, hlkid, mbo, therapy_code) VALUES ('DGC_167834', 'HR207887', '567890123', '#3H4O2'); --inactive
INSERT INTO health_referral (health_referral_id, hlkid, mbo, therapy_code) VALUES ('DGC_167835', 'HR224558', '678901234', '#6F2G1');
INSERT INTO health_referral (health_referral_id, hlkid, mbo, therapy_code) VALUES ('DGC_167836', 'HR233300', '789012345', '#8L2Q4');
INSERT INTO health_referral (health_referral_id, hlkid, mbo, therapy_code) VALUES ('DGC_167837', 'HR221049', '890123456', '#7P3Y5');
INSERT INTO health_referral (health_referral_id, hlkid, mbo, therapy_code) VALUES ('DGC_167838', 'HR177695', '901234567', '#9M8D2');
INSERT INTO health_referral (health_referral_id, hlkid, mbo, therapy_code) VALUES ('DGC_167839', 'HR219873', '876543210', '#6W1E6'); --inactive
INSERT INTO health_referral (health_referral_id, hlkid, mbo, therapy_code) VALUES ('DGC_793727', 'HR185246', '6253185365', '#2T8L4'); --t
INSERT INTO health_referral (health_referral_id, hlkid, mbo, therapy_code) VALUES ('DGC_636693', 'HR160786', '4289487088', '#8D2H9'); --t
INSERT INTO health_referral (health_referral_id, hlkid, mbo, therapy_code) VALUES ('DGC_390107', 'HR256292', '3866991777', '#6L2M9'); --t
INSERT INTO health_referral (health_referral_id, hlkid, mbo, therapy_code) VALUES ('DGC_565429', 'HR059632', '4589588830', '#8H6H1'); --t
INSERT INTO health_referral (health_referral_id, hlkid, mbo, therapy_code) VALUES ('DGC_032759', 'HR163325', '2506031451', '#6F6P9'); --t
INSERT INTO health_referral (health_referral_id, hlkid, mbo, therapy_code) VALUES ('DGC_385430', 'HR014630', '9123546065', '#6W1E6'); --t
INSERT INTO health_referral (health_referral_id, hlkid, mbo, therapy_code) VALUES ('DGC_385136', 'HR189325', '2806721438', '#4N8P5'); --f
INSERT INTO health_referral (health_referral_id, hlkid, mbo, therapy_code) VALUES ('DGC_337700', 'HR169945', '4922359384', '#8H6H1'); --t
INSERT INTO health_referral (health_referral_id, hlkid, mbo, therapy_code) VALUES ('DGC_282125', 'HR133104', '4161888076', '#8H6H1'); --t
INSERT INTO health_referral (health_referral_id, hlkid, mbo, therapy_code) VALUES ('DGC_999141', 'HR255263', '5896293771', '#1R2Y1'); --t
INSERT INTO health_referral (health_referral_id, hlkid, mbo, therapy_code) VALUES ('DGC_198002', 'HR193381', '2944470785', '#8H6H1'); --f
INSERT INTO health_referral (health_referral_id, hlkid, mbo, therapy_code) VALUES ('DGC_942024', 'HR276291', '1532378204', '#5C3G3'); --t
INSERT INTO health_referral (health_referral_id, hlkid, mbo, therapy_code) VALUES ('DGC_656575', 'HR052618', '4173413342', '#3J6K2'); --t
INSERT INTO health_referral (health_referral_id, hlkid, mbo, therapy_code) VALUES ('DGC_969413', 'HR161846', '6446944801', '#5G3Y4'); --t
INSERT INTO health_referral (health_referral_id, hlkid, mbo, therapy_code) VALUES ('DGC_869437', 'HR267695', '1850507374', '#5C3G3'); --t
INSERT INTO health_referral (health_referral_id, hlkid, mbo, therapy_code) VALUES ('DGC_749456', 'HR119458', '1216575762', '#3N4P6'); --t
INSERT INTO health_referral (health_referral_id, hlkid, mbo, therapy_code) VALUES ('DGC_877584', 'HR163856', '5347456189', '#2K6H8'); --t
INSERT INTO health_referral (health_referral_id, hlkid, mbo, therapy_code) VALUES ('DGC_687246', 'HR245252', '3868794331', '#7R3N6'); --t
INSERT INTO health_referral (health_referral_id, hlkid, mbo, therapy_code) VALUES ('DGC_446004', 'HR204355', '9757861017', '#8I5F5'); --t
INSERT INTO health_referral (health_referral_id, hlkid, mbo, therapy_code) VALUES ('DGC_262041', 'HR285214', '6423700800', '#7R3N6'); --t
INSERT INTO health_referral (health_referral_id, hlkid, mbo, therapy_code) VALUES ('DGC_661199', 'HR131035', '3440637107', '#9M8D2'); --t
INSERT INTO health_referral (health_referral_id, hlkid, mbo, therapy_code) VALUES ('DGC_637202', 'HR222183', '5275142380', '#7P3Y5'); --f
INSERT INTO health_referral (health_referral_id, hlkid, mbo, therapy_code) VALUES ('DGC_869826', 'HR150977', '0571334333', '#2K6H8'); --t
INSERT INTO health_referral (health_referral_id, hlkid, mbo, therapy_code) VALUES ('DGC_918222', 'HR160786', '3819700726', '#7X4N5'); --t
INSERT INTO health_referral (health_referral_id, hlkid, mbo, therapy_code) VALUES ('DGC_623808', 'HR178655', '1297818258', '#1G8Z3'); --f
INSERT INTO health_referral (health_referral_id, hlkid, mbo, therapy_code) VALUES ('DGC_443294', 'HR249603', '9565800943', '#4N8P5'); --f
INSERT INTO health_referral (health_referral_id, hlkid, mbo, therapy_code) VALUES ('DGC_826397', 'HR155697', '1532378204', '#2T8L4'); --t
INSERT INTO health_referral (health_referral_id, hlkid, mbo, therapy_code) VALUES ('DGC_791929', 'HR059191', '6136194437', '#5M8P4'); --t
INSERT INTO health_referral (health_referral_id, hlkid, mbo, therapy_code) VALUES ('DGC_791516', 'HR051109', '0985222002', '#6L2M9'); --t
INSERT INTO health_referral (health_referral_id, hlkid, mbo, therapy_code) VALUES ('DGC_969339', 'HR041091', '2491959663', '#4W3F2'); --t
INSERT INTO health_referral (health_referral_id, hlkid, mbo, therapy_code) VALUES ('DGC_381880', 'HR018635', '6446944801', '#6W1E6'); --t
INSERT INTO health_referral (health_referral_id, hlkid, mbo, therapy_code) VALUES ('DGC_808830', 'HR286651', '2944470785', '#6F6P9'); --t
INSERT INTO health_referral (health_referral_id, hlkid, mbo, therapy_code) VALUES ('DGC_541132', 'HR288020', '2490725791', '#6F2G1'); --t
INSERT INTO health_referral (health_referral_id, hlkid, mbo, therapy_code) VALUES ('DGC_553471', 'HR142441', '2491959663', '#6L2M9'); --t
INSERT INTO health_referral (health_referral_id, hlkid, mbo, therapy_code) VALUES ('DGC_126662', 'HR152518', '0767789053', '#6F6P9'); --t
INSERT INTO health_referral (health_referral_id, hlkid, mbo, therapy_code) VALUES ('DGC_776897', 'HR133035', '9442590631', '#9P1H4'); --t
INSERT INTO health_referral (health_referral_id, hlkid, mbo, therapy_code) VALUES ('DGC_976369', 'HR230176', '3360604548', '#7X4N5'); --t
INSERT INTO health_referral (health_referral_id, hlkid, mbo, therapy_code) VALUES ('DGC_790265', 'HR194996', '7411648759', '#1R2Y1'); --t
INSERT INTO health_referral (health_referral_id, hlkid, mbo, therapy_code) VALUES ('DGC_496383', 'HR141610', '0729410772', '#6F6P9'); --t
INSERT INTO health_referral (health_referral_id, hlkid, mbo, therapy_code) VALUES ('DGC_110225', 'HR031191', '4912183658', '#7P3Y5'); --t
INSERT INTO health_referral (health_referral_id, hlkid, mbo, therapy_code) VALUES ('DGC_886726', 'HR263804', '2482714851', '#7X4N5'); --t
INSERT INTO health_referral (health_referral_id, hlkid, mbo, therapy_code) VALUES ('DGC_306846', 'HR105980', '2535230493', '#2T8L4'); --t
INSERT INTO health_referral (health_referral_id, hlkid, mbo, therapy_code) VALUES ('DGC_753053', 'HR261579', '5524769923', '#2T8L4'); --f
INSERT INTO health_referral (health_referral_id, hlkid, mbo, therapy_code) VALUES ('DGC_113518', 'HR087812', '2922579756', '#4D5C2'); --t
INSERT INTO health_referral (health_referral_id, hlkid, mbo, therapy_code) VALUES ('DGC_242123', 'HR045112', '4802053809', '#5G3Y4'); --t
INSERT INTO health_referral (health_referral_id, hlkid, mbo, therapy_code) VALUES ('DGC_655498', 'HR155464', '5524769923', '#5G3Y4'); --t
INSERT INTO health_referral (health_referral_id, hlkid, mbo, therapy_code) VALUES ('DGC_137620', 'HR128565', '4161888076', '#5I9K8'); --t
INSERT INTO health_referral (health_referral_id, hlkid, mbo, therapy_code) VALUES ('DGC_770549', 'HR207080', '5130029178', '#2J6Z7'); --t
INSERT INTO health_referral (health_referral_id, hlkid, mbo, therapy_code) VALUES ('DGC_482579', 'HR277139', '5441593808', '#6B5Q3'); --t
INSERT INTO health_referral (health_referral_id, hlkid, mbo, therapy_code) VALUES ('DGC_999382', 'HR107297', '4769035776', '#7Z8V8'); --t

INSERT INTO therapy (id, patient_id, therapy_type_id, therapy_status, request_date) VALUES (1, 73, 35, 'VERIFIED', '2024-01-02T11:57');
INSERT INTO therapy (id, patient_id, therapy_type_id, therapy_status, request_date) VALUES (2, 43, 8, 'VERIFIED', '2024-01-02T15:28');
INSERT INTO therapy (id, patient_id, therapy_type_id, therapy_status, request_date) VALUES (3, 85, 33, 'DECLINED', '2024-01-01T08:01');
INSERT INTO therapy (id, patient_id, therapy_type_id, therapy_status, request_date) VALUES (4, 45, 20, 'VERIFIED', '2023-12-18T12:00');
INSERT INTO therapy (id, patient_id, therapy_type_id, therapy_status, request_date) VALUES (5, 90, 32, 'VERIFIED', '2023-12-24T12:51');
INSERT INTO therapy (id, patient_id, therapy_type_id, therapy_status, request_date) VALUES (6, 91, 20, 'VERIFIED', '2023-12-18T19:20');
INSERT INTO therapy (id, patient_id, therapy_type_id, therapy_status, request_date) VALUES (7, 93, 6, 'VERIFIED', '2023-12-25T10:45');
INSERT INTO therapy (id, patient_id, therapy_type_id, therapy_status, request_date) VALUES (8, 18, 20, 'VERIFIED', '2023-12-15T12:43');
INSERT INTO therapy (id, patient_id, therapy_type_id, therapy_status, request_date) VALUES (9, 79, 37, 'VERIFIED', '2023-12-31T09:39');
INSERT INTO therapy (id, patient_id, therapy_type_id, therapy_status, request_date) VALUES (10, 70, 31, 'VERIFIED', '2023-12-15T09:14');
INSERT INTO therapy (id, patient_id, therapy_type_id, therapy_status, request_date) VALUES (11, 69, 7, 'VERIFIED', '2023-12-23T19:21');
INSERT INTO therapy (id, patient_id, therapy_type_id, therapy_status, request_date) VALUES (12, 99, 14, 'VERIFIED', '2023-12-25T11:45');
INSERT INTO therapy (id, patient_id, therapy_type_id, therapy_status, request_date) VALUES (13, 31, 35, 'VERIFIED', '2023-12-20T16:23');
INSERT INTO therapy (id, patient_id, therapy_type_id, therapy_status, request_date) VALUES (14, 22, 29, 'VERIFIED', '2023-12-29T09:48');
INSERT INTO therapy (id, patient_id, therapy_type_id, therapy_status, request_date) VALUES (15, 19, 12, 'PENDING', '2024-01-12T15:33');
INSERT INTO therapy (id, patient_id, therapy_type_id, therapy_status, request_date) VALUES (16, 103, 27, 'VERIFIED', '2023-12-21T15:13');
INSERT INTO therapy (id, patient_id, therapy_type_id, therapy_status, request_date) VALUES (17, 17, 5, 'VERIFIED', '2024-01-09T12:26');
INSERT INTO therapy (id, patient_id, therapy_type_id, therapy_status, request_date) VALUES (18, 71, 10, 'VERIFIED', '2024-01-02T16:24');
INSERT INTO therapy (id, patient_id, therapy_type_id, therapy_status, request_date) VALUES (19, 36, 30, 'VERIFIED', '2023-12-24T12:49');
INSERT INTO therapy (id, patient_id, therapy_type_id, therapy_status, request_date) VALUES (20, 33, 10, 'VERIFIED', '2023-12-15T15:57');
INSERT INTO therapy (id, patient_id, therapy_type_id, therapy_status, request_date) VALUES (21, 47, 8, 'VERIFIED', '2024-01-01T16:28');
INSERT INTO therapy (id, patient_id, therapy_type_id, therapy_status, request_date) VALUES (22, 66, 6, 'DECLINED', '2023-12-16T12:30');
INSERT INTO therapy (id, patient_id, therapy_type_id, therapy_status, request_date) VALUES (23, 89, 33, 'PENDING', '2024-01-11T13:09');
INSERT INTO therapy (id, patient_id, therapy_type_id, therapy_status, request_date) VALUES (24, 38, 16, 'VERIFIED', '2023-12-19T16:13');
INSERT INTO therapy (id, patient_id, therapy_type_id, therapy_status, request_date) VALUES (25, 9, 20, 'VERIFIED', '2024-01-10T15:33');
INSERT INTO therapy (id, patient_id, therapy_type_id, therapy_status, request_date) VALUES (26, 76, 21, 'VERIFIED', '2023-12-21T11:21');
INSERT INTO therapy (id, patient_id, therapy_type_id, therapy_status, request_date) VALUES (27, 102, 11, 'PENDING', '2024-01-12T16:31');
INSERT INTO therapy (id, patient_id, therapy_type_id, therapy_status, request_date) VALUES (28, 48, 23, 'VERIFIED', '2024-01-06T10:38');
INSERT INTO therapy (id, patient_id, therapy_type_id, therapy_status, request_date) VALUES (29, 21, 34, 'VERIFIED', '2024-01-07T17:56');
INSERT INTO therapy (id, patient_id, therapy_type_id, therapy_status, request_date) VALUES (30, 39, 6, 'VERIFIED', '2024-01-10T18:12');
INSERT INTO therapy (id, patient_id, therapy_type_id, therapy_status, request_date) VALUES (31, 92, 27, 'VERIFIED', '2024-01-03T12:33');
INSERT INTO therapy (id, patient_id, therapy_type_id, therapy_status, request_date) VALUES (32, 11, 7, 'VERIFIED', '2024-01-09T15:01');
INSERT INTO therapy (id, patient_id, therapy_type_id, therapy_status, request_date) VALUES (33, 74, 27, 'VERIFIED', '2023-12-24T13:00');
INSERT INTO therapy (id, patient_id, therapy_type_id, therapy_status, request_date) VALUES (34, 88, 14, 'VERIFIED', '2023-12-24T15:13');
INSERT INTO therapy (id, patient_id, therapy_type_id, therapy_status, request_date) VALUES (35, 68, 10, 'VERIFIED', '2024-01-07T09:04');
INSERT INTO therapy (id, patient_id, therapy_type_id, therapy_status, request_date) VALUES (36, 75, 2, 'VERIFIED', '2023-12-18T09:27');
INSERT INTO therapy (id, patient_id, therapy_type_id, therapy_status, request_date) VALUES (37, 14, 34, 'VERIFIED', '2023-12-26T09:15');
INSERT INTO therapy (id, patient_id, therapy_type_id, therapy_status, request_date) VALUES (38, 51, 37, 'DECLINED', '2023-12-27T09:24');
INSERT INTO therapy (id, patient_id, therapy_type_id, therapy_status, request_date) VALUES (39, 34, 34, 'VERIFIED', '2023-12-17T12:56');
INSERT INTO therapy (id, patient_id, therapy_type_id, therapy_status, request_date) VALUES (40, 28, 2, 'VERIFIED', '2024-01-01T11:06');
INSERT INTO therapy (id, patient_id, therapy_type_id, therapy_status, request_date) VALUES (41, 50, 11, 'VERIFIED', '2023-12-31T11:37');
INSERT INTO therapy (id, patient_id, therapy_type_id, therapy_status, request_date) VALUES (42, 42, 30, 'VERIFIED', '2024-01-06T11:31');
INSERT INTO therapy (id, patient_id, therapy_type_id, therapy_status, request_date) VALUES (43, 29, 10, 'VERIFIED', '2024-01-10T15:07');
INSERT INTO therapy (id, patient_id, therapy_type_id, therapy_status, request_date) VALUES (44, 35, 12, 'VERIFIED', '2023-12-26T17:50');
INSERT INTO therapy (id, patient_id, therapy_type_id, therapy_status, request_date) VALUES (45, 40, 24, 'VERIFIED', '2023-12-22T17:08');
INSERT INTO therapy (id, patient_id, therapy_type_id, therapy_status, request_date) VALUES (46, 8, 1, 'DECLINED', '2023-12-27T08:57');
INSERT INTO therapy (id, patient_id, therapy_type_id, therapy_status, request_date) VALUES (47, 5, 21, 'VERIFIED', '2024-01-07T14:53');
INSERT INTO therapy (id, patient_id, therapy_type_id, therapy_status, request_date) VALUES (48, 26, 18, 'VERIFIED', '2023-12-24T16:43');
INSERT INTO therapy (id, patient_id, therapy_type_id, therapy_status, request_date) VALUES (49, 95, 1, 'VERIFIED', '2023-12-28T18:43');
INSERT INTO therapy (id, patient_id, therapy_type_id, therapy_status, request_date) VALUES (50, 80, 27, 'PENDING', '2024-01-11T13:10');
INSERT INTO therapy (id, patient_id, therapy_type_id, therapy_status, request_date) VALUES (51, 25, 37, 'VERIFIED', '2023-12-24T19:03');
INSERT INTO therapy (id, patient_id, therapy_type_id, therapy_status, request_date) VALUES (52, 3, 4, 'VERIFIED', '2024-01-09T17:01');
INSERT INTO therapy (id, patient_id, therapy_type_id, therapy_status, request_date) VALUES (53, 104, 25, 'VERIFIED', '2023-12-29T16:27');
INSERT INTO therapy (id, patient_id, therapy_type_id, therapy_status, request_date) VALUES (54, 37, 16, 'VERIFIED', '2024-01-08T19:26');
INSERT INTO therapy (id, patient_id, therapy_type_id, therapy_status, request_date) VALUES (55, 67, 18, 'VERIFIED', '2023-12-30T19:56');
INSERT INTO therapy (id, patient_id, therapy_type_id, therapy_status, request_date) VALUES (56, 97, 4, 'VERIFIED', '2023-12-20T15:04');
INSERT INTO therapy (id, patient_id, therapy_type_id, therapy_status, request_date) VALUES (57, 49, 17, 'VERIFIED', '2024-01-07T17:26');
INSERT INTO therapy (id, patient_id, therapy_type_id, therapy_status, request_date) VALUES (58, 78, 3, 'PENDING', '2024-01-13T12:43');
INSERT INTO therapy (id, patient_id, therapy_type_id, therapy_status, request_date) VALUES (59, 82, 36, 'VERIFIED', '2023-12-28T19:58');
INSERT INTO therapy (id, patient_id, therapy_type_id, therapy_status, request_date) VALUES (60, 84, 29, 'VERIFIED', '2023-12-19T13:31');
INSERT INTO therapy (id, patient_id, therapy_type_id, therapy_status, request_date) VALUES (61, 72, 13, 'VERIFIED', '2024-01-06T14:02');
INSERT INTO therapy (id, patient_id, therapy_type_id, therapy_status, request_date) VALUES (62, 83, 28, 'VERIFIED', '2023-12-31T13:13');
INSERT INTO therapy (id, patient_id, therapy_type_id, therapy_status, request_date) VALUES (63, 94, 15, 'VERIFIED', '2023-12-26T12:11');
INSERT INTO therapy (id, patient_id, therapy_type_id, therapy_status, request_date) VALUES (64, 87, 25, 'VERIFIED', '2023-12-29T10:01');
INSERT INTO therapy (id, patient_id, therapy_type_id, therapy_status, request_date) VALUES (65, 44, 14, 'PENDING', '2024-01-14T18:42');
INSERT INTO therapy (id, patient_id, therapy_type_id, therapy_status, request_date) VALUES (66, 10, 29, 'VERIFIED', '2023-12-29T14:34');
INSERT INTO therapy (id, patient_id, therapy_type_id, therapy_status, request_date) VALUES (67, 30, 25, 'DECLINED', '2023-12-26T19:49');
INSERT INTO therapy (id, patient_id, therapy_type_id, therapy_status, request_date) VALUES (69, 16, 35, 'VERIFIED', '2023-12-18T09:48');
INSERT INTO therapy (id, patient_id, therapy_type_id, therapy_status, request_date) VALUES (70, 101, 29, 'VERIFIED', '2023-12-26T17:05');
INSERT INTO therapy (id, patient_id, therapy_type_id, therapy_status, request_date) VALUES (71, 24, 14, 'VERIFIED', '2024-01-08T12:56');
INSERT INTO therapy (id, patient_id, therapy_type_id, therapy_status, request_date) VALUES (72, 81, 5, 'VERIFIED', '2023-12-30T14:01');
INSERT INTO therapy (id, patient_id, therapy_type_id, therapy_status, request_date) VALUES (73, 7, 30, 'PENDING', '2024-01-13T18:18');
INSERT INTO therapy (id, patient_id, therapy_type_id, therapy_status, request_date) VALUES (74, 20, 19, 'VERIFIED', '2023-12-16T13:40');
INSERT INTO therapy (id, patient_id, therapy_type_id, therapy_status, request_date) VALUES (75, 86, 18, 'VERIFIED', '2024-01-03T13:51');
INSERT INTO therapy (id, patient_id, therapy_type_id, therapy_status, request_date) VALUES (76, 41, 36, 'VERIFIED', '2023-12-19T13:10');
INSERT INTO therapy (id, patient_id, therapy_type_id, therapy_status, request_date) VALUES (77, 23, 29, 'DECLINED', '2023-12-20T19:16');
INSERT INTO therapy (id, patient_id, therapy_type_id, therapy_status, request_date) VALUES (78, 27, 13, 'VERIFIED', '2023-12-23T11:41');
INSERT INTO therapy (id, patient_id, therapy_type_id, therapy_status, request_date) VALUES (79, 46, 17, 'VERIFIED', '2024-01-09T11:09');
INSERT INTO therapy (id, patient_id, therapy_type_id, therapy_status, request_date) VALUES (80, 6, 22, 'VERIFIED', '2023-12-23T10:48');
INSERT INTO therapy (id, patient_id, therapy_type_id, therapy_status, request_date) VALUES (81, 105, 13, 'VERIFIED', '2023-12-23T11:15');
INSERT INTO therapy (id, patient_id, therapy_type_id, therapy_status, request_date) VALUES (82, 13, 19, 'VERIFIED', '2023-12-21T15:39');
INSERT INTO therapy (id, patient_id, therapy_type_id, therapy_status, request_date) VALUES (83, 32, 17, 'VERIFIED', '2023-12-30T17:00');
INSERT INTO therapy (id, patient_id, therapy_type_id, therapy_status, request_date) VALUES (84, 98, 29, 'VERIFIED', '2023-12-18T15:57');
INSERT INTO therapy (id, patient_id, therapy_type_id, therapy_status, request_date) VALUES (85, 15, 13, 'PENDING', '2024-01-14T12:19');

INSERT INTO appointment (id, date_time, employee_id, patient_id, therapy_id, session_notes) VALUES (1, '2024-01-04T18:00', 131, 73, 1, 'Initiated post-operative exercises, patient tolerating well.'); --#5I9K8, 35
INSERT INTO appointment (id, date_time, employee_id, patient_id, therapy_id, session_notes) VALUES (2, '2024-01-08T18:00', 131, 73, 1, 'Patient shows early signs of recovery, improved mobility.'); --#5I9K8, 35
INSERT INTO appointment (id, date_time, employee_id, patient_id, therapy_id, session_notes) VALUES (3, '2024-01-10T18:00', 134, 73, 1, 'Good progress, focusing on regaining strength in affected area.'); --#5I9K8, 35
INSERT INTO appointment (id, date_time, employee_id, patient_id, therapy_id, session_notes) VALUES (4, '2024-01-12T18:00', 134, 73, 1, 'Notable improvement in surgical recovery, reduced pain.'); --#5I9K8, 35
INSERT INTO appointment (id, date_time, employee_id, patient_id, therapy_id, session_notes) VALUES (5, '2024-01-15T18:00', 129, 73, 1, ''); --#5I9K8, 35
INSERT INTO appointment (id, date_time, employee_id, patient_id, therapy_id, session_notes) VALUES (6, '2024-01-17T18:00', 131, 73, 1, ''); --#5I9K8, 35
INSERT INTO appointment (id, date_time, employee_id, patient_id, therapy_id, session_notes) VALUES (7, '2024-01-22T18:00', 134, 73, 1, ''); --#5I9K8, 35
INSERT INTO appointment (id, date_time, employee_id, patient_id, therapy_id, session_notes) VALUES (8, '2024-01-25T18:00', 131, 73, 1, ''); --#5I9K8, 35
INSERT INTO appointment (id, date_time, employee_id, patient_id, therapy_id, session_notes) VALUES (9, '2024-01-29T18:00', 131, 73, 1, ''); --#5I9K8, 35
INSERT INTO appointment (id, date_time, employee_id, patient_id, therapy_id, session_notes) VALUES (10, '2024-01-31T18:00', 131, 73, 1, ''); --#5I9K8, 35
INSERT INTO appointment (id, date_time, employee_id, patient_id, therapy_id, session_notes) VALUES (11, '2024-02-02T18:00', 134, 73, 1, ''); --#5I9K8, 35
INSERT INTO appointment (id, date_time, employee_id, patient_id, therapy_id, session_notes) VALUES (12, '2024-02-05T18:00', 131, 73, 1, ''); --#5I9K8, 35
INSERT INTO appointment (id, date_time, employee_id, patient_id, therapy_id, session_notes) VALUES (13, '2024-01-04T12:00', 150, 43, 2, 'Began therapy with gentle stretching, pain management strategies in place.'); --#1G8Z3, 8
INSERT INTO appointment (id, date_time, employee_id, patient_id, therapy_id, session_notes) VALUES (14, '2024-01-08T12:00', 149, 43, 2, 'Slight reduction in tenderness, patient tolerating exercises well.'); --#1G8Z3, 8
INSERT INTO appointment (id, date_time, employee_id, patient_id, therapy_id, session_notes) VALUES (15, '2024-01-09T12:00', 133, 43, 2, 'Patient shows progress in pain reduction and mobility.'); --#1G8Z3, 8
INSERT INTO appointment (id, date_time, employee_id, patient_id, therapy_id, session_notes) VALUES (16, '2024-01-10T12:00', 150, 43, 2, 'Further gains in tendon strength, continuing with progressive exercises.'); --#1G8Z3, 8
INSERT INTO appointment (id, date_time, employee_id, patient_id, therapy_id, session_notes) VALUES (17, '2024-01-15T12:00', 149, 43, 2, ''); --#1G8Z3, 8
INSERT INTO appointment (id, date_time, employee_id, patient_id, therapy_id, session_notes) VALUES (18, '2024-01-18T12:00', 133, 43, 2, ''); --#1G8Z3, 8
INSERT INTO appointment (id, date_time, employee_id, patient_id, therapy_id, session_notes) VALUES (19, '2024-01-19T12:00', 150, 43, 2, ''); --#1G8Z3, 8
INSERT INTO appointment (id, date_time, employee_id, patient_id, therapy_id, session_notes) VALUES (20, '2024-01-22T12:00', 149, 43, 2, ''); --#1G8Z3, 8
INSERT INTO appointment (id, date_time, employee_id, patient_id, therapy_id, session_notes) VALUES (21, '2024-01-25T12:00', 149, 43, 2, ''); --#1G8Z3, 8
INSERT INTO appointment (id, date_time, employee_id, patient_id, therapy_id, session_notes) VALUES (22, '2024-01-26T12:00', 150, 43, 2, ''); --#1G8Z3, 8
INSERT INTO appointment (id, date_time, employee_id, patient_id, therapy_id, session_notes) VALUES (23, '2024-01-04T14:00', 150, 85, 3, ''); --#5Z9B5, 33
INSERT INTO appointment (id, date_time, employee_id, patient_id, therapy_id, session_notes) VALUES (24, '2024-01-08T14:00', 133, 85, 3, ''); --#5Z9B5, 33
INSERT INTO appointment (id, date_time, employee_id, patient_id, therapy_id, session_notes) VALUES (25, '2024-01-11T14:00', 150, 85, 3, ''); --#5Z9B5, 33
INSERT INTO appointment (id, date_time, employee_id, patient_id, therapy_id, session_notes) VALUES (26, '2024-01-12T14:00', 133, 85, 3, ''); --#5Z9B5, 33
INSERT INTO appointment (id, date_time, employee_id, patient_id, therapy_id, session_notes) VALUES (27, '2024-01-15T14:00', 133, 85, 3, ''); --#5Z9B5, 33
INSERT INTO appointment (id, date_time, employee_id, patient_id, therapy_id, session_notes) VALUES (28, '2024-01-16T14:00', 149, 85, 3, ''); --#5Z9B5, 33
INSERT INTO appointment (id, date_time, employee_id, patient_id, therapy_id, session_notes) VALUES (29, '2024-01-17T14:00', 149, 85, 3, ''); --#5Z9B5, 33
INSERT INTO appointment (id, date_time, employee_id, patient_id, therapy_id, session_notes) VALUES (30, '2024-01-22T14:00', 150, 85, 3, ''); --#5Z9B5, 33
INSERT INTO appointment (id, date_time, employee_id, patient_id, therapy_id, session_notes) VALUES (31, '2024-01-11T13:00', 135, 45, 4, 'Initiated gentle calf and Achilles stretching.'); --#5C3G3, 20
INSERT INTO appointment (id, date_time, employee_id, patient_id, therapy_id, session_notes) VALUES (32, '2024-01-15T13:00', 126, 45, 4, ''); --#5C3G3, 20
INSERT INTO appointment (id, date_time, employee_id, patient_id, therapy_id, session_notes) VALUES (33, '2024-01-17T13:00', 139, 45, 4, ''); --#5C3G3, 20
INSERT INTO appointment (id, date_time, employee_id, patient_id, therapy_id, session_notes) VALUES (34, '2024-01-22T13:00', 130, 45, 4, ''); --#5C3G3, 20
INSERT INTO appointment (id, date_time, employee_id, patient_id, therapy_id, session_notes) VALUES (35, '2024-01-25T13:00', 148, 45, 4, ''); --#5C3G3, 20
INSERT INTO appointment (id, date_time, employee_id, patient_id, therapy_id, session_notes) VALUES (36, '2024-01-26T13:00', 135, 45, 4, ''); --#5C3G3, 20
INSERT INTO appointment (id, date_time, employee_id, patient_id, therapy_id, session_notes) VALUES (37, '2024-01-29T13:00', 140, 45, 4, ''); --#5C3G3, 20
INSERT INTO appointment (id, date_time, employee_id, patient_id, therapy_id, session_notes) VALUES (38, '2024-02-01T13:00', 137, 45, 4, ''); --#5C3G3, 20
INSERT INTO appointment (id, date_time, employee_id, patient_id, therapy_id, session_notes) VALUES (39, '2024-02-05T13:00', 132, 45, 4, ''); --#5C3G3, 20
INSERT INTO appointment (id, date_time, employee_id, patient_id, therapy_id, session_notes) VALUES (40, '2024-02-08T13:00', 148, 45, 4, ''); --#5C3G3, 20
INSERT INTO appointment (id, date_time, employee_id, patient_id, therapy_id, session_notes) VALUES (41, '2024-02-12T13:00', 148, 45, 4, ''); --#5C3G3, 20
INSERT INTO appointment (id, date_time, employee_id, patient_id, therapy_id, session_notes) VALUES (42, '2024-02-14T13:00', 142, 45, 4, ''); --#5C3G3, 20
INSERT INTO appointment (id, date_time, employee_id, patient_id, therapy_id, session_notes) VALUES (43, '2023-12-25T10:00', 149, 90, 5, 'Initiated post-operative care, focusing on reducing swelling.'); --#5M8P4, 32
INSERT INTO appointment (id, date_time, employee_id, patient_id, therapy_id, session_notes) VALUES (44, '2023-12-27T10:00', 149, 90, 5, 'Patient shows reduction in swelling, improved comfort.'); --#5M8P4, 32
INSERT INTO appointment (id, date_time, employee_id, patient_id, therapy_id, session_notes) VALUES (45, '2024-01-01T10:00', 150, 90, 5, 'Good progress, continued with gentle mobilization exercises.'); --#5M8P4, 32
INSERT INTO appointment (id, date_time, employee_id, patient_id, therapy_id, session_notes) VALUES (46, '2024-01-03T10:00', 150, 90, 5, 'Notable decrease in post-operative swelling, increased range of motion.'); --#5M8P4, 32
INSERT INTO appointment (id, date_time, employee_id, patient_id, therapy_id, session_notes) VALUES (47, '2024-01-08T10:00', 133, 90, 5, 'Patient reports less discomfort, better overall function.'); --#5M8P4, 32
INSERT INTO appointment (id, date_time, employee_id, patient_id, therapy_id, session_notes) VALUES (48, '2024-01-09T10:00', 149, 90, 5, 'Excellent recovery, swelling significantly reduced, continue with maintenance exercises.'); --#5M8P4, 32
INSERT INTO appointment (id, date_time, employee_id, patient_id, therapy_id, session_notes) VALUES (49, '2024-01-10T13:00', 148, 91, 6, 'Initiated gentle calf and Achilles stretching.'); --#5C3G3, 20
INSERT INTO appointment (id, date_time, employee_id, patient_id, therapy_id, session_notes) VALUES (50, '2024-01-15T13:00', 142, 91, 6, ''); --#5C3G3, 20
INSERT INTO appointment (id, date_time, employee_id, patient_id, therapy_id, session_notes) VALUES (51, '2024-01-18T13:00', 143, 91, 6, ''); --#5C3G3, 20
INSERT INTO appointment (id, date_time, employee_id, patient_id, therapy_id, session_notes) VALUES (52, '2024-01-22T13:00', 137, 91, 6, ''); --#5C3G3, 20
INSERT INTO appointment (id, date_time, employee_id, patient_id, therapy_id, session_notes) VALUES (53, '2024-01-23T13:00', 130, 91, 6, ''); --#5C3G3, 20
INSERT INTO appointment (id, date_time, employee_id, patient_id, therapy_id, session_notes) VALUES (54, '2024-01-26T13:00', 143, 91, 6, ''); --#5C3G3, 20
INSERT INTO appointment (id, date_time, employee_id, patient_id, therapy_id, session_notes) VALUES (55, '2024-01-29T13:00', 126, 91, 6, ''); --#5C3G3, 20
INSERT INTO appointment (id, date_time, employee_id, patient_id, therapy_id, session_notes) VALUES (56, '2024-02-01T13:00', 130, 91, 6, ''); --#5C3G3, 20
INSERT INTO appointment (id, date_time, employee_id, patient_id, therapy_id, session_notes) VALUES (57, '2024-02-02T13:00', 130, 91, 6, ''); --#5C3G3, 20
INSERT INTO appointment (id, date_time, employee_id, patient_id, therapy_id, session_notes) VALUES (58, '2024-02-05T13:00', 141, 91, 6, ''); --#5C3G3, 20
INSERT INTO appointment (id, date_time, employee_id, patient_id, therapy_id, session_notes) VALUES (59, '2024-02-06T13:00', 126, 91, 6, ''); --#5C3G3, 20
INSERT INTO appointment (id, date_time, employee_id, patient_id, therapy_id, session_notes) VALUES (60, '2024-02-08T13:00', 135, 91, 6, ''); --#5C3G3, 20
INSERT INTO appointment (id, date_time, employee_id, patient_id, therapy_id, session_notes) VALUES (61, '2023-12-29T16:00', 142, 93, 7, 'Assessment complete, initiated wrist mobility exercises.'); --#1R2Y1, 6
INSERT INTO appointment (id, date_time, employee_id, patient_id, therapy_id, session_notes) VALUES (62, '2024-01-01T16:00', 143, 93, 7, 'Patient reports less numbness, improved hand function.'); --#1R2Y1, 6
INSERT INTO appointment (id, date_time, employee_id, patient_id, therapy_id, session_notes) VALUES (63, '2024-01-02T16:00', 135, 93, 7, 'Good progress, wrist strength exercises introduced.'); --#1R2Y1, 6
INSERT INTO appointment (id, date_time, employee_id, patient_id, therapy_id, session_notes) VALUES (64, '2024-01-05T16:00', 139, 93, 7, 'Notable reduction in nighttime symptoms, ergonomic adjustments helpful.'); --#1R2Y1, 6
INSERT INTO appointment (id, date_time, employee_id, patient_id, therapy_id, session_notes) VALUES (65, '2024-01-08T16:00', 148, 93, 7, 'Patient able to perform fine motor tasks more easily.'); --#1R2Y1, 6
INSERT INTO appointment (id, date_time, employee_id, patient_id, therapy_id, session_notes) VALUES (66, '2024-01-09T16:00', 146, 93, 7, 'Continued improvement, focusing on flexibility and strength.'); --#1R2Y1, 6
INSERT INTO appointment (id, date_time, employee_id, patient_id, therapy_id, session_notes) VALUES (67, '2024-01-12T16:00', 141, 93, 7, 'Significant gains in wrist and hand function.'); --#1R2Y1, 6
INSERT INTO appointment (id, date_time, employee_id, patient_id, therapy_id, session_notes) VALUES (68, '2024-01-15T16:00', 141, 93, 7, ''); --#1R2Y1, 6
INSERT INTO appointment (id, date_time, employee_id, patient_id, therapy_id, session_notes) VALUES (69, '2024-01-08T11:00', 143, 18, 8, 'Initiated gentle calf and Achilles stretching.'); --#5C3G3, 20
INSERT INTO appointment (id, date_time, employee_id, patient_id, therapy_id, session_notes) VALUES (70, '2024-01-11T11:00', 148, 18, 8, 'Patient reports less stiffness and pain in Achilles tendon.'); --#5C3G3, 20
INSERT INTO appointment (id, date_time, employee_id, patient_id, therapy_id, session_notes) VALUES (71, '2024-01-15T11:00', 148, 18, 8, ''); --#5C3G3, 20
INSERT INTO appointment (id, date_time, employee_id, patient_id, therapy_id, session_notes) VALUES (72, '2024-01-17T11:00', 135, 18, 8, ''); --#5C3G3, 20
INSERT INTO appointment (id, date_time, employee_id, patient_id, therapy_id, session_notes) VALUES (73, '2024-01-22T11:00', 126, 18, 8, ''); --#5C3G3, 20
INSERT INTO appointment (id, date_time, employee_id, patient_id, therapy_id, session_notes) VALUES (74, '2024-01-25T11:00', 148, 18, 8, ''); --#5C3G3, 20
INSERT INTO appointment (id, date_time, employee_id, patient_id, therapy_id, session_notes) VALUES (75, '2024-01-29T11:00', 140, 18, 8, ''); --#5C3G3, 20
INSERT INTO appointment (id, date_time, employee_id, patient_id, therapy_id, session_notes) VALUES (76, '2024-01-30T11:00', 141, 18, 8, ''); --#5C3G3, 20
INSERT INTO appointment (id, date_time, employee_id, patient_id, therapy_id, session_notes) VALUES (77, '2024-02-02T11:00', 132, 18, 8, ''); --#5C3G3, 20
INSERT INTO appointment (id, date_time, employee_id, patient_id, therapy_id, session_notes) VALUES (78, '2024-02-05T11:00', 137, 18, 8, ''); --#5C3G3, 20
INSERT INTO appointment (id, date_time, employee_id, patient_id, therapy_id, session_notes) VALUES (79, '2024-02-08T11:00', 144, 18, 8, ''); --#5C3G3, 20
INSERT INTO appointment (id, date_time, employee_id, patient_id, therapy_id, session_notes) VALUES (80, '2024-02-09T11:00', 135, 18, 8, ''); --#5C3G3, 20
INSERT INTO appointment (id, date_time, employee_id, patient_id, therapy_id, session_notes) VALUES (81, '2024-01-02T08:00', 147, 79, 9, 'Initiated therapy focusing on pain relief and muscle relaxation.'); --#2K6H8, 37
INSERT INTO appointment (id, date_time, employee_id, patient_id, therapy_id, session_notes) VALUES (82, '2024-01-03T08:00', 128, 79, 9, 'Patient reports less muscle pain, improved sleep quality.'); --#2K6H8, 37
INSERT INTO appointment (id, date_time, employee_id, patient_id, therapy_id, session_notes) VALUES (83, '2024-01-04T08:00', 147, 79, 9, 'Good progress, introduced therapeutic exercises for pain management.'); --#2K6H8, 37
INSERT INTO appointment (id, date_time, employee_id, patient_id, therapy_id, session_notes) VALUES (84, '2024-01-08T08:00', 147, 79, 9, 'Notable reduction in chronic muscle pain, patient more active.'); --#2K6H8, 37
INSERT INTO appointment (id, date_time, employee_id, patient_id, therapy_id, session_notes) VALUES (85, '2024-01-10T08:00', 147, 79, 9, 'Patient engaging in daily tasks with greater ease and comfort.'); --#2K6H8, 37
INSERT INTO appointment (id, date_time, employee_id, patient_id, therapy_id, session_notes) VALUES (86, '2024-01-12T08:00', 147, 79, 9, 'Continued improvement in managing chronic pain.'); --#2K6H8, 37
INSERT INTO appointment (id, date_time, employee_id, patient_id, therapy_id, session_notes) VALUES (87, '2024-01-15T08:00', 128, 79, 9, ''); --#2K6H8, 37
INSERT INTO appointment (id, date_time, employee_id, patient_id, therapy_id, session_notes) VALUES (88, '2024-01-11T14:00', 127, 70, 10, 'Began with pain assessment and gentle exercises.'); --#7X4N5, 31
INSERT INTO appointment (id, date_time, employee_id, patient_id, therapy_id, session_notes) VALUES (89, '2024-01-15T14:00', 127, 70, 10, ''); --#7X4N5, 31
INSERT INTO appointment (id, date_time, employee_id, patient_id, therapy_id, session_notes) VALUES (90, '2024-01-17T14:00', 127, 70, 10, ''); --#7X4N5, 31
INSERT INTO appointment (id, date_time, employee_id, patient_id, therapy_id, session_notes) VALUES (91, '2024-01-19T14:00', 136, 70, 10, ''); --#7X4N5, 31
INSERT INTO appointment (id, date_time, employee_id, patient_id, therapy_id, session_notes) VALUES (92, '2024-01-22T14:00', 127, 70, 10, ''); --#7X4N5, 31
INSERT INTO appointment (id, date_time, employee_id, patient_id, therapy_id, session_notes) VALUES (93, '2024-01-23T14:00', 127, 70, 10, ''); --#7X4N5, 31
INSERT INTO appointment (id, date_time, employee_id, patient_id, therapy_id, session_notes) VALUES (94, '2023-12-28T19:00', 150, 69, 11, 'Started with low-impact exercises, patient adapting well.'); --#6F6P9, 7
INSERT INTO appointment (id, date_time, employee_id, patient_id, therapy_id, session_notes) VALUES (95, '2023-12-29T19:00', 150, 69, 11, 'Patient reports reduced joint stiffness, especially in the morning.'); --#6F6P9, 7
INSERT INTO appointment (id, date_time, employee_id, patient_id, therapy_id, session_notes) VALUES (96, '2024-01-01T19:00', 149, 69, 11, 'Continued progress with range of motion exercises.'); --#6F6P9, 7
INSERT INTO appointment (id, date_time, employee_id, patient_id, therapy_id, session_notes) VALUES (97, '2024-01-02T19:00', 150, 69, 11, 'Notable decrease in joint pain, increased exercise intensity.'); --#6F6P9, 7
INSERT INTO appointment (id, date_time, employee_id, patient_id, therapy_id, session_notes) VALUES (98, '2024-01-04T19:00', 150, 69, 11, 'Patient more active, managing daily activities with less pain.'); --#6F6P9, 7
INSERT INTO appointment (id, date_time, employee_id, patient_id, therapy_id, session_notes) VALUES (99, '2024-01-08T19:00', 133, 69, 11, 'Further gains in mobility and strength, pain well managed.'); --#6F6P9, 7
INSERT INTO appointment (id, date_time, employee_id, patient_id, therapy_id, session_notes) VALUES (100, '2024-01-11T19:00', 149, 69, 11, 'Significant improvement in overall joint function.'); --#6F6P9, 7
INSERT INTO appointment (id, date_time, employee_id, patient_id, therapy_id, session_notes) VALUES (101, '2024-01-12T19:00', 149, 69, 11, 'Patient reports much improved quality of life, maintain exercise routine.'); --#6F6P9, 7
INSERT INTO appointment (id, date_time, employee_id, patient_id, therapy_id, session_notes) VALUES (102, '2024-01-03T09:00', 145, 99, 12, 'Initial assessment completed, started with stretching and foam rolling.'); --#8L2Q4, 14
INSERT INTO appointment (id, date_time, employee_id, patient_id, therapy_id, session_notes) VALUES (103, '2024-01-05T09:00', 139, 99, 12, 'Patient reports reduced hip and knee pain, improvement in mobility.'); --#8L2Q4, 14
INSERT INTO appointment (id, date_time, employee_id, patient_id, therapy_id, session_notes) VALUES (104, '2024-01-08T09:00', 126, 99, 12, 'Good progress, introduced strengthening exercises for hip muscles.'); --#8L2Q4, 14
INSERT INTO appointment (id, date_time, employee_id, patient_id, therapy_id, session_notes) VALUES (105, '2024-01-09T09:00', 143, 99, 12, 'Notable reduction in pain, increased exercise intensity.'); --#8L2Q4, 14
INSERT INTO appointment (id, date_time, employee_id, patient_id, therapy_id, session_notes) VALUES (106, '2024-01-12T09:00', 141, 99, 12, 'Patient performing daily activities more comfortably.'); --#8L2Q4, 14
INSERT INTO appointment (id, date_time, employee_id, patient_id, therapy_id, session_notes) VALUES (107, '2024-01-15T09:00', 146, 99, 12, ''); --#8L2Q4, 14
INSERT INTO appointment (id, date_time, employee_id, patient_id, therapy_id, session_notes) VALUES (108, '2024-01-16T09:00', 135, 99, 12, ''); --#8L2Q4, 14
INSERT INTO appointment (id, date_time, employee_id, patient_id, therapy_id, session_notes) VALUES (109, '2024-01-19T09:00', 148, 99, 12, ''); --#8L2Q4, 14
INSERT INTO appointment (id, date_time, employee_id, patient_id, therapy_id, session_notes) VALUES (110, '2024-01-11T18:00', 138, 31, 13, 'Initiated post-operative exercises, patient tolerating well.'); --#5I9K8, 35
INSERT INTO appointment (id, date_time, employee_id, patient_id, therapy_id, session_notes) VALUES (111, '2024-01-15T18:00', 129, 31, 13, ''); --#5I9K8, 35
INSERT INTO appointment (id, date_time, employee_id, patient_id, therapy_id, session_notes) VALUES (112, '2024-01-18T18:00', 129, 31, 13, ''); --#5I9K8, 35
INSERT INTO appointment (id, date_time, employee_id, patient_id, therapy_id, session_notes) VALUES (113, '2024-01-19T18:00', 138, 31, 13, ''); --#5I9K8, 35
INSERT INTO appointment (id, date_time, employee_id, patient_id, therapy_id, session_notes) VALUES (114, '2024-01-22T18:00', 138, 31, 13, ''); --#5I9K8, 35
INSERT INTO appointment (id, date_time, employee_id, patient_id, therapy_id, session_notes) VALUES (115, '2024-01-25T18:00', 129, 31, 13, ''); --#5I9K8, 35
INSERT INTO appointment (id, date_time, employee_id, patient_id, therapy_id, session_notes) VALUES (116, '2024-01-29T18:00', 131, 31, 13, ''); --#5I9K8, 35
INSERT INTO appointment (id, date_time, employee_id, patient_id, therapy_id, session_notes) VALUES (117, '2024-01-30T18:00', 129, 31, 13, ''); --#5I9K8, 35
INSERT INTO appointment (id, date_time, employee_id, patient_id, therapy_id, session_notes) VALUES (118, '2024-02-02T18:00', 129, 31, 13, ''); --#5I9K8, 35
INSERT INTO appointment (id, date_time, employee_id, patient_id, therapy_id, session_notes) VALUES (119, '2024-02-05T18:00', 138, 31, 13, ''); --#5I9K8, 35
INSERT INTO appointment (id, date_time, employee_id, patient_id, therapy_id, session_notes) VALUES (120, '2024-02-07T18:00', 138, 31, 13, ''); --#5I9K8, 35
INSERT INTO appointment (id, date_time, employee_id, patient_id, therapy_id, session_notes) VALUES (121, '2024-02-09T18:00', 134, 31, 13, ''); --#5I9K8, 35
INSERT INTO appointment (id, date_time, employee_id, patient_id, therapy_id, session_notes) VALUES (122, '2024-01-03T13:00', 127, 22, 14, 'Began with basic motor skill exercises, patient showing initial progress.'); --#9P3R1, 29
INSERT INTO appointment (id, date_time, employee_id, patient_id, therapy_id, session_notes) VALUES (123, '2024-01-04T13:00', 127, 22, 14, 'Slight improvement in limb coordination and strength.'); --#9P3R1, 29
INSERT INTO appointment (id, date_time, employee_id, patient_id, therapy_id, session_notes) VALUES (124, '2024-01-08T13:00', 127, 22, 14, 'Patient demonstrates increased ability in daily tasks.'); --#9P3R1, 29
INSERT INTO appointment (id, date_time, employee_id, patient_id, therapy_id, session_notes) VALUES (125, '2024-01-09T13:00', 136, 22, 14, 'Good progress in regaining motor control, focusing on balance.'); --#9P3R1, 29
INSERT INTO appointment (id, date_time, employee_id, patient_id, therapy_id, session_notes) VALUES (126, '2024-01-12T13:00', 136, 22, 14, 'Notable gains in speech and cognitive functions.'); --#9P3R1, 29
INSERT INTO appointment (id, date_time, employee_id, patient_id, therapy_id, session_notes) VALUES (127, '2024-01-15T13:00', 136, 22, 14, ''); --#9P3R1, 29
INSERT INTO appointment (id, date_time, employee_id, patient_id, therapy_id, session_notes) VALUES (128, '2024-01-18T13:00', 127, 22, 14, ''); --#9P3R1, 29
INSERT INTO appointment (id, date_time, employee_id, patient_id, therapy_id, session_notes) VALUES (129, '2024-01-19T13:00', 136, 22, 14, ''); --#9P3R1, 29
INSERT INTO appointment (id, date_time, employee_id, patient_id, therapy_id, session_notes) VALUES (130, '2024-01-22T13:00', 127, 22, 14, ''); --#9P3R1, 29
INSERT INTO appointment (id, date_time, employee_id, patient_id, therapy_id, session_notes) VALUES (131, '2024-01-24T13:00', 127, 22, 14, ''); --#9P3R1, 29
INSERT INTO appointment (id, date_time, employee_id, patient_id, therapy_id, session_notes) VALUES (132, '2024-01-25T13:00', 127, 22, 14, ''); --#9P3R1, 29
INSERT INTO appointment (id, date_time, employee_id, patient_id, therapy_id, session_notes) VALUES (133, '2024-01-29T13:00', 127, 22, 14, ''); --#9P3R1, 29
INSERT INTO appointment (id, date_time, employee_id, patient_id, therapy_id, session_notes) VALUES (134, '2024-02-01T13:00', 127, 22, 14, ''); --#9P3R1, 29
INSERT INTO appointment (id, date_time, employee_id, patient_id, therapy_id, session_notes) VALUES (135, '2024-02-05T13:00', 136, 22, 14, ''); --#9P3R1, 29
INSERT INTO appointment (id, date_time, employee_id, patient_id, therapy_id, session_notes) VALUES (136, '2024-02-06T13:00', 136, 22, 14, ''); --#9P3R1, 29
INSERT INTO appointment (id, date_time, employee_id, patient_id, therapy_id, session_notes) VALUES (137, '2024-02-07T13:00', 127, 22, 14, ''); --#9P3R1, 29
INSERT INTO appointment (id, date_time, employee_id, patient_id, therapy_id, session_notes) VALUES (138, '2024-02-08T13:00', 136, 22, 14, ''); --#9P3R1, 29
INSERT INTO appointment (id, date_time, employee_id, patient_id, therapy_id, session_notes) VALUES (139, '2024-02-12T13:00', 136, 22, 14, ''); --#9P3R1, 29
INSERT INTO appointment (id, date_time, employee_id, patient_id, therapy_id, session_notes) VALUES (140, '2024-02-15T13:00', 136, 22, 14, ''); --#9P3R1, 29
INSERT INTO appointment (id, date_time, employee_id, patient_id, therapy_id, session_notes) VALUES (141, '2024-02-19T13:00', 127, 22, 14, ''); --#9P3R1, 29
INSERT INTO appointment (id, date_time, employee_id, patient_id, therapy_id, session_notes) VALUES (142, '2024-01-12T19:00', 144, 19, 15, ''); --#3H4O2, 12
INSERT INTO appointment (id, date_time, employee_id, patient_id, therapy_id, session_notes) VALUES (143, '2024-01-15T19:00', 135, 19, 15, ''); --#3H4O2, 12
INSERT INTO appointment (id, date_time, employee_id, patient_id, therapy_id, session_notes) VALUES (144, '2024-01-16T19:00', 130, 19, 15, ''); --#3H4O2, 12
INSERT INTO appointment (id, date_time, employee_id, patient_id, therapy_id, session_notes) VALUES (145, '2024-01-17T19:00', 146, 19, 15, ''); --#3H4O2, 12
INSERT INTO appointment (id, date_time, employee_id, patient_id, therapy_id, session_notes) VALUES (146, '2024-01-18T19:00', 137, 19, 15, ''); --#3H4O2, 12
INSERT INTO appointment (id, date_time, employee_id, patient_id, therapy_id, session_notes) VALUES (147, '2024-01-22T19:00', 140, 19, 15, ''); --#3H4O2, 12
INSERT INTO appointment (id, date_time, employee_id, patient_id, therapy_id, session_notes) VALUES (148, '2024-01-23T19:00', 145, 19, 15, ''); --#3H4O2, 12
INSERT INTO appointment (id, date_time, employee_id, patient_id, therapy_id, session_notes) VALUES (149, '2024-01-24T19:00', 126, 19, 15, ''); --#3H4O2, 12
INSERT INTO appointment (id, date_time, employee_id, patient_id, therapy_id, session_notes) VALUES (150, '2024-01-26T19:00', 148, 19, 15, ''); --#3H4O2, 12
INSERT INTO appointment (id, date_time, employee_id, patient_id, therapy_id, session_notes) VALUES (151, '2024-01-29T19:00', 135, 19, 15, ''); --#3H4O2, 12
INSERT INTO appointment (id, date_time, employee_id, patient_id, therapy_id, session_notes) VALUES (152, '2024-01-31T19:00', 139, 19, 15, ''); --#3H4O2, 12
INSERT INTO appointment (id, date_time, employee_id, patient_id, therapy_id, session_notes) VALUES (153, '2024-02-05T19:00', 148, 19, 15, ''); --#3H4O2, 12
INSERT INTO appointment (id, date_time, employee_id, patient_id, therapy_id, session_notes) VALUES (154, '2024-02-06T19:00', 137, 19, 15, ''); --#3H4O2, 12
INSERT INTO appointment (id, date_time, employee_id, patient_id, therapy_id, session_notes) VALUES (155, '2024-02-07T19:00', 144, 19, 15, ''); --#3H4O2, 12
INSERT INTO appointment (id, date_time, employee_id, patient_id, therapy_id, session_notes) VALUES (156, '2024-02-12T19:00', 142, 19, 15, ''); --#3H4O2, 12
INSERT INTO appointment (id, date_time, employee_id, patient_id, therapy_id, session_notes) VALUES (157, '2024-02-14T19:00', 137, 19, 15, ''); --#3H4O2, 12
INSERT INTO appointment (id, date_time, employee_id, patient_id, therapy_id, session_notes) VALUES (158, '2024-02-15T19:00', 141, 19, 15, ''); --#3H4O2, 12
INSERT INTO appointment (id, date_time, employee_id, patient_id, therapy_id, session_notes) VALUES (159, '2024-02-19T19:00', 146, 19, 15, ''); --#3H4O2, 12
INSERT INTO appointment (id, date_time, employee_id, patient_id, therapy_id, session_notes) VALUES (160, '2024-02-21T19:00', 141, 19, 15, ''); --#3H4O2, 12
INSERT INTO appointment (id, date_time, employee_id, patient_id, therapy_id, session_notes) VALUES (161, '2024-02-26T19:00', 142, 19, 15, ''); --#3H4O2, 12
INSERT INTO appointment (id, date_time, employee_id, patient_id, therapy_id, session_notes) VALUES (162, '2024-01-10T08:00', 135, 103, 16, 'Began therapy with gentle cervical mobilization.'); --#8H6H1, 27
INSERT INTO appointment (id, date_time, employee_id, patient_id, therapy_id, session_notes) VALUES (163, '2024-01-11T08:00', 144, 103, 16, 'Patient reports reduced neck pain and stiffness.'); --#8H6H1, 27
INSERT INTO appointment (id, date_time, employee_id, patient_id, therapy_id, session_notes) VALUES (164, '2024-01-15T08:00', 137, 103, 16, ''); --#8H6H1, 27
INSERT INTO appointment (id, date_time, employee_id, patient_id, therapy_id, session_notes) VALUES (165, '2024-01-16T08:00', 139, 103, 16, ''); --#8H6H1, 27
INSERT INTO appointment (id, date_time, employee_id, patient_id, therapy_id, session_notes) VALUES (166, '2024-01-19T08:00', 142, 103, 16, ''); --#8H6H1, 27
INSERT INTO appointment (id, date_time, employee_id, patient_id, therapy_id, session_notes) VALUES (167, '2024-01-22T08:00', 140, 103, 16, ''); --#8H6H1, 27
INSERT INTO appointment (id, date_time, employee_id, patient_id, therapy_id, session_notes) VALUES (168, '2024-01-23T08:00', 142, 103, 16, ''); --#8H6H1, 27
INSERT INTO appointment (id, date_time, employee_id, patient_id, therapy_id, session_notes) VALUES (169, '2024-01-25T08:00', 139, 103, 16, ''); --#8H6H1, 27
INSERT INTO appointment (id, date_time, employee_id, patient_id, therapy_id, session_notes) VALUES (170, '2024-01-26T08:00', 144, 103, 16, ''); --#8H6H1, 27
INSERT INTO appointment (id, date_time, employee_id, patient_id, therapy_id, session_notes) VALUES (171, '2024-01-29T08:00', 144, 103, 16, ''); --#8H6H1, 27
INSERT INTO appointment (id, date_time, employee_id, patient_id, therapy_id, session_notes) VALUES (172, '2024-01-11T10:00', 148, 17, 17, 'Began with basic range of motion exercises, patient coping well.'); --#4C7X3, 5
INSERT INTO appointment (id, date_time, employee_id, patient_id, therapy_id, session_notes) VALUES (173, '2024-01-15T10:00', 142, 17, 17, ''); --#4C7X3, 5
INSERT INTO appointment (id, date_time, employee_id, patient_id, therapy_id, session_notes) VALUES (174, '2024-01-16T10:00', 148, 17, 17, ''); --#4C7X3, 5
INSERT INTO appointment (id, date_time, employee_id, patient_id, therapy_id, session_notes) VALUES (175, '2024-01-19T10:00', 135, 17, 17, ''); --#4C7X3, 5
INSERT INTO appointment (id, date_time, employee_id, patient_id, therapy_id, session_notes) VALUES (176, '2024-01-22T10:00', 141, 17, 17, ''); --#4C7X3, 5
INSERT INTO appointment (id, date_time, employee_id, patient_id, therapy_id, session_notes) VALUES (177, '2024-01-25T10:00', 142, 17, 17, ''); --#4C7X3, 5
INSERT INTO appointment (id, date_time, employee_id, patient_id, therapy_id, session_notes) VALUES (178, '2024-01-29T10:00', 135, 17, 17, ''); --#4C7X3, 5
INSERT INTO appointment (id, date_time, employee_id, patient_id, therapy_id, session_notes) VALUES (179, '2024-02-01T10:00', 148, 17, 17, ''); --#4C7X3, 5
INSERT INTO appointment (id, date_time, employee_id, patient_id, therapy_id, session_notes) VALUES (180, '2024-02-05T10:00', 130, 17, 17, ''); --#4C7X3, 5
INSERT INTO appointment (id, date_time, employee_id, patient_id, therapy_id, session_notes) VALUES (181, '2024-02-08T10:00', 126, 17, 17, ''); --#4C7X3, 5
INSERT INTO appointment (id, date_time, employee_id, patient_id, therapy_id, session_notes) VALUES (182, '2024-01-15T19:00', 147, 71, 18, ''); --#4N8P5, 10
INSERT INTO appointment (id, date_time, employee_id, patient_id, therapy_id, session_notes) VALUES (183, '2024-01-18T19:00', 128, 71, 18, ''); --#4N8P5, 10
INSERT INTO appointment (id, date_time, employee_id, patient_id, therapy_id, session_notes) VALUES (184, '2024-01-19T19:00', 128, 71, 18, ''); --#4N8P5, 10
INSERT INTO appointment (id, date_time, employee_id, patient_id, therapy_id, session_notes) VALUES (185, '2024-01-22T19:00', 128, 71, 18, ''); --#4N8P5, 10
INSERT INTO appointment (id, date_time, employee_id, patient_id, therapy_id, session_notes) VALUES (186, '2024-01-25T19:00', 128, 71, 18, ''); --#4N8P5, 10
INSERT INTO appointment (id, date_time, employee_id, patient_id, therapy_id, session_notes) VALUES (187, '2024-01-26T19:00', 128, 71, 18, ''); --#4N8P5, 10
INSERT INTO appointment (id, date_time, employee_id, patient_id, therapy_id, session_notes) VALUES (188, '2024-01-29T19:00', 147, 71, 18, ''); --#4N8P5, 10
INSERT INTO appointment (id, date_time, employee_id, patient_id, therapy_id, session_notes) VALUES (189, '2024-01-30T19:00', 147, 71, 18, ''); --#4N8P5, 10
INSERT INTO appointment (id, date_time, employee_id, patient_id, therapy_id, session_notes) VALUES (190, '2024-01-12T11:00', 136, 36, 19, 'Initiated muscle strengthening exercises, patient adapting well.'); --#2J6Z7, 30
INSERT INTO appointment (id, date_time, employee_id, patient_id, therapy_id, session_notes) VALUES (191, '2024-01-15T11:00', 127, 36, 19, ''); --#2J6Z7, 30
INSERT INTO appointment (id, date_time, employee_id, patient_id, therapy_id, session_notes) VALUES (192, '2024-01-17T11:00', 136, 36, 19, ''); --#2J6Z7, 30
INSERT INTO appointment (id, date_time, employee_id, patient_id, therapy_id, session_notes) VALUES (193, '2024-01-18T11:00', 136, 36, 19, ''); --#2J6Z7, 30
INSERT INTO appointment (id, date_time, employee_id, patient_id, therapy_id, session_notes) VALUES (194, '2024-01-22T11:00', 127, 36, 19, ''); --#2J6Z7, 30
INSERT INTO appointment (id, date_time, employee_id, patient_id, therapy_id, session_notes) VALUES (195, '2024-01-23T11:00', 127, 36, 19, ''); --#2J6Z7, 30
INSERT INTO appointment (id, date_time, employee_id, patient_id, therapy_id, session_notes) VALUES (196, '2024-01-24T11:00', 136, 36, 19, ''); --#2J6Z7, 30
INSERT INTO appointment (id, date_time, employee_id, patient_id, therapy_id, session_notes) VALUES (197, '2024-01-29T11:00', 127, 36, 19, ''); --#2J6Z7, 30
INSERT INTO appointment (id, date_time, employee_id, patient_id, therapy_id, session_notes) VALUES (198, '2024-01-15T19:00', 147, 33, 20, ''); --#4N8P5, 10
INSERT INTO appointment (id, date_time, employee_id, patient_id, therapy_id, session_notes) VALUES (199, '2024-01-18T19:00', 128, 33, 20, ''); --#4N8P5, 10
INSERT INTO appointment (id, date_time, employee_id, patient_id, therapy_id, session_notes) VALUES (200, '2024-01-19T19:00', 147, 33, 20, ''); --#4N8P5, 10
INSERT INTO appointment (id, date_time, employee_id, patient_id, therapy_id, session_notes) VALUES (201, '2024-01-22T19:00', 128, 33, 20, ''); --#4N8P5, 10
INSERT INTO appointment (id, date_time, employee_id, patient_id, therapy_id, session_notes) VALUES (202, '2024-01-24T19:00', 128, 33, 20, ''); --#4N8P5, 10
INSERT INTO appointment (id, date_time, employee_id, patient_id, therapy_id, session_notes) VALUES (203, '2024-01-29T19:00', 128, 33, 20, ''); --#4N8P5, 10
INSERT INTO appointment (id, date_time, employee_id, patient_id, therapy_id, session_notes) VALUES (204, '2024-01-30T19:00', 147, 33, 20, ''); --#4N8P5, 10
INSERT INTO appointment (id, date_time, employee_id, patient_id, therapy_id, session_notes) VALUES (205, '2024-02-01T19:00', 128, 33, 20, ''); --#4N8P5, 10
INSERT INTO appointment (id, date_time, employee_id, patient_id, therapy_id, session_notes) VALUES (206, '2024-01-10T11:00', 150, 47, 21, 'Began therapy with gentle stretching, pain management strategies in place.'); --#1G8Z3, 8
INSERT INTO appointment (id, date_time, employee_id, patient_id, therapy_id, session_notes) VALUES (207, '2024-01-11T11:00', 150, 47, 21, 'Slight reduction in tenderness, patient tolerating exercises well.'); --#1G8Z3, 8
INSERT INTO appointment (id, date_time, employee_id, patient_id, therapy_id, session_notes) VALUES (208, '2024-01-15T11:00', 149, 47, 21, ''); --#1G8Z3, 8
INSERT INTO appointment (id, date_time, employee_id, patient_id, therapy_id, session_notes) VALUES (209, '2024-01-17T11:00', 133, 47, 21, ''); --#1G8Z3, 8
INSERT INTO appointment (id, date_time, employee_id, patient_id, therapy_id, session_notes) VALUES (210, '2024-01-22T11:00', 133, 47, 21, ''); --#1G8Z3, 8
INSERT INTO appointment (id, date_time, employee_id, patient_id, therapy_id, session_notes) VALUES (211, '2024-01-23T11:00', 149, 47, 21, ''); --#1G8Z3, 8
INSERT INTO appointment (id, date_time, employee_id, patient_id, therapy_id, session_notes) VALUES (212, '2024-01-25T11:00', 149, 47, 21, ''); --#1G8Z3, 8
INSERT INTO appointment (id, date_time, employee_id, patient_id, therapy_id, session_notes) VALUES (213, '2024-01-26T11:00', 150, 47, 21, ''); --#1G8Z3, 8
INSERT INTO appointment (id, date_time, employee_id, patient_id, therapy_id, session_notes) VALUES (214, '2024-01-29T11:00', 149, 47, 21, ''); --#1G8Z3, 8
INSERT INTO appointment (id, date_time, employee_id, patient_id, therapy_id, session_notes) VALUES (215, '2024-01-30T11:00', 149, 47, 21, ''); --#1G8Z3, 8
INSERT INTO appointment (id, date_time, employee_id, patient_id, therapy_id, session_notes) VALUES (216, '2024-01-11T12:00', 143, 66, 22, ''); --#1R2Y1, 6
INSERT INTO appointment (id, date_time, employee_id, patient_id, therapy_id, session_notes) VALUES (217, '2024-01-12T12:00', 146, 66, 22, ''); --#1R2Y1, 6
INSERT INTO appointment (id, date_time, employee_id, patient_id, therapy_id, session_notes) VALUES (218, '2024-01-15T12:00', 135, 66, 22, ''); --#1R2Y1, 6
INSERT INTO appointment (id, date_time, employee_id, patient_id, therapy_id, session_notes) VALUES (219, '2024-01-16T12:00', 144, 66, 22, ''); --#1R2Y1, 6
INSERT INTO appointment (id, date_time, employee_id, patient_id, therapy_id, session_notes) VALUES (220, '2024-01-18T12:00', 145, 66, 22, ''); --#1R2Y1, 6
INSERT INTO appointment (id, date_time, employee_id, patient_id, therapy_id, session_notes) VALUES (221, '2024-01-22T12:00', 137, 66, 22, ''); --#1R2Y1, 6
INSERT INTO appointment (id, date_time, employee_id, patient_id, therapy_id, session_notes) VALUES (222, '2024-01-25T12:00', 143, 66, 22, ''); --#1R2Y1, 6
INSERT INTO appointment (id, date_time, employee_id, patient_id, therapy_id, session_notes) VALUES (223, '2024-01-29T12:00', 144, 66, 22, ''); --#1R2Y1, 6
INSERT INTO appointment (id, date_time, employee_id, patient_id, therapy_id, session_notes) VALUES (224, '2024-01-15T09:00', 149, 89, 23, ''); --#5Z9B5, 33
INSERT INTO appointment (id, date_time, employee_id, patient_id, therapy_id, session_notes) VALUES (225, '2024-01-18T09:00', 149, 89, 23, ''); --#5Z9B5, 33
INSERT INTO appointment (id, date_time, employee_id, patient_id, therapy_id, session_notes) VALUES (226, '2024-01-19T09:00', 149, 89, 23, ''); --#5Z9B5, 33
INSERT INTO appointment (id, date_time, employee_id, patient_id, therapy_id, session_notes) VALUES (227, '2024-01-22T09:00', 149, 89, 23, ''); --#5Z9B5, 33
INSERT INTO appointment (id, date_time, employee_id, patient_id, therapy_id, session_notes) VALUES (228, '2024-01-25T09:00', 149, 89, 23, ''); --#5Z9B5, 33
INSERT INTO appointment (id, date_time, employee_id, patient_id, therapy_id, session_notes) VALUES (229, '2024-01-29T09:00', 133, 89, 23, ''); --#5Z9B5, 33
INSERT INTO appointment (id, date_time, employee_id, patient_id, therapy_id, session_notes) VALUES (230, '2024-02-01T09:00', 149, 89, 23, ''); --#5Z9B5, 33
INSERT INTO appointment (id, date_time, employee_id, patient_id, therapy_id, session_notes) VALUES (231, '2024-02-02T09:00', 133, 89, 23, ''); --#5Z9B5, 33
INSERT INTO appointment (id, date_time, employee_id, patient_id, therapy_id, session_notes) VALUES (232, '2023-12-20T15:00', 146, 38, 24, 'Initiated therapy with non-weight bearing exercises.'); --#9M8D2, 16
INSERT INTO appointment (id, date_time, employee_id, patient_id, therapy_id, session_notes) VALUES (233, '2023-12-21T15:00', 139, 38, 24, 'Patient reports reduced pain, slight improvement in mobility.'); --#9M8D2, 16
INSERT INTO appointment (id, date_time, employee_id, patient_id, therapy_id, session_notes) VALUES (234, '2023-12-25T15:00', 126, 38, 24, 'Good progress, introduced gentle weight-bearing activities.'); --#9M8D2, 16
INSERT INTO appointment (id, date_time, employee_id, patient_id, therapy_id, session_notes) VALUES (235, '2023-12-26T15:00', 126, 38, 24, 'Further improvement in function, pain management effective.'); --#9M8D2, 16
INSERT INTO appointment (id, date_time, employee_id, patient_id, therapy_id, session_notes) VALUES (236, '2023-12-29T15:00', 143, 38, 24, 'Patient able to perform daily activities with less discomfort.'); --#9M8D2, 16
INSERT INTO appointment (id, date_time, employee_id, patient_id, therapy_id, session_notes) VALUES (237, '2024-01-01T15:00', 130, 38, 24, 'Continued progress, increased exercise intensity.'); --#9M8D2, 16
INSERT INTO appointment (id, date_time, employee_id, patient_id, therapy_id, session_notes) VALUES (238, '2024-01-04T15:00', 144, 38, 24, 'Significant gains in mobility and strength.'); --#9M8D2, 16
INSERT INTO appointment (id, date_time, employee_id, patient_id, therapy_id, session_notes) VALUES (239, '2024-01-08T15:00', 135, 38, 24, 'Patient performing more dynamic movements comfortably.'); --#9M8D2, 16
INSERT INTO appointment (id, date_time, employee_id, patient_id, therapy_id, session_notes) VALUES (240, '2024-01-11T15:00', 135, 38, 24, 'Excellent progress, focusing on injury prevention.'); --#9M8D2, 16
INSERT INTO appointment (id, date_time, employee_id, patient_id, therapy_id, session_notes) VALUES (241, '2024-01-12T15:00', 148, 38, 24, 'Full recovery from stress fracture, patient advised on bone health.'); --#9M8D2, 16
INSERT INTO appointment (id, date_time, employee_id, patient_id, therapy_id, session_notes) VALUES (242, '2024-01-11T17:00', 126, 9, 25, 'Initiated gentle calf and Achilles stretching.'); --#5C3G3, 20
INSERT INTO appointment (id, date_time, employee_id, patient_id, therapy_id, session_notes) VALUES (243, '2024-01-12T17:00', 146, 9, 25, 'Patient reports less stiffness and pain in Achilles tendon.'); --#5C3G3, 20
INSERT INTO appointment (id, date_time, employee_id, patient_id, therapy_id, session_notes) VALUES (244, '2024-01-15T17:00', 142, 9, 25, ''); --#5C3G3, 20
INSERT INTO appointment (id, date_time, employee_id, patient_id, therapy_id, session_notes) VALUES (245, '2024-01-17T17:00', 130, 9, 25, ''); --#5C3G3, 20
INSERT INTO appointment (id, date_time, employee_id, patient_id, therapy_id, session_notes) VALUES (246, '2024-01-22T17:00', 135, 9, 25, ''); --#5C3G3, 20
INSERT INTO appointment (id, date_time, employee_id, patient_id, therapy_id, session_notes) VALUES (247, '2024-01-24T17:00', 135, 9, 25, ''); --#5C3G3, 20
INSERT INTO appointment (id, date_time, employee_id, patient_id, therapy_id, session_notes) VALUES (248, '2024-01-26T17:00', 130, 9, 25, ''); --#5C3G3, 20
INSERT INTO appointment (id, date_time, employee_id, patient_id, therapy_id, session_notes) VALUES (249, '2024-01-29T17:00', 144, 9, 25, ''); --#5C3G3, 20
INSERT INTO appointment (id, date_time, employee_id, patient_id, therapy_id, session_notes) VALUES (250, '2024-01-31T17:00', 145, 9, 25, ''); --#5C3G3, 20
INSERT INTO appointment (id, date_time, employee_id, patient_id, therapy_id, session_notes) VALUES (251, '2024-02-02T17:00', 130, 9, 25, ''); --#5C3G3, 20
INSERT INTO appointment (id, date_time, employee_id, patient_id, therapy_id, session_notes) VALUES (252, '2024-02-05T17:00', 135, 9, 25, ''); --#5C3G3, 20
INSERT INTO appointment (id, date_time, employee_id, patient_id, therapy_id, session_notes) VALUES (253, '2024-02-07T17:00', 144, 9, 25, ''); --#5C3G3, 20
INSERT INTO appointment (id, date_time, employee_id, patient_id, therapy_id, session_notes) VALUES (254, '2023-12-21T18:00', 148, 76, 26, 'Began with gentle core strengthening and flexibility exercises.'); --#3N4P6, 21
INSERT INTO appointment (id, date_time, employee_id, patient_id, therapy_id, session_notes) VALUES (255, '2023-12-25T18:00', 130, 76, 26, 'Patient reports reduced lower back pain, improved posture.'); --#3N4P6, 21
INSERT INTO appointment (id, date_time, employee_id, patient_id, therapy_id, session_notes) VALUES (256, '2023-12-26T18:00', 144, 76, 26, 'Good progress, introduced modified Pilates exercises.'); --#3N4P6, 21
INSERT INTO appointment (id, date_time, employee_id, patient_id, therapy_id, session_notes) VALUES (257, '2023-12-29T18:00', 139, 76, 26, 'Notable improvement in core strength, reduced sciatic symptoms.'); --#3N4P6, 21
INSERT INTO appointment (id, date_time, employee_id, patient_id, therapy_id, session_notes) VALUES (258, '2024-01-01T18:00', 140, 76, 26, 'Patient able to perform daily activities with less pain.'); --#3N4P6, 21
INSERT INTO appointment (id, date_time, employee_id, patient_id, therapy_id, session_notes) VALUES (259, '2024-01-04T18:00', 146, 76, 26, 'Continued gains in back function, focusing on stability exercises.'); --#3N4P6, 21
INSERT INTO appointment (id, date_time, employee_id, patient_id, therapy_id, session_notes) VALUES (260, '2024-01-08T18:00', 145, 76, 26, 'Significant reduction in back pain, improved spinal alignment.'); --#3N4P6, 21
INSERT INTO appointment (id, date_time, employee_id, patient_id, therapy_id, session_notes) VALUES (261, '2024-01-11T18:00', 146, 76, 26, 'Patient reports increased overall mobility and comfort.'); --#3N4P6, 21
INSERT INTO appointment (id, date_time, employee_id, patient_id, therapy_id, session_notes) VALUES (262, '2024-01-12T18:00', 137, 76, 26, 'Continued improvement, enhanced core stability.'); --#3N4P6, 21
INSERT INTO appointment (id, date_time, employee_id, patient_id, therapy_id, session_notes) VALUES (263, '2024-01-15T18:00', 146, 76, 26, ''); --#3N4P6, 21
INSERT INTO appointment (id, date_time, employee_id, patient_id, therapy_id, session_notes) VALUES (264, '2024-01-17T18:00', 135, 76, 26, ''); --#3N4P6, 21
INSERT INTO appointment (id, date_time, employee_id, patient_id, therapy_id, session_notes) VALUES (265, '2024-01-19T18:00', 130, 76, 26, ''); --#3N4P6, 21
INSERT INTO appointment (id, date_time, employee_id, patient_id, therapy_id, session_notes) VALUES (266, '2024-01-22T18:00', 142, 76, 26, ''); --#3N4P6, 21
INSERT INTO appointment (id, date_time, employee_id, patient_id, therapy_id, session_notes) VALUES (267, '2024-01-25T18:00', 145, 76, 26, ''); --#3N4P6, 21
INSERT INTO appointment (id, date_time, employee_id, patient_id, therapy_id, session_notes) VALUES (268, '2024-01-12T09:00', 147, 102, 27, ''); --#7R3N6, 11
INSERT INTO appointment (id, date_time, employee_id, patient_id, therapy_id, session_notes) VALUES (269, '2024-01-15T09:00', 128, 102, 27, ''); --#7R3N6, 11
INSERT INTO appointment (id, date_time, employee_id, patient_id, therapy_id, session_notes) VALUES (270, '2024-01-17T09:00', 128, 102, 27, ''); --#7R3N6, 11
INSERT INTO appointment (id, date_time, employee_id, patient_id, therapy_id, session_notes) VALUES (271, '2024-01-18T09:00', 128, 102, 27, ''); --#7R3N6, 11
INSERT INTO appointment (id, date_time, employee_id, patient_id, therapy_id, session_notes) VALUES (272, '2024-01-19T09:00', 147, 102, 27, ''); --#7R3N6, 11
INSERT INTO appointment (id, date_time, employee_id, patient_id, therapy_id, session_notes) VALUES (273, '2024-01-22T09:00', 128, 102, 27, ''); --#7R3N6, 11
INSERT INTO appointment (id, date_time, employee_id, patient_id, therapy_id, session_notes) VALUES (274, '2024-01-25T09:00', 147, 102, 27, ''); --#7R3N6, 11
INSERT INTO appointment (id, date_time, employee_id, patient_id, therapy_id, session_notes) VALUES (275, '2024-01-29T09:00', 128, 102, 27, ''); --#7R3N6, 11
INSERT INTO appointment (id, date_time, employee_id, patient_id, therapy_id, session_notes) VALUES (276, '2024-01-12T14:00', 129, 48, 28, 'Began with gentle core and back strengthening exercises.'); --#4W3F2, 23
INSERT INTO appointment (id, date_time, employee_id, patient_id, therapy_id, session_notes) VALUES (277, '2024-01-15T14:00', 138, 48, 28, ''); --#4W3F2, 23
INSERT INTO appointment (id, date_time, employee_id, patient_id, therapy_id, session_notes) VALUES (278, '2024-01-16T14:00', 134, 48, 28, ''); --#4W3F2, 23
INSERT INTO appointment (id, date_time, employee_id, patient_id, therapy_id, session_notes) VALUES (279, '2024-01-18T14:00', 138, 48, 28, ''); --#4W3F2, 23
INSERT INTO appointment (id, date_time, employee_id, patient_id, therapy_id, session_notes) VALUES (280, '2024-01-22T14:00', 129, 48, 28, ''); --#4W3F2, 23
INSERT INTO appointment (id, date_time, employee_id, patient_id, therapy_id, session_notes) VALUES (281, '2024-01-24T14:00', 129, 48, 28, ''); --#4W3F2, 23
INSERT INTO appointment (id, date_time, employee_id, patient_id, therapy_id, session_notes) VALUES (282, '2024-01-25T14:00', 138, 48, 28, ''); --#4W3F2, 23
INSERT INTO appointment (id, date_time, employee_id, patient_id, therapy_id, session_notes) VALUES (283, '2024-01-29T14:00', 134, 48, 28, ''); --#4W3F2, 23
INSERT INTO appointment (id, date_time, employee_id, patient_id, therapy_id, session_notes) VALUES (284, '2024-02-01T14:00', 129, 48, 28, ''); --#4W3F2, 23
INSERT INTO appointment (id, date_time, employee_id, patient_id, therapy_id, session_notes) VALUES (285, '2024-02-05T14:00', 134, 48, 28, ''); --#4W3F2, 23
INSERT INTO appointment (id, date_time, employee_id, patient_id, therapy_id, session_notes) VALUES (286, '2024-01-09T09:00', 134, 21, 29, 'Initiated basic cognitive and motor skill exercises.'); --#8D2H9, 34
INSERT INTO appointment (id, date_time, employee_id, patient_id, therapy_id, session_notes) VALUES (287, '2024-01-11T09:00', 129, 21, 29, 'Patient shows early signs of improvement in speech and movement.'); --#8D2H9, 34
INSERT INTO appointment (id, date_time, employee_id, patient_id, therapy_id, session_notes) VALUES (288, '2024-01-15T09:00', 138, 21, 29, ''); --#8D2H9, 34
INSERT INTO appointment (id, date_time, employee_id, patient_id, therapy_id, session_notes) VALUES (289, '2024-01-17T09:00', 134, 21, 29, ''); --#8D2H9, 34
INSERT INTO appointment (id, date_time, employee_id, patient_id, therapy_id, session_notes) VALUES (290, '2024-01-19T09:00', 129, 21, 29, ''); --#8D2H9, 34
INSERT INTO appointment (id, date_time, employee_id, patient_id, therapy_id, session_notes) VALUES (291, '2024-01-22T09:00', 134, 21, 29, ''); --#8D2H9, 34
INSERT INTO appointment (id, date_time, employee_id, patient_id, therapy_id, session_notes) VALUES (292, '2024-01-23T09:00', 138, 21, 29, ''); --#8D2H9, 34
INSERT INTO appointment (id, date_time, employee_id, patient_id, therapy_id, session_notes) VALUES (293, '2024-01-25T09:00', 138, 21, 29, ''); --#8D2H9, 34
INSERT INTO appointment (id, date_time, employee_id, patient_id, therapy_id, session_notes) VALUES (294, '2024-01-29T09:00', 129, 21, 29, ''); --#8D2H9, 34
INSERT INTO appointment (id, date_time, employee_id, patient_id, therapy_id, session_notes) VALUES (295, '2024-02-01T09:00', 138, 21, 29, ''); --#8D2H9, 34
INSERT INTO appointment (id, date_time, employee_id, patient_id, therapy_id, session_notes) VALUES (296, '2024-02-05T09:00', 138, 21, 29, ''); --#8D2H9, 34
INSERT INTO appointment (id, date_time, employee_id, patient_id, therapy_id, session_notes) VALUES (297, '2024-02-06T09:00', 129, 21, 29, ''); --#8D2H9, 34
INSERT INTO appointment (id, date_time, employee_id, patient_id, therapy_id, session_notes) VALUES (298, '2024-02-07T09:00', 138, 21, 29, ''); --#8D2H9, 34
INSERT INTO appointment (id, date_time, employee_id, patient_id, therapy_id, session_notes) VALUES (299, '2024-02-09T09:00', 134, 21, 29, ''); --#8D2H9, 34
INSERT INTO appointment (id, date_time, employee_id, patient_id, therapy_id, session_notes) VALUES (300, '2024-02-12T09:00', 138, 21, 29, ''); --#8D2H9, 34
INSERT INTO appointment (id, date_time, employee_id, patient_id, therapy_id, session_notes) VALUES (301, '2024-02-13T09:00', 131, 21, 29, ''); --#8D2H9, 34
INSERT INTO appointment (id, date_time, employee_id, patient_id, therapy_id, session_notes) VALUES (302, '2024-02-16T09:00', 131, 21, 29, ''); --#8D2H9, 34
INSERT INTO appointment (id, date_time, employee_id, patient_id, therapy_id, session_notes) VALUES (303, '2024-02-19T09:00', 138, 21, 29, ''); --#8D2H9, 34
INSERT INTO appointment (id, date_time, employee_id, patient_id, therapy_id, session_notes) VALUES (304, '2024-02-21T09:00', 134, 21, 29, ''); --#8D2H9, 34
INSERT INTO appointment (id, date_time, employee_id, patient_id, therapy_id, session_notes) VALUES (305, '2024-02-22T09:00', 129, 21, 29, ''); --#8D2H9, 34
INSERT INTO appointment (id, date_time, employee_id, patient_id, therapy_id, session_notes) VALUES (306, '2024-01-15T09:00', 126, 39, 30, ''); --#1R2Y1, 6
INSERT INTO appointment (id, date_time, employee_id, patient_id, therapy_id, session_notes) VALUES (307, '2024-01-17T09:00', 130, 39, 30, ''); --#1R2Y1, 6
INSERT INTO appointment (id, date_time, employee_id, patient_id, therapy_id, session_notes) VALUES (308, '2024-01-18T09:00', 139, 39, 30, ''); --#1R2Y1, 6
INSERT INTO appointment (id, date_time, employee_id, patient_id, therapy_id, session_notes) VALUES (309, '2024-01-22T09:00', 126, 39, 30, ''); --#1R2Y1, 6
INSERT INTO appointment (id, date_time, employee_id, patient_id, therapy_id, session_notes) VALUES (310, '2024-01-25T09:00', 142, 39, 30, ''); --#1R2Y1, 6
INSERT INTO appointment (id, date_time, employee_id, patient_id, therapy_id, session_notes) VALUES (311, '2024-01-29T09:00', 144, 39, 30, ''); --#1R2Y1, 6
INSERT INTO appointment (id, date_time, employee_id, patient_id, therapy_id, session_notes) VALUES (312, '2024-01-30T09:00', 145, 39, 30, ''); --#1R2Y1, 6
INSERT INTO appointment (id, date_time, employee_id, patient_id, therapy_id, session_notes) VALUES (313, '2024-02-02T09:00', 141, 39, 30, ''); --#1R2Y1, 6
INSERT INTO appointment (id, date_time, employee_id, patient_id, therapy_id, session_notes) VALUES (314, '2024-01-12T13:00', 130, 92, 31, 'Began therapy with gentle cervical mobilization.'); --#8H6H1, 27
INSERT INTO appointment (id, date_time, employee_id, patient_id, therapy_id, session_notes) VALUES (315, '2024-01-15T13:00', 143, 92, 31, ''); --#8H6H1, 27
INSERT INTO appointment (id, date_time, employee_id, patient_id, therapy_id, session_notes) VALUES (316, '2024-01-16T13:00', 137, 92, 31, ''); --#8H6H1, 27
INSERT INTO appointment (id, date_time, employee_id, patient_id, therapy_id, session_notes) VALUES (317, '2024-01-17T13:00', 130, 92, 31, ''); --#8H6H1, 27
INSERT INTO appointment (id, date_time, employee_id, patient_id, therapy_id, session_notes) VALUES (318, '2024-01-19T13:00', 148, 92, 31, ''); --#8H6H1, 27
INSERT INTO appointment (id, date_time, employee_id, patient_id, therapy_id, session_notes) VALUES (319, '2024-01-22T13:00', 143, 92, 31, ''); --#8H6H1, 27
INSERT INTO appointment (id, date_time, employee_id, patient_id, therapy_id, session_notes) VALUES (320, '2024-01-23T13:00', 143, 92, 31, ''); --#8H6H1, 27
INSERT INTO appointment (id, date_time, employee_id, patient_id, therapy_id, session_notes) VALUES (321, '2024-01-25T13:00', 130, 92, 31, ''); --#8H6H1, 27
INSERT INTO appointment (id, date_time, employee_id, patient_id, therapy_id, session_notes) VALUES (322, '2024-01-26T13:00', 142, 92, 31, ''); --#8H6H1, 27
INSERT INTO appointment (id, date_time, employee_id, patient_id, therapy_id, session_notes) VALUES (323, '2024-01-29T13:00', 145, 92, 31, ''); --#8H6H1, 27
INSERT INTO appointment (id, date_time, employee_id, patient_id, therapy_id, session_notes) VALUES (324, '2024-01-11T18:00', 133, 11, 32, 'Started with low-impact exercises, patient adapting well.'); --#6F6P9, 7
INSERT INTO appointment (id, date_time, employee_id, patient_id, therapy_id, session_notes) VALUES (325, '2024-01-12T18:00', 133, 11, 32, 'Patient reports reduced joint stiffness, especially in the morning.'); --#6F6P9, 7
INSERT INTO appointment (id, date_time, employee_id, patient_id, therapy_id, session_notes) VALUES (326, '2024-01-15T18:00', 149, 11, 32, ''); --#6F6P9, 7
INSERT INTO appointment (id, date_time, employee_id, patient_id, therapy_id, session_notes) VALUES (327, '2024-01-18T18:00', 150, 11, 32, ''); --#6F6P9, 7
INSERT INTO appointment (id, date_time, employee_id, patient_id, therapy_id, session_notes) VALUES (328, '2024-01-22T18:00', 149, 11, 32, ''); --#6F6P9, 7
INSERT INTO appointment (id, date_time, employee_id, patient_id, therapy_id, session_notes) VALUES (329, '2024-01-24T18:00', 133, 11, 32, ''); --#6F6P9, 7
INSERT INTO appointment (id, date_time, employee_id, patient_id, therapy_id, session_notes) VALUES (330, '2024-01-29T18:00', 150, 11, 32, ''); --#6F6P9, 7
INSERT INTO appointment (id, date_time, employee_id, patient_id, therapy_id, session_notes) VALUES (331, '2024-02-01T18:00', 150, 11, 32, ''); --#6F6P9, 7
INSERT INTO appointment (id, date_time, employee_id, patient_id, therapy_id, session_notes) VALUES (332, '2024-01-15T11:00', 142, 74, 33, ''); --#8H6H1, 27
INSERT INTO appointment (id, date_time, employee_id, patient_id, therapy_id, session_notes) VALUES (333, '2024-01-17T11:00', 143, 74, 33, ''); --#8H6H1, 27
INSERT INTO appointment (id, date_time, employee_id, patient_id, therapy_id, session_notes) VALUES (334, '2024-01-19T11:00', 143, 74, 33, ''); --#8H6H1, 27
INSERT INTO appointment (id, date_time, employee_id, patient_id, therapy_id, session_notes) VALUES (335, '2024-01-22T11:00', 139, 74, 33, ''); --#8H6H1, 27
INSERT INTO appointment (id, date_time, employee_id, patient_id, therapy_id, session_notes) VALUES (336, '2024-01-24T11:00', 139, 74, 33, ''); --#8H6H1, 27
INSERT INTO appointment (id, date_time, employee_id, patient_id, therapy_id, session_notes) VALUES (337, '2024-01-26T11:00', 139, 74, 33, ''); --#8H6H1, 27
INSERT INTO appointment (id, date_time, employee_id, patient_id, therapy_id, session_notes) VALUES (338, '2024-01-29T11:00', 137, 74, 33, ''); --#8H6H1, 27
INSERT INTO appointment (id, date_time, employee_id, patient_id, therapy_id, session_notes) VALUES (339, '2024-01-31T11:00', 142, 74, 33, ''); --#8H6H1, 27
INSERT INTO appointment (id, date_time, employee_id, patient_id, therapy_id, session_notes) VALUES (340, '2024-02-05T11:00', 148, 74, 33, ''); --#8H6H1, 27
INSERT INTO appointment (id, date_time, employee_id, patient_id, therapy_id, session_notes) VALUES (341, '2024-02-06T11:00', 145, 74, 33, ''); --#8H6H1, 27
INSERT INTO appointment (id, date_time, employee_id, patient_id, therapy_id, session_notes) VALUES (342, '2024-01-11T12:00', 126, 88, 34, 'Initial assessment completed, started with stretching and foam rolling.'); --#8L2Q4, 14
INSERT INTO appointment (id, date_time, employee_id, patient_id, therapy_id, session_notes) VALUES (343, '2024-01-15T12:00', 144, 88, 34, ''); --#8L2Q4, 14
INSERT INTO appointment (id, date_time, employee_id, patient_id, therapy_id, session_notes) VALUES (344, '2024-01-18T12:00', 143, 88, 34, ''); --#8L2Q4, 14
INSERT INTO appointment (id, date_time, employee_id, patient_id, therapy_id, session_notes) VALUES (345, '2024-01-19T12:00', 141, 88, 34, ''); --#8L2Q4, 14
INSERT INTO appointment (id, date_time, employee_id, patient_id, therapy_id, session_notes) VALUES (346, '2024-01-22T12:00', 146, 88, 34, ''); --#8L2Q4, 14
INSERT INTO appointment (id, date_time, employee_id, patient_id, therapy_id, session_notes) VALUES (347, '2024-01-23T12:00', 132, 88, 34, ''); --#8L2Q4, 14
INSERT INTO appointment (id, date_time, employee_id, patient_id, therapy_id, session_notes) VALUES (348, '2024-01-25T12:00', 140, 88, 34, ''); --#8L2Q4, 14
INSERT INTO appointment (id, date_time, employee_id, patient_id, therapy_id, session_notes) VALUES (349, '2024-01-29T12:00', 141, 88, 34, ''); --#8L2Q4, 14
INSERT INTO appointment (id, date_time, employee_id, patient_id, therapy_id, session_notes) VALUES (350, '2024-01-11T11:00', 128, 68, 35, 'Started with gentle range of motion exercises, patient coping well.'); --#4N8P5, 10
INSERT INTO appointment (id, date_time, employee_id, patient_id, therapy_id, session_notes) VALUES (351, '2024-01-15T11:00', 147, 68, 35, ''); --#4N8P5, 10
INSERT INTO appointment (id, date_time, employee_id, patient_id, therapy_id, session_notes) VALUES (352, '2024-01-18T11:00', 128, 68, 35, ''); --#4N8P5, 10
INSERT INTO appointment (id, date_time, employee_id, patient_id, therapy_id, session_notes) VALUES (353, '2024-01-22T11:00', 128, 68, 35, ''); --#4N8P5, 10
INSERT INTO appointment (id, date_time, employee_id, patient_id, therapy_id, session_notes) VALUES (354, '2024-01-23T11:00', 128, 68, 35, ''); --#4N8P5, 10
INSERT INTO appointment (id, date_time, employee_id, patient_id, therapy_id, session_notes) VALUES (355, '2024-01-26T11:00', 147, 68, 35, ''); --#4N8P5, 10
INSERT INTO appointment (id, date_time, employee_id, patient_id, therapy_id, session_notes) VALUES (356, '2024-01-29T11:00', 147, 68, 35, ''); --#4N8P5, 10
INSERT INTO appointment (id, date_time, employee_id, patient_id, therapy_id, session_notes) VALUES (357, '2024-01-30T11:00', 147, 68, 35, ''); --#4N8P5, 10
INSERT INTO appointment (id, date_time, employee_id, patient_id, therapy_id, session_notes) VALUES (358, '2024-01-09T10:00', 135, 75, 36, 'Initial assessment done, started with gentle stretching.'); --#7Z8V8, 2
INSERT INTO appointment (id, date_time, employee_id, patient_id, therapy_id, session_notes) VALUES (359, '2024-01-11T10:00', 130, 75, 36, 'Slight improvement in movement, pain management strategies in place.'); --#7Z8V8, 2
INSERT INTO appointment (id, date_time, employee_id, patient_id, therapy_id, session_notes) VALUES (360, '2024-01-15T10:00', 142, 75, 36, ''); --#7Z8V8, 2
INSERT INTO appointment (id, date_time, employee_id, patient_id, therapy_id, session_notes) VALUES (361, '2024-01-17T10:00', 135, 75, 36, ''); --#7Z8V8, 2
INSERT INTO appointment (id, date_time, employee_id, patient_id, therapy_id, session_notes) VALUES (362, '2024-01-19T10:00', 126, 75, 36, ''); --#7Z8V8, 2
INSERT INTO appointment (id, date_time, employee_id, patient_id, therapy_id, session_notes) VALUES (363, '2024-01-22T10:00', 148, 75, 36, ''); --#7Z8V8, 2
INSERT INTO appointment (id, date_time, employee_id, patient_id, therapy_id, session_notes) VALUES (364, '2024-01-24T10:00', 130, 75, 36, ''); --#7Z8V8, 2
INSERT INTO appointment (id, date_time, employee_id, patient_id, therapy_id, session_notes) VALUES (365, '2024-01-26T10:00', 146, 75, 36, ''); --#7Z8V8, 2
INSERT INTO appointment (id, date_time, employee_id, patient_id, therapy_id, session_notes) VALUES (366, '2024-01-29T10:00', 130, 75, 36, ''); --#7Z8V8, 2
INSERT INTO appointment (id, date_time, employee_id, patient_id, therapy_id, session_notes) VALUES (367, '2024-02-01T10:00', 148, 75, 36, ''); --#7Z8V8, 2
INSERT INTO appointment (id, date_time, employee_id, patient_id, therapy_id, session_notes) VALUES (368, '2024-01-11T16:00', 131, 14, 37, 'Initiated basic cognitive and motor skill exercises.'); --#8D2H9, 34
INSERT INTO appointment (id, date_time, employee_id, patient_id, therapy_id, session_notes) VALUES (369, '2024-01-15T16:00', 134, 14, 37, ''); --#8D2H9, 34
INSERT INTO appointment (id, date_time, employee_id, patient_id, therapy_id, session_notes) VALUES (370, '2024-01-16T16:00', 134, 14, 37, ''); --#8D2H9, 34
INSERT INTO appointment (id, date_time, employee_id, patient_id, therapy_id, session_notes) VALUES (371, '2024-01-19T16:00', 129, 14, 37, ''); --#8D2H9, 34
INSERT INTO appointment (id, date_time, employee_id, patient_id, therapy_id, session_notes) VALUES (372, '2024-01-22T16:00', 129, 14, 37, ''); --#8D2H9, 34
INSERT INTO appointment (id, date_time, employee_id, patient_id, therapy_id, session_notes) VALUES (373, '2024-01-23T16:00', 134, 14, 37, ''); --#8D2H9, 34
INSERT INTO appointment (id, date_time, employee_id, patient_id, therapy_id, session_notes) VALUES (374, '2024-01-25T16:00', 138, 14, 37, ''); --#8D2H9, 34
INSERT INTO appointment (id, date_time, employee_id, patient_id, therapy_id, session_notes) VALUES (375, '2024-01-29T16:00', 138, 14, 37, ''); --#8D2H9, 34
INSERT INTO appointment (id, date_time, employee_id, patient_id, therapy_id, session_notes) VALUES (376, '2024-01-30T16:00', 129, 14, 37, ''); --#8D2H9, 34
INSERT INTO appointment (id, date_time, employee_id, patient_id, therapy_id, session_notes) VALUES (377, '2024-01-31T16:00', 138, 14, 37, ''); --#8D2H9, 34
INSERT INTO appointment (id, date_time, employee_id, patient_id, therapy_id, session_notes) VALUES (378, '2024-02-05T16:00', 131, 14, 37, ''); --#8D2H9, 34
INSERT INTO appointment (id, date_time, employee_id, patient_id, therapy_id, session_notes) VALUES (379, '2024-02-08T16:00', 129, 14, 37, ''); --#8D2H9, 34
INSERT INTO appointment (id, date_time, employee_id, patient_id, therapy_id, session_notes) VALUES (380, '2024-02-12T16:00', 134, 14, 37, ''); --#8D2H9, 34
INSERT INTO appointment (id, date_time, employee_id, patient_id, therapy_id, session_notes) VALUES (381, '2024-02-13T16:00', 131, 14, 37, ''); --#8D2H9, 34
INSERT INTO appointment (id, date_time, employee_id, patient_id, therapy_id, session_notes) VALUES (382, '2024-02-16T16:00', 129, 14, 37, ''); --#8D2H9, 34
INSERT INTO appointment (id, date_time, employee_id, patient_id, therapy_id, session_notes) VALUES (383, '2024-02-19T16:00', 129, 14, 37, ''); --#8D2H9, 34
INSERT INTO appointment (id, date_time, employee_id, patient_id, therapy_id, session_notes) VALUES (384, '2024-02-22T16:00', 131, 14, 37, ''); --#8D2H9, 34
INSERT INTO appointment (id, date_time, employee_id, patient_id, therapy_id, session_notes) VALUES (385, '2024-02-26T16:00', 138, 14, 37, ''); --#8D2H9, 34
INSERT INTO appointment (id, date_time, employee_id, patient_id, therapy_id, session_notes) VALUES (386, '2024-02-28T16:00', 129, 14, 37, ''); --#8D2H9, 34
INSERT INTO appointment (id, date_time, employee_id, patient_id, therapy_id, session_notes) VALUES (387, '2024-02-29T16:00', 131, 14, 37, ''); --#8D2H9, 34
INSERT INTO appointment (id, date_time, employee_id, patient_id, therapy_id, session_notes) VALUES (388, '2024-01-03T11:00', 147, 51, 38, ''); --#2K6H8, 37
INSERT INTO appointment (id, date_time, employee_id, patient_id, therapy_id, session_notes) VALUES (389, '2024-01-04T11:00', 128, 51, 38, ''); --#2K6H8, 37
INSERT INTO appointment (id, date_time, employee_id, patient_id, therapy_id, session_notes) VALUES (390, '2024-01-08T11:00', 128, 51, 38, ''); --#2K6H8, 37
INSERT INTO appointment (id, date_time, employee_id, patient_id, therapy_id, session_notes) VALUES (391, '2024-01-09T11:00', 147, 51, 38, ''); --#2K6H8, 37
INSERT INTO appointment (id, date_time, employee_id, patient_id, therapy_id, session_notes) VALUES (392, '2024-01-11T11:00', 128, 51, 38, ''); --#2K6H8, 37
INSERT INTO appointment (id, date_time, employee_id, patient_id, therapy_id, session_notes) VALUES (393, '2024-01-12T11:00', 147, 51, 38, ''); --#2K6H8, 37
INSERT INTO appointment (id, date_time, employee_id, patient_id, therapy_id, session_notes) VALUES (394, '2024-01-15T11:00', 128, 51, 38, ''); --#2K6H8, 37
INSERT INTO appointment (id, date_time, employee_id, patient_id, therapy_id, session_notes) VALUES (395, '2023-12-18T16:00', 138, 34, 39, 'Initiated basic cognitive and motor skill exercises.'); --#8D2H9, 34
INSERT INTO appointment (id, date_time, employee_id, patient_id, therapy_id, session_notes) VALUES (396, '2023-12-19T16:00', 129, 34, 39, 'Patient shows early signs of improvement in speech and movement.'); --#8D2H9, 34
INSERT INTO appointment (id, date_time, employee_id, patient_id, therapy_id, session_notes) VALUES (397, '2023-12-21T16:00', 131, 34, 39, 'Good progress, focusing on regaining independence in daily activities.'); --#8D2H9, 34
INSERT INTO appointment (id, date_time, employee_id, patient_id, therapy_id, session_notes) VALUES (398, '2023-12-25T16:00', 138, 34, 39, 'Notable gains in limb coordination and cognitive functions.'); --#8D2H9, 34
INSERT INTO appointment (id, date_time, employee_id, patient_id, therapy_id, session_notes) VALUES (399, '2023-12-28T16:00', 138, 34, 39, 'Patient more engaged in therapy, showing improvement in self-care skills.'); --#8D2H9, 34
INSERT INTO appointment (id, date_time, employee_id, patient_id, therapy_id, session_notes) VALUES (400, '2023-12-29T16:00', 134, 34, 39, 'Continued improvement in speech clarity and walking.'); --#8D2H9, 34
INSERT INTO appointment (id, date_time, employee_id, patient_id, therapy_id, session_notes) VALUES (401, '2024-01-01T16:00', 134, 34, 39, 'Significant progress in fine motor skills, patient regaining hand dexterity.'); --#8D2H9, 34
INSERT INTO appointment (id, date_time, employee_id, patient_id, therapy_id, session_notes) VALUES (402, '2024-01-04T16:00', 138, 34, 39, 'Improved balance and coordination, patient can perform tasks more easily.'); --#8D2H9, 34
INSERT INTO appointment (id, date_time, employee_id, patient_id, therapy_id, session_notes) VALUES (403, '2024-01-08T16:00', 134, 34, 39, 'Further gains in cognitive abilities, better memory and problem-solving skills.'); --#8D2H9, 34
INSERT INTO appointment (id, date_time, employee_id, patient_id, therapy_id, session_notes) VALUES (404, '2024-01-09T16:00', 134, 34, 39, 'Excellent progress in speech, patient communicating more clearly.'); --#8D2H9, 34
INSERT INTO appointment (id, date_time, employee_id, patient_id, therapy_id, session_notes) VALUES (405, '2024-01-12T16:00', 138, 34, 39, 'Patient shows increased independence in daily routines.'); --#8D2H9, 34
INSERT INTO appointment (id, date_time, employee_id, patient_id, therapy_id, session_notes) VALUES (406, '2024-01-15T16:00', 131, 34, 39, ''); --#8D2H9, 34
INSERT INTO appointment (id, date_time, employee_id, patient_id, therapy_id, session_notes) VALUES (407, '2024-01-16T16:00', 138, 34, 39, ''); --#8D2H9, 34
INSERT INTO appointment (id, date_time, employee_id, patient_id, therapy_id, session_notes) VALUES (408, '2024-01-19T16:00', 138, 34, 39, ''); --#8D2H9, 34
INSERT INTO appointment (id, date_time, employee_id, patient_id, therapy_id, session_notes) VALUES (409, '2024-01-22T16:00', 131, 34, 39, ''); --#8D2H9, 34
INSERT INTO appointment (id, date_time, employee_id, patient_id, therapy_id, session_notes) VALUES (410, '2024-01-24T16:00', 134, 34, 39, ''); --#8D2H9, 34
INSERT INTO appointment (id, date_time, employee_id, patient_id, therapy_id, session_notes) VALUES (411, '2024-01-26T16:00', 129, 34, 39, ''); --#8D2H9, 34
INSERT INTO appointment (id, date_time, employee_id, patient_id, therapy_id, session_notes) VALUES (412, '2024-01-29T16:00', 131, 34, 39, ''); --#8D2H9, 34
INSERT INTO appointment (id, date_time, employee_id, patient_id, therapy_id, session_notes) VALUES (413, '2024-02-01T16:00', 134, 34, 39, ''); --#8D2H9, 34
INSERT INTO appointment (id, date_time, employee_id, patient_id, therapy_id, session_notes) VALUES (414, '2024-02-02T16:00', 134, 34, 39, ''); --#8D2H9, 34
INSERT INTO appointment (id, date_time, employee_id, patient_id, therapy_id, session_notes) VALUES (415, '2024-01-12T12:00', 142, 28, 40, 'Initial assessment done, started with gentle stretching.'); --#7Z8V8, 2
INSERT INTO appointment (id, date_time, employee_id, patient_id, therapy_id, session_notes) VALUES (416, '2024-01-15T12:00', 148, 28, 40, ''); --#7Z8V8, 2
INSERT INTO appointment (id, date_time, employee_id, patient_id, therapy_id, session_notes) VALUES (417, '2024-01-17T12:00', 141, 28, 40, ''); --#7Z8V8, 2
INSERT INTO appointment (id, date_time, employee_id, patient_id, therapy_id, session_notes) VALUES (418, '2024-01-22T12:00', 148, 28, 40, ''); --#7Z8V8, 2
INSERT INTO appointment (id, date_time, employee_id, patient_id, therapy_id, session_notes) VALUES (419, '2024-01-25T12:00', 126, 28, 40, ''); --#7Z8V8, 2
INSERT INTO appointment (id, date_time, employee_id, patient_id, therapy_id, session_notes) VALUES (420, '2024-01-29T12:00', 142, 28, 40, ''); --#7Z8V8, 2
INSERT INTO appointment (id, date_time, employee_id, patient_id, therapy_id, session_notes) VALUES (421, '2024-01-30T12:00', 139, 28, 40, ''); --#7Z8V8, 2
INSERT INTO appointment (id, date_time, employee_id, patient_id, therapy_id, session_notes) VALUES (422, '2024-02-02T12:00', 145, 28, 40, ''); --#7Z8V8, 2
INSERT INTO appointment (id, date_time, employee_id, patient_id, therapy_id, session_notes) VALUES (423, '2024-02-05T12:00', 135, 28, 40, ''); --#7Z8V8, 2
INSERT INTO appointment (id, date_time, employee_id, patient_id, therapy_id, session_notes) VALUES (424, '2024-02-07T12:00', 130, 28, 40, ''); --#7Z8V8, 2
INSERT INTO appointment (id, date_time, employee_id, patient_id, therapy_id, session_notes) VALUES (425, '2024-01-02T12:00', 147, 50, 41, 'Initiated gentle exercises tailored for joint mobility.'); --#7R3N6, 11
INSERT INTO appointment (id, date_time, employee_id, patient_id, therapy_id, session_notes) VALUES (426, '2024-01-05T12:00', 128, 50, 41, 'Patient reports reduced pain, especially in the mornings.'); --#7R3N6, 11
INSERT INTO appointment (id, date_time, employee_id, patient_id, therapy_id, session_notes) VALUES (427, '2024-01-08T12:00', 128, 50, 41, 'Good progress, introduced more dynamic exercises.'); --#7R3N6, 11
INSERT INTO appointment (id, date_time, employee_id, patient_id, therapy_id, session_notes) VALUES (428, '2024-01-10T12:00', 128, 50, 41, 'Notable improvement in joint flexibility and strength.'); --#7R3N6, 11
INSERT INTO appointment (id, date_time, employee_id, patient_id, therapy_id, session_notes) VALUES (429, '2024-01-11T12:00', 147, 50, 41, 'Patient managing daily activities with less discomfort.'); --#7R3N6, 11
INSERT INTO appointment (id, date_time, employee_id, patient_id, therapy_id, session_notes) VALUES (430, '2024-01-15T12:00', 147, 50, 41, ''); --#7R3N6, 11
INSERT INTO appointment (id, date_time, employee_id, patient_id, therapy_id, session_notes) VALUES (431, '2024-01-17T12:00', 147, 50, 41, ''); --#7R3N6, 11
INSERT INTO appointment (id, date_time, employee_id, patient_id, therapy_id, session_notes) VALUES (432, '2024-01-18T12:00', 128, 50, 41, ''); --#7R3N6, 11
INSERT INTO appointment (id, date_time, employee_id, patient_id, therapy_id, session_notes) VALUES (433, '2024-01-11T13:00', 127, 42, 42, 'Initiated muscle strengthening exercises, patient adapting well.'); --#2J6Z7, 30
INSERT INTO appointment (id, date_time, employee_id, patient_id, therapy_id, session_notes) VALUES (434, '2024-01-12T13:00', 127, 42, 42, 'Patient shows early signs of muscle tone improvement.'); --#2J6Z7, 30
INSERT INTO appointment (id, date_time, employee_id, patient_id, therapy_id, session_notes) VALUES (435, '2024-01-15T13:00', 127, 42, 42, ''); --#2J6Z7, 30
INSERT INTO appointment (id, date_time, employee_id, patient_id, therapy_id, session_notes) VALUES (436, '2024-01-16T13:00', 136, 42, 42, ''); --#2J6Z7, 30
INSERT INTO appointment (id, date_time, employee_id, patient_id, therapy_id, session_notes) VALUES (437, '2024-01-17T13:00', 136, 42, 42, ''); --#2J6Z7, 30
INSERT INTO appointment (id, date_time, employee_id, patient_id, therapy_id, session_notes) VALUES (438, '2024-01-22T13:00', 136, 42, 42, ''); --#2J6Z7, 30
INSERT INTO appointment (id, date_time, employee_id, patient_id, therapy_id, session_notes) VALUES (439, '2024-01-23T13:00', 136, 42, 42, ''); --#2J6Z7, 30
INSERT INTO appointment (id, date_time, employee_id, patient_id, therapy_id, session_notes) VALUES (440, '2024-01-26T13:00', 136, 42, 42, ''); --#2J6Z7, 30
INSERT INTO appointment (id, date_time, employee_id, patient_id, therapy_id, session_notes) VALUES (441, '2024-01-12T19:00', 128, 29, 43, 'Started with gentle range of motion exercises, patient coping well.'); --#4N8P5, 10
INSERT INTO appointment (id, date_time, employee_id, patient_id, therapy_id, session_notes) VALUES (442, '2024-01-15T19:00', 147, 29, 43, ''); --#4N8P5, 10
INSERT INTO appointment (id, date_time, employee_id, patient_id, therapy_id, session_notes) VALUES (443, '2024-01-18T19:00', 128, 29, 43, ''); --#4N8P5, 10
INSERT INTO appointment (id, date_time, employee_id, patient_id, therapy_id, session_notes) VALUES (444, '2024-01-19T19:00', 147, 29, 43, ''); --#4N8P5, 10
INSERT INTO appointment (id, date_time, employee_id, patient_id, therapy_id, session_notes) VALUES (445, '2024-01-22T19:00', 147, 29, 43, ''); --#4N8P5, 10
INSERT INTO appointment (id, date_time, employee_id, patient_id, therapy_id, session_notes) VALUES (446, '2024-01-25T19:00', 128, 29, 43, ''); --#4N8P5, 10
INSERT INTO appointment (id, date_time, employee_id, patient_id, therapy_id, session_notes) VALUES (447, '2024-01-26T19:00', 128, 29, 43, ''); --#4N8P5, 10
INSERT INTO appointment (id, date_time, employee_id, patient_id, therapy_id, session_notes) VALUES (448, '2024-01-29T19:00', 128, 29, 43, ''); --#4N8P5, 10
INSERT INTO appointment (id, date_time, employee_id, patient_id, therapy_id, session_notes) VALUES (449, '2024-01-12T18:00', 137, 35, 44, 'Initial evaluation complete, begun with basic knee stabilization exercises.'); --#3H4O2, 12
INSERT INTO appointment (id, date_time, employee_id, patient_id, therapy_id, session_notes) VALUES (450, '2024-01-15T18:00', 148, 35, 44, ''); --#3H4O2, 12
INSERT INTO appointment (id, date_time, employee_id, patient_id, therapy_id, session_notes) VALUES (451, '2024-01-17T18:00', 130, 35, 44, ''); --#3H4O2, 12
INSERT INTO appointment (id, date_time, employee_id, patient_id, therapy_id, session_notes) VALUES (452, '2024-01-18T18:00', 139, 35, 44, ''); --#3H4O2, 12
INSERT INTO appointment (id, date_time, employee_id, patient_id, therapy_id, session_notes) VALUES (453, '2024-01-22T18:00', 142, 35, 44, ''); --#3H4O2, 12
INSERT INTO appointment (id, date_time, employee_id, patient_id, therapy_id, session_notes) VALUES (454, '2024-01-24T18:00', 140, 35, 44, ''); --#3H4O2, 12
INSERT INTO appointment (id, date_time, employee_id, patient_id, therapy_id, session_notes) VALUES (455, '2024-01-25T18:00', 148, 35, 44, ''); --#3H4O2, 12
INSERT INTO appointment (id, date_time, employee_id, patient_id, therapy_id, session_notes) VALUES (456, '2024-01-26T18:00', 148, 35, 44, ''); --#3H4O2, 12
INSERT INTO appointment (id, date_time, employee_id, patient_id, therapy_id, session_notes) VALUES (457, '2024-01-29T18:00', 144, 35, 44, ''); --#3H4O2, 12
INSERT INTO appointment (id, date_time, employee_id, patient_id, therapy_id, session_notes) VALUES (458, '2024-01-31T18:00', 139, 35, 44, ''); --#3H4O2, 12
INSERT INTO appointment (id, date_time, employee_id, patient_id, therapy_id, session_notes) VALUES (459, '2024-02-01T18:00', 143, 35, 44, ''); --#3H4O2, 12
INSERT INTO appointment (id, date_time, employee_id, patient_id, therapy_id, session_notes) VALUES (460, '2024-02-05T18:00', 139, 35, 44, ''); --#3H4O2, 12
INSERT INTO appointment (id, date_time, employee_id, patient_id, therapy_id, session_notes) VALUES (461, '2024-02-08T18:00', 130, 35, 44, ''); --#3H4O2, 12
INSERT INTO appointment (id, date_time, employee_id, patient_id, therapy_id, session_notes) VALUES (462, '2024-02-09T18:00', 141, 35, 44, ''); --#3H4O2, 12
INSERT INTO appointment (id, date_time, employee_id, patient_id, therapy_id, session_notes) VALUES (463, '2024-02-12T18:00', 143, 35, 44, ''); --#3H4O2, 12
INSERT INTO appointment (id, date_time, employee_id, patient_id, therapy_id, session_notes) VALUES (464, '2024-02-14T18:00', 148, 35, 44, ''); --#3H4O2, 12
INSERT INTO appointment (id, date_time, employee_id, patient_id, therapy_id, session_notes) VALUES (465, '2024-02-16T18:00', 144, 35, 44, ''); --#3H4O2, 12
INSERT INTO appointment (id, date_time, employee_id, patient_id, therapy_id, session_notes) VALUES (466, '2024-02-19T18:00', 132, 35, 44, ''); --#3H4O2, 12
INSERT INTO appointment (id, date_time, employee_id, patient_id, therapy_id, session_notes) VALUES (467, '2024-02-21T18:00', 141, 35, 44, ''); --#3H4O2, 12
INSERT INTO appointment (id, date_time, employee_id, patient_id, therapy_id, session_notes) VALUES (468, '2024-02-23T18:00', 143, 35, 44, ''); --#3H4O2, 12
INSERT INTO appointment (id, date_time, employee_id, patient_id, therapy_id, session_notes) VALUES (469, '2024-01-04T14:00', 137, 40, 45, 'Initial assessment completed, beginning targeted exercises for spinal alignment.'); --#5R9N7, 24
INSERT INTO appointment (id, date_time, employee_id, patient_id, therapy_id, session_notes) VALUES (470, '2024-01-08T14:00', 137, 40, 45, 'Patient is adapting well to exercises, showing early signs of improved posture.'); --#5R9N7, 24
INSERT INTO appointment (id, date_time, employee_id, patient_id, therapy_id, session_notes) VALUES (471, '2024-01-11T14:00', 135, 40, 45, 'Notable progress in spinal alignment, patient demonstrates increased awareness of posture.'); --#5R9N7, 24
INSERT INTO appointment (id, date_time, employee_id, patient_id, therapy_id, session_notes) VALUES (472, '2024-01-15T14:00', 140, 40, 45, ''); --#5R9N7, 24
INSERT INTO appointment (id, date_time, employee_id, patient_id, therapy_id, session_notes) VALUES (473, '2024-01-16T14:00', 148, 40, 45, ''); --#5R9N7, 24
INSERT INTO appointment (id, date_time, employee_id, patient_id, therapy_id, session_notes) VALUES (474, '2024-01-19T14:00', 146, 40, 45, ''); --#5R9N7, 24
INSERT INTO appointment (id, date_time, employee_id, patient_id, therapy_id, session_notes) VALUES (475, '2024-01-22T14:00', 143, 40, 45, ''); --#5R9N7, 24
INSERT INTO appointment (id, date_time, employee_id, patient_id, therapy_id, session_notes) VALUES (476, '2024-01-24T14:00', 143, 40, 45, ''); --#5R9N7, 24
INSERT INTO appointment (id, date_time, employee_id, patient_id, therapy_id, session_notes) VALUES (477, '2024-01-01T08:00', 132, 8, 46, ''); --#5G3Y4, 1
INSERT INTO appointment (id, date_time, employee_id, patient_id, therapy_id, session_notes) VALUES (478, '2024-01-02T08:00', 143, 8, 46, ''); --#5G3Y4, 1
INSERT INTO appointment (id, date_time, employee_id, patient_id, therapy_id, session_notes) VALUES (479, '2024-01-03T08:00', 140, 8, 46, ''); --#5G3Y4, 1
INSERT INTO appointment (id, date_time, employee_id, patient_id, therapy_id, session_notes) VALUES (480, '2024-01-08T08:00', 140, 8, 46, ''); --#5G3Y4, 1
INSERT INTO appointment (id, date_time, employee_id, patient_id, therapy_id, session_notes) VALUES (481, '2024-01-09T08:00', 135, 8, 46, ''); --#5G3Y4, 1
INSERT INTO appointment (id, date_time, employee_id, patient_id, therapy_id, session_notes) VALUES (482, '2024-01-12T08:00', 143, 8, 46, ''); --#5G3Y4, 1
INSERT INTO appointment (id, date_time, employee_id, patient_id, therapy_id, session_notes) VALUES (483, '2024-01-15T08:00', 135, 8, 46, ''); --#5G3Y4, 1
INSERT INTO appointment (id, date_time, employee_id, patient_id, therapy_id, session_notes) VALUES (484, '2024-01-18T08:00', 144, 8, 46, ''); --#5G3Y4, 1
INSERT INTO appointment (id, date_time, employee_id, patient_id, therapy_id, session_notes) VALUES (485, '2024-01-19T08:00', 141, 8, 46, ''); --#5G3Y4, 1
INSERT INTO appointment (id, date_time, employee_id, patient_id, therapy_id, session_notes) VALUES (486, '2024-01-22T08:00', 144, 8, 46, ''); --#5G3Y4, 1
INSERT INTO appointment (id, date_time, employee_id, patient_id, therapy_id, session_notes) VALUES (487, '2024-01-25T08:00', 143, 8, 46, ''); --#5G3Y4, 1
INSERT INTO appointment (id, date_time, employee_id, patient_id, therapy_id, session_notes) VALUES (488, '2024-01-26T08:00', 141, 8, 46, ''); --#5G3Y4, 1
INSERT INTO appointment (id, date_time, employee_id, patient_id, therapy_id, session_notes) VALUES (489, '2024-01-12T17:00', 139, 5, 47, 'Began with gentle core strengthening and flexibility exercises.'); --#3N4P6, 21
INSERT INTO appointment (id, date_time, employee_id, patient_id, therapy_id, session_notes) VALUES (490, '2024-01-15T17:00', 135, 5, 47, ''); --#3N4P6, 21
INSERT INTO appointment (id, date_time, employee_id, patient_id, therapy_id, session_notes) VALUES (491, '2024-01-18T17:00', 132, 5, 47, ''); --#3N4P6, 21
INSERT INTO appointment (id, date_time, employee_id, patient_id, therapy_id, session_notes) VALUES (492, '2024-01-22T17:00', 130, 5, 47, ''); --#3N4P6, 21
INSERT INTO appointment (id, date_time, employee_id, patient_id, therapy_id, session_notes) VALUES (493, '2024-01-24T17:00', 145, 5, 47, ''); --#3N4P6, 21
INSERT INTO appointment (id, date_time, employee_id, patient_id, therapy_id, session_notes) VALUES (494, '2024-01-25T17:00', 137, 5, 47, ''); --#3N4P6, 21
INSERT INTO appointment (id, date_time, employee_id, patient_id, therapy_id, session_notes) VALUES (495, '2024-01-26T17:00', 140, 5, 47, ''); --#3N4P6, 21
INSERT INTO appointment (id, date_time, employee_id, patient_id, therapy_id, session_notes) VALUES (496, '2024-01-29T17:00', 145, 5, 47, ''); --#3N4P6, 21
INSERT INTO appointment (id, date_time, employee_id, patient_id, therapy_id, session_notes) VALUES (497, '2024-01-31T17:00', 145, 5, 47, ''); --#3N4P6, 21
INSERT INTO appointment (id, date_time, employee_id, patient_id, therapy_id, session_notes) VALUES (498, '2024-02-05T17:00', 135, 5, 47, ''); --#3N4P6, 21
INSERT INTO appointment (id, date_time, employee_id, patient_id, therapy_id, session_notes) VALUES (499, '2024-02-08T17:00', 143, 5, 47, ''); --#3N4P6, 21
INSERT INTO appointment (id, date_time, employee_id, patient_id, therapy_id, session_notes) VALUES (500, '2024-02-12T17:00', 130, 5, 47, ''); --#3N4P6, 21
INSERT INTO appointment (id, date_time, employee_id, patient_id, therapy_id, session_notes) VALUES (501, '2024-02-14T17:00', 148, 5, 47, ''); --#3N4P6, 21
INSERT INTO appointment (id, date_time, employee_id, patient_id, therapy_id, session_notes) VALUES (502, '2024-02-16T17:00', 135, 5, 47, ''); --#3N4P6, 21
INSERT INTO appointment (id, date_time, employee_id, patient_id, therapy_id, session_notes) VALUES (503, '2024-01-03T08:00', 139, 26, 48, 'Initiated therapy with basic ankle mobilization.'); --#6W1E6, 18
INSERT INTO appointment (id, date_time, employee_id, patient_id, therapy_id, session_notes) VALUES (504, '2024-01-05T08:00', 132, 26, 48, 'Patient reports reduced swelling and pain, improvement in stability.'); --#6W1E6, 18
INSERT INTO appointment (id, date_time, employee_id, patient_id, therapy_id, session_notes) VALUES (505, '2024-01-08T08:00', 130, 26, 48, 'Good progress, introduced balance and proprioception exercises.'); --#6W1E6, 18
INSERT INTO appointment (id, date_time, employee_id, patient_id, therapy_id, session_notes) VALUES (506, '2024-01-09T08:00', 145, 26, 48, 'Notable gains in ankle strength and mobility.'); --#6W1E6, 18
INSERT INTO appointment (id, date_time, employee_id, patient_id, therapy_id, session_notes) VALUES (507, '2024-01-10T08:00', 137, 26, 48, 'Patient able to perform daily activities with less discomfort.'); --#6W1E6, 18
INSERT INTO appointment (id, date_time, employee_id, patient_id, therapy_id, session_notes) VALUES (508, '2024-01-11T08:00', 132, 26, 48, 'Continued improvement, focusing on dynamic movements.'); --#6W1E6, 18
INSERT INTO appointment (id, date_time, employee_id, patient_id, therapy_id, session_notes) VALUES (509, '2024-01-15T08:00', 126, 26, 48, ''); --#6W1E6, 18
INSERT INTO appointment (id, date_time, employee_id, patient_id, therapy_id, session_notes) VALUES (510, '2024-01-18T08:00', 137, 26, 48, ''); --#6W1E6, 18
INSERT INTO appointment (id, date_time, employee_id, patient_id, therapy_id, session_notes) VALUES (511, '2024-01-11T16:00', 142, 95, 49, 'Began gentle mobilization exercises, patient tolerating well.'); --#5G3Y4, 1
INSERT INTO appointment (id, date_time, employee_id, patient_id, therapy_id, session_notes) VALUES (512, '2024-01-12T16:00', 137, 95, 49, 'Slight improvement in shoulder mobility, continuing with prescribed exercises.'); --#5G3Y4, 1
INSERT INTO appointment (id, date_time, employee_id, patient_id, therapy_id, session_notes) VALUES (513, '2024-01-15T16:00', 126, 95, 49, ''); --#5G3Y4, 1
INSERT INTO appointment (id, date_time, employee_id, patient_id, therapy_id, session_notes) VALUES (514, '2024-01-17T16:00', 146, 95, 49, ''); --#5G3Y4, 1
INSERT INTO appointment (id, date_time, employee_id, patient_id, therapy_id, session_notes) VALUES (515, '2024-01-18T16:00', 142, 95, 49, ''); --#5G3Y4, 1
INSERT INTO appointment (id, date_time, employee_id, patient_id, therapy_id, session_notes) VALUES (516, '2024-01-22T16:00', 135, 95, 49, ''); --#5G3Y4, 1
INSERT INTO appointment (id, date_time, employee_id, patient_id, therapy_id, session_notes) VALUES (517, '2024-01-25T16:00', 146, 95, 49, ''); --#5G3Y4, 1
INSERT INTO appointment (id, date_time, employee_id, patient_id, therapy_id, session_notes) VALUES (518, '2024-01-29T16:00', 139, 95, 49, ''); --#5G3Y4, 1
INSERT INTO appointment (id, date_time, employee_id, patient_id, therapy_id, session_notes) VALUES (519, '2024-01-30T16:00', 143, 95, 49, ''); --#5G3Y4, 1
INSERT INTO appointment (id, date_time, employee_id, patient_id, therapy_id, session_notes) VALUES (520, '2024-01-31T16:00', 126, 95, 49, ''); --#5G3Y4, 1
INSERT INTO appointment (id, date_time, employee_id, patient_id, therapy_id, session_notes) VALUES (521, '2024-02-02T16:00', 130, 95, 49, ''); --#5G3Y4, 1
INSERT INTO appointment (id, date_time, employee_id, patient_id, therapy_id, session_notes) VALUES (522, '2024-02-05T16:00', 135, 95, 49, ''); --#5G3Y4, 1
INSERT INTO appointment (id, date_time, employee_id, patient_id, therapy_id, session_notes) VALUES (523, '2024-01-15T08:00', 141, 80, 50, ''); --#8H6H1, 27
INSERT INTO appointment (id, date_time, employee_id, patient_id, therapy_id, session_notes) VALUES (524, '2024-01-17T08:00', 145, 80, 50, ''); --#8H6H1, 27
INSERT INTO appointment (id, date_time, employee_id, patient_id, therapy_id, session_notes) VALUES (525, '2024-01-18T08:00', 148, 80, 50, ''); --#8H6H1, 27
INSERT INTO appointment (id, date_time, employee_id, patient_id, therapy_id, session_notes) VALUES (526, '2024-01-22T08:00', 144, 80, 50, ''); --#8H6H1, 27
INSERT INTO appointment (id, date_time, employee_id, patient_id, therapy_id, session_notes) VALUES (527, '2024-01-25T08:00', 132, 80, 50, ''); --#8H6H1, 27
INSERT INTO appointment (id, date_time, employee_id, patient_id, therapy_id, session_notes) VALUES (528, '2024-01-29T08:00', 145, 80, 50, ''); --#8H6H1, 27
INSERT INTO appointment (id, date_time, employee_id, patient_id, therapy_id, session_notes) VALUES (529, '2024-01-30T08:00', 140, 80, 50, ''); --#8H6H1, 27
INSERT INTO appointment (id, date_time, employee_id, patient_id, therapy_id, session_notes) VALUES (530, '2024-02-02T08:00', 145, 80, 50, ''); --#8H6H1, 27
INSERT INTO appointment (id, date_time, employee_id, patient_id, therapy_id, session_notes) VALUES (531, '2024-02-05T08:00', 145, 80, 50, ''); --#8H6H1, 27
INSERT INTO appointment (id, date_time, employee_id, patient_id, therapy_id, session_notes) VALUES (532, '2024-02-07T08:00', 148, 80, 50, ''); --#8H6H1, 27
INSERT INTO appointment (id, date_time, employee_id, patient_id, therapy_id, session_notes) VALUES (533, '2023-12-27T15:00', 147, 25, 51, 'Initiated therapy focusing on pain relief and muscle relaxation.'); --#2K6H8, 37
INSERT INTO appointment (id, date_time, employee_id, patient_id, therapy_id, session_notes) VALUES (534, '2023-12-29T15:00', 128, 25, 51, 'Patient reports less muscle pain, improved sleep quality.'); --#2K6H8, 37
INSERT INTO appointment (id, date_time, employee_id, patient_id, therapy_id, session_notes) VALUES (535, '2024-01-01T15:00', 147, 25, 51, 'Good progress, introduced therapeutic exercises for pain management.'); --#2K6H8, 37
INSERT INTO appointment (id, date_time, employee_id, patient_id, therapy_id, session_notes) VALUES (536, '2024-01-03T15:00', 128, 25, 51, 'Notable reduction in chronic muscle pain, patient more active.'); --#2K6H8, 37
INSERT INTO appointment (id, date_time, employee_id, patient_id, therapy_id, session_notes) VALUES (537, '2024-01-08T15:00', 128, 25, 51, 'Patient engaging in daily tasks with greater ease and comfort.'); --#2K6H8, 37
INSERT INTO appointment (id, date_time, employee_id, patient_id, therapy_id, session_notes) VALUES (538, '2024-01-09T15:00', 147, 25, 51, 'Continued improvement in managing chronic pain.'); --#2K6H8, 37
INSERT INTO appointment (id, date_time, employee_id, patient_id, therapy_id, session_notes) VALUES (539, '2024-01-12T15:00', 147, 25, 51, 'Significant relief from muscle pain, patient advised on long-term pain management strategies.'); --#2K6H8, 37
INSERT INTO appointment (id, date_time, employee_id, patient_id, therapy_id, session_notes) VALUES (540, '2024-01-12T09:00', 144, 3, 52, 'Initiated therapy with gentle stretching and strengthening.'); --#8I5F5, 4
INSERT INTO appointment (id, date_time, employee_id, patient_id, therapy_id, session_notes) VALUES (541, '2024-01-15T09:00', 144, 3, 52, ''); --#8I5F5, 4
INSERT INTO appointment (id, date_time, employee_id, patient_id, therapy_id, session_notes) VALUES (542, '2024-01-16T09:00', 146, 3, 52, ''); --#8I5F5, 4
INSERT INTO appointment (id, date_time, employee_id, patient_id, therapy_id, session_notes) VALUES (543, '2024-01-18T09:00', 141, 3, 52, ''); --#8I5F5, 4
INSERT INTO appointment (id, date_time, employee_id, patient_id, therapy_id, session_notes) VALUES (544, '2024-01-22T09:00', 132, 3, 52, ''); --#8I5F5, 4
INSERT INTO appointment (id, date_time, employee_id, patient_id, therapy_id, session_notes) VALUES (545, '2024-01-25T09:00', 130, 3, 52, ''); --#8I5F5, 4
INSERT INTO appointment (id, date_time, employee_id, patient_id, therapy_id, session_notes) VALUES (546, '2024-01-26T09:00', 142, 3, 52, ''); --#8I5F5, 4
INSERT INTO appointment (id, date_time, employee_id, patient_id, therapy_id, session_notes) VALUES (547, '2024-01-29T09:00', 126, 3, 52, ''); --#8I5F5, 4
INSERT INTO appointment (id, date_time, employee_id, patient_id, therapy_id, session_notes) VALUES (548, '2024-01-02T15:00', 146, 104, 53, 'Assessment completed, initiated posture correction exercises.'); --#8K1H7, 25
INSERT INTO appointment (id, date_time, employee_id, patient_id, therapy_id, session_notes) VALUES (549, '2024-01-05T15:00', 135, 104, 53, 'Patient shows early signs of improved posture, reduced discomfort.'); --#8K1H7, 25
INSERT INTO appointment (id, date_time, employee_id, patient_id, therapy_id, session_notes) VALUES (550, '2024-01-08T15:00', 137, 104, 53, 'Good progress, focusing on strengthening core and back muscles.'); --#8K1H7, 25
INSERT INTO appointment (id, date_time, employee_id, patient_id, therapy_id, session_notes) VALUES (551, '2024-01-09T15:00', 148, 104, 53, 'Notable improvement in posture, reduced neck and back strain.'); --#8K1H7, 25
INSERT INTO appointment (id, date_time, employee_id, patient_id, therapy_id, session_notes) VALUES (552, '2024-01-12T15:00', 132, 104, 53, 'Patient more aware of proper posture, continuing with exercises.'); --#8K1H7, 25
INSERT INTO appointment (id, date_time, employee_id, patient_id, therapy_id, session_notes) VALUES (553, '2024-01-15T15:00', 139, 104, 53, ''); --#8K1H7, 25
INSERT INTO appointment (id, date_time, employee_id, patient_id, therapy_id, session_notes) VALUES (554, '2024-01-18T15:00', 126, 104, 53, ''); --#8K1H7, 25
INSERT INTO appointment (id, date_time, employee_id, patient_id, therapy_id, session_notes) VALUES (555, '2024-01-09T19:00', 137, 37, 54, 'Initiated therapy with non-weight bearing exercises.'); --#9M8D2, 16
INSERT INTO appointment (id, date_time, employee_id, patient_id, therapy_id, session_notes) VALUES (556, '2024-01-11T19:00', 148, 37, 54, 'Patient reports reduced pain, slight improvement in mobility.'); --#9M8D2, 16
INSERT INTO appointment (id, date_time, employee_id, patient_id, therapy_id, session_notes) VALUES (557, '2024-01-15T19:00', 142, 37, 54, ''); --#9M8D2, 16
INSERT INTO appointment (id, date_time, employee_id, patient_id, therapy_id, session_notes) VALUES (558, '2024-01-16T19:00', 142, 37, 54, ''); --#9M8D2, 16
INSERT INTO appointment (id, date_time, employee_id, patient_id, therapy_id, session_notes) VALUES (559, '2024-01-17T19:00', 130, 37, 54, ''); --#9M8D2, 16
INSERT INTO appointment (id, date_time, employee_id, patient_id, therapy_id, session_notes) VALUES (560, '2024-01-19T19:00', 143, 37, 54, ''); --#9M8D2, 16
INSERT INTO appointment (id, date_time, employee_id, patient_id, therapy_id, session_notes) VALUES (561, '2024-01-22T19:00', 142, 37, 54, ''); --#9M8D2, 16
INSERT INTO appointment (id, date_time, employee_id, patient_id, therapy_id, session_notes) VALUES (562, '2024-01-25T19:00', 130, 37, 54, ''); --#9M8D2, 16
INSERT INTO appointment (id, date_time, employee_id, patient_id, therapy_id, session_notes) VALUES (563, '2024-01-26T19:00', 144, 37, 54, ''); --#9M8D2, 16
INSERT INTO appointment (id, date_time, employee_id, patient_id, therapy_id, session_notes) VALUES (564, '2024-01-29T19:00', 137, 37, 54, ''); --#9M8D2, 16
INSERT INTO appointment (id, date_time, employee_id, patient_id, therapy_id, session_notes) VALUES (565, '2024-01-15T09:00', 144, 67, 55, ''); --#6W1E6, 18
INSERT INTO appointment (id, date_time, employee_id, patient_id, therapy_id, session_notes) VALUES (566, '2024-01-18T09:00', 145, 67, 55, ''); --#6W1E6, 18
INSERT INTO appointment (id, date_time, employee_id, patient_id, therapy_id, session_notes) VALUES (567, '2024-01-22T09:00', 141, 67, 55, ''); --#6W1E6, 18
INSERT INTO appointment (id, date_time, employee_id, patient_id, therapy_id, session_notes) VALUES (568, '2024-01-25T09:00', 140, 67, 55, ''); --#6W1E6, 18
INSERT INTO appointment (id, date_time, employee_id, patient_id, therapy_id, session_notes) VALUES (569, '2024-01-26T09:00', 146, 67, 55, ''); --#6W1E6, 18
INSERT INTO appointment (id, date_time, employee_id, patient_id, therapy_id, session_notes) VALUES (570, '2024-01-29T09:00', 142, 67, 55, ''); --#6W1E6, 18
INSERT INTO appointment (id, date_time, employee_id, patient_id, therapy_id, session_notes) VALUES (571, '2024-01-31T09:00', 139, 67, 55, ''); --#6W1E6, 18
INSERT INTO appointment (id, date_time, employee_id, patient_id, therapy_id, session_notes) VALUES (572, '2024-02-01T09:00', 139, 67, 55, ''); --#6W1E6, 18
INSERT INTO appointment (id, date_time, employee_id, patient_id, therapy_id, session_notes) VALUES (573, '2023-12-20T09:00', 148, 97, 56, 'Initiated therapy with gentle stretching and strengthening.'); --#8I5F5, 4
INSERT INTO appointment (id, date_time, employee_id, patient_id, therapy_id, session_notes) VALUES (574, '2023-12-22T09:00', 141, 97, 56, 'Patient reports reduced pain, improved elbow mobility.'); --#8I5F5, 4
INSERT INTO appointment (id, date_time, employee_id, patient_id, therapy_id, session_notes) VALUES (575, '2023-12-25T09:00', 143, 97, 56, 'Progressing with exercises, pain decreasing gradually.'); --#8I5F5, 4
INSERT INTO appointment (id, date_time, employee_id, patient_id, therapy_id, session_notes) VALUES (576, '2023-12-26T09:00', 141, 97, 56, 'Notable improvement in strength, daily activities easier to perform.'); --#8I5F5, 4
INSERT INTO appointment (id, date_time, employee_id, patient_id, therapy_id, session_notes) VALUES (577, '2023-12-27T09:00', 126, 97, 56, 'Continued reduction in pain, especially during wrist movements.'); --#8I5F5, 4
INSERT INTO appointment (id, date_time, employee_id, patient_id, therapy_id, session_notes) VALUES (578, '2024-01-01T09:00', 137, 97, 56, 'Patient able to lift heavier objects with less discomfort.'); --#8I5F5, 4
INSERT INTO appointment (id, date_time, employee_id, patient_id, therapy_id, session_notes) VALUES (579, '2024-01-04T09:00', 126, 97, 56, 'Significant gains in elbow function and strength.'); --#8I5F5, 4
INSERT INTO appointment (id, date_time, employee_id, patient_id, therapy_id, session_notes) VALUES (580, '2024-01-08T09:00', 140, 97, 56, 'Elbow nearly back to normal function, continue with preventive exercises.'); --#8I5F5, 4
INSERT INTO appointment (id, date_time, employee_id, patient_id, therapy_id, session_notes) VALUES (581, '2024-01-08T17:00', 142, 49, 57, 'Started with gentle hip mobilization exercises.'); --#2T8L4, 17
INSERT INTO appointment (id, date_time, employee_id, patient_id, therapy_id, session_notes) VALUES (582, '2024-01-10T17:00', 144, 49, 57, 'Patient reports reduced hip pain, improved mobility.'); --#2T8L4, 17
INSERT INTO appointment (id, date_time, employee_id, patient_id, therapy_id, session_notes) VALUES (583, '2024-01-15T17:00', 142, 49, 57, ''); --#2T8L4, 17
INSERT INTO appointment (id, date_time, employee_id, patient_id, therapy_id, session_notes) VALUES (584, '2024-01-17T17:00', 126, 49, 57, ''); --#2T8L4, 17
INSERT INTO appointment (id, date_time, employee_id, patient_id, therapy_id, session_notes) VALUES (585, '2024-01-18T17:00', 130, 49, 57, ''); --#2T8L4, 17
INSERT INTO appointment (id, date_time, employee_id, patient_id, therapy_id, session_notes) VALUES (586, '2024-01-22T17:00', 146, 49, 57, ''); --#2T8L4, 17
INSERT INTO appointment (id, date_time, employee_id, patient_id, therapy_id, session_notes) VALUES (587, '2024-01-25T17:00', 148, 49, 57, ''); --#2T8L4, 17
INSERT INTO appointment (id, date_time, employee_id, patient_id, therapy_id, session_notes) VALUES (588, '2024-01-29T17:00', 132, 49, 57, ''); --#2T8L4, 17
INSERT INTO appointment (id, date_time, employee_id, patient_id, therapy_id, session_notes) VALUES (589, '2024-01-30T17:00', 146, 49, 57, ''); --#2T8L4, 17
INSERT INTO appointment (id, date_time, employee_id, patient_id, therapy_id, session_notes) VALUES (590, '2024-02-01T17:00', 144, 49, 57, ''); --#2T8L4, 17
INSERT INTO appointment (id, date_time, employee_id, patient_id, therapy_id, session_notes) VALUES (591, '2024-01-15T08:00', 140, 78, 58, ''); --#1V2V2, 3
INSERT INTO appointment (id, date_time, employee_id, patient_id, therapy_id, session_notes) VALUES (592, '2024-01-17T08:00', 126, 78, 58, ''); --#1V2V2, 3
INSERT INTO appointment (id, date_time, employee_id, patient_id, therapy_id, session_notes) VALUES (593, '2024-01-18T08:00', 144, 78, 58, ''); --#1V2V2, 3
INSERT INTO appointment (id, date_time, employee_id, patient_id, therapy_id, session_notes) VALUES (594, '2024-01-19T08:00', 142, 78, 58, ''); --#1V2V2, 3
INSERT INTO appointment (id, date_time, employee_id, patient_id, therapy_id, session_notes) VALUES (595, '2024-01-22T08:00', 132, 78, 58, ''); --#1V2V2, 3
INSERT INTO appointment (id, date_time, employee_id, patient_id, therapy_id, session_notes) VALUES (596, '2024-01-24T08:00', 130, 78, 58, ''); --#1V2V2, 3
INSERT INTO appointment (id, date_time, employee_id, patient_id, therapy_id, session_notes) VALUES (597, '2024-01-29T08:00', 142, 78, 58, ''); --#1V2V2, 3
INSERT INTO appointment (id, date_time, employee_id, patient_id, therapy_id, session_notes) VALUES (598, '2024-01-31T08:00', 141, 78, 58, ''); --#1V2V2, 3
INSERT INTO appointment (id, date_time, employee_id, patient_id, therapy_id, session_notes) VALUES (599, '2024-01-05T18:00', 147, 82, 59, 'Began with relaxation techniques and gentle stretching.'); --#6L2M9, 36
INSERT INTO appointment (id, date_time, employee_id, patient_id, therapy_id, session_notes) VALUES (600, '2024-01-08T18:00', 147, 82, 59, 'Patient reports reduced muscle spasms and tension.'); --#6L2M9, 36
INSERT INTO appointment (id, date_time, employee_id, patient_id, therapy_id, session_notes) VALUES (601, '2024-01-11T18:00', 128, 82, 59, 'Good progress, focusing on stress reduction and muscle relaxation.'); --#6L2M9, 36
INSERT INTO appointment (id, date_time, employee_id, patient_id, therapy_id, session_notes) VALUES (602, '2024-01-15T18:00', 128, 82, 59, ''); --#6L2M9, 36
INSERT INTO appointment (id, date_time, employee_id, patient_id, therapy_id, session_notes) VALUES (603, '2024-01-17T18:00', 128, 82, 59, ''); --#6L2M9, 36
INSERT INTO appointment (id, date_time, employee_id, patient_id, therapy_id, session_notes) VALUES (604, '2024-01-18T18:00', 128, 82, 59, ''); --#6L2M9, 36
INSERT INTO appointment (id, date_time, employee_id, patient_id, therapy_id, session_notes) VALUES (605, '2024-01-05T11:00', 136, 84, 60, 'Began with basic motor skill exercises, patient showing initial progress.'); --#9P3R1, 29
INSERT INTO appointment (id, date_time, employee_id, patient_id, therapy_id, session_notes) VALUES (606, '2024-01-08T11:00', 136, 84, 60, 'Slight improvement in limb coordination and strength.'); --#9P3R1, 29
INSERT INTO appointment (id, date_time, employee_id, patient_id, therapy_id, session_notes) VALUES (607, '2024-01-11T11:00', 127, 84, 60, 'Patient demonstrates increased ability in daily tasks.'); --#9P3R1, 29
INSERT INTO appointment (id, date_time, employee_id, patient_id, therapy_id, session_notes) VALUES (608, '2024-01-12T11:00', 127, 84, 60, 'Good progress in regaining motor control, focusing on balance.'); --#9P3R1, 29
INSERT INTO appointment (id, date_time, employee_id, patient_id, therapy_id, session_notes) VALUES (609, '2024-01-15T11:00', 127, 84, 60, ''); --#9P3R1, 29
INSERT INTO appointment (id, date_time, employee_id, patient_id, therapy_id, session_notes) VALUES (610, '2024-01-17T11:00', 136, 84, 60, ''); --#9P3R1, 29
INSERT INTO appointment (id, date_time, employee_id, patient_id, therapy_id, session_notes) VALUES (611, '2024-01-18T11:00', 127, 84, 60, ''); --#9P3R1, 29
INSERT INTO appointment (id, date_time, employee_id, patient_id, therapy_id, session_notes) VALUES (612, '2024-01-22T11:00', 136, 84, 60, ''); --#9P3R1, 29
INSERT INTO appointment (id, date_time, employee_id, patient_id, therapy_id, session_notes) VALUES (613, '2024-01-25T11:00', 136, 84, 60, ''); --#9P3R1, 29
INSERT INTO appointment (id, date_time, employee_id, patient_id, therapy_id, session_notes) VALUES (614, '2024-01-26T11:00', 136, 84, 60, ''); --#9P3R1, 29
INSERT INTO appointment (id, date_time, employee_id, patient_id, therapy_id, session_notes) VALUES (615, '2024-01-29T11:00', 136, 84, 60, ''); --#9P3R1, 29
INSERT INTO appointment (id, date_time, employee_id, patient_id, therapy_id, session_notes) VALUES (616, '2024-01-30T11:00', 136, 84, 60, ''); --#9P3R1, 29
INSERT INTO appointment (id, date_time, employee_id, patient_id, therapy_id, session_notes) VALUES (617, '2024-02-02T11:00', 136, 84, 60, ''); --#9P3R1, 29
INSERT INTO appointment (id, date_time, employee_id, patient_id, therapy_id, session_notes) VALUES (618, '2024-02-05T11:00', 127, 84, 60, ''); --#9P3R1, 29
INSERT INTO appointment (id, date_time, employee_id, patient_id, therapy_id, session_notes) VALUES (619, '2024-02-07T11:00', 127, 84, 60, ''); --#9P3R1, 29
INSERT INTO appointment (id, date_time, employee_id, patient_id, therapy_id, session_notes) VALUES (620, '2024-02-09T11:00', 127, 84, 60, ''); --#9P3R1, 29
INSERT INTO appointment (id, date_time, employee_id, patient_id, therapy_id, session_notes) VALUES (621, '2024-02-12T11:00', 127, 84, 60, ''); --#9P3R1, 29
INSERT INTO appointment (id, date_time, employee_id, patient_id, therapy_id, session_notes) VALUES (622, '2024-02-14T11:00', 136, 84, 60, ''); --#9P3R1, 29
INSERT INTO appointment (id, date_time, employee_id, patient_id, therapy_id, session_notes) VALUES (623, '2024-02-19T11:00', 136, 84, 60, ''); --#9P3R1, 29
INSERT INTO appointment (id, date_time, employee_id, patient_id, therapy_id, session_notes) VALUES (624, '2024-02-20T11:00', 136, 84, 60, ''); --#9P3R1, 29
INSERT INTO appointment (id, date_time, employee_id, patient_id, therapy_id, session_notes) VALUES (625, '2024-01-12T08:00', 139, 72, 61, 'Began with basic knee mobilization, patient tolerating well.'); --#6F2G1, 13
INSERT INTO appointment (id, date_time, employee_id, patient_id, therapy_id, session_notes) VALUES (626, '2024-01-15T08:00', 130, 72, 61, ''); --#6F2G1, 13
INSERT INTO appointment (id, date_time, employee_id, patient_id, therapy_id, session_notes) VALUES (627, '2024-01-18T08:00', 135, 72, 61, ''); --#6F2G1, 13
INSERT INTO appointment (id, date_time, employee_id, patient_id, therapy_id, session_notes) VALUES (628, '2024-01-22T08:00', 140, 72, 61, ''); --#6F2G1, 13
INSERT INTO appointment (id, date_time, employee_id, patient_id, therapy_id, session_notes) VALUES (629, '2024-01-23T08:00', 143, 72, 61, ''); --#6F2G1, 13
INSERT INTO appointment (id, date_time, employee_id, patient_id, therapy_id, session_notes) VALUES (630, '2024-01-26T08:00', 140, 72, 61, ''); --#6F2G1, 13
INSERT INTO appointment (id, date_time, employee_id, patient_id, therapy_id, session_notes) VALUES (631, '2024-01-29T08:00', 130, 72, 61, ''); --#6F2G1, 13
INSERT INTO appointment (id, date_time, employee_id, patient_id, therapy_id, session_notes) VALUES (632, '2024-02-01T08:00', 144, 72, 61, ''); --#6F2G1, 13
INSERT INTO appointment (id, date_time, employee_id, patient_id, therapy_id, session_notes) VALUES (633, '2024-01-12T14:00', 127, 83, 62, 'Initiated post-operative exercises, patient tolerating well.'); --#3J6K2, 28
INSERT INTO appointment (id, date_time, employee_id, patient_id, therapy_id, session_notes) VALUES (634, '2024-01-15T14:00', 127, 83, 62, ''); --#3J6K2, 28
INSERT INTO appointment (id, date_time, employee_id, patient_id, therapy_id, session_notes) VALUES (635, '2024-01-17T14:00', 127, 83, 62, ''); --#3J6K2, 28
INSERT INTO appointment (id, date_time, employee_id, patient_id, therapy_id, session_notes) VALUES (636, '2024-01-19T14:00', 127, 83, 62, ''); --#3J6K2, 28
INSERT INTO appointment (id, date_time, employee_id, patient_id, therapy_id, session_notes) VALUES (637, '2024-01-22T14:00', 136, 83, 62, ''); --#3J6K2, 28
INSERT INTO appointment (id, date_time, employee_id, patient_id, therapy_id, session_notes) VALUES (638, '2024-01-24T14:00', 136, 83, 62, ''); --#3J6K2, 28
INSERT INTO appointment (id, date_time, employee_id, patient_id, therapy_id, session_notes) VALUES (639, '2024-01-29T14:00', 127, 83, 62, ''); --#3J6K2, 28
INSERT INTO appointment (id, date_time, employee_id, patient_id, therapy_id, session_notes) VALUES (640, '2024-02-01T14:00', 127, 83, 62, ''); --#3J6K2, 28
INSERT INTO appointment (id, date_time, employee_id, patient_id, therapy_id, session_notes) VALUES (641, '2024-02-05T14:00', 136, 83, 62, ''); --#3J6K2, 28
INSERT INTO appointment (id, date_time, employee_id, patient_id, therapy_id, session_notes) VALUES (642, '2024-02-08T14:00', 136, 83, 62, ''); --#3J6K2, 28
INSERT INTO appointment (id, date_time, employee_id, patient_id, therapy_id, session_notes) VALUES (643, '2024-02-09T14:00', 127, 83, 62, ''); --#3J6K2, 28
INSERT INTO appointment (id, date_time, employee_id, patient_id, therapy_id, session_notes) VALUES (644, '2024-02-12T14:00', 136, 83, 62, ''); --#3J6K2, 28
INSERT INTO appointment (id, date_time, employee_id, patient_id, therapy_id, session_notes) VALUES (645, '2024-01-12T11:00', 144, 94, 63, 'Began therapy with gentle calf and shin stretching.'); --#7P3Y5, 15
INSERT INTO appointment (id, date_time, employee_id, patient_id, therapy_id, session_notes) VALUES (646, '2024-01-15T11:00', 141, 94, 63, ''); --#7P3Y5, 15
INSERT INTO appointment (id, date_time, employee_id, patient_id, therapy_id, session_notes) VALUES (647, '2024-01-17T11:00', 137, 94, 63, ''); --#7P3Y5, 15
INSERT INTO appointment (id, date_time, employee_id, patient_id, therapy_id, session_notes) VALUES (648, '2024-01-22T11:00', 145, 94, 63, ''); --#7P3Y5, 15
INSERT INTO appointment (id, date_time, employee_id, patient_id, therapy_id, session_notes) VALUES (649, '2024-01-25T11:00', 142, 94, 63, ''); --#7P3Y5, 15
INSERT INTO appointment (id, date_time, employee_id, patient_id, therapy_id, session_notes) VALUES (650, '2024-01-29T11:00', 132, 94, 63, ''); --#7P3Y5, 15
INSERT INTO appointment (id, date_time, employee_id, patient_id, therapy_id, session_notes) VALUES (651, '2024-01-04T17:00', 144, 87, 64, 'Assessment completed, initiated posture correction exercises.'); --#8K1H7, 25
INSERT INTO appointment (id, date_time, employee_id, patient_id, therapy_id, session_notes) VALUES (652, '2024-01-05T17:00', 142, 87, 64, 'Patient shows early signs of improved posture, reduced discomfort.'); --#8K1H7, 25
INSERT INTO appointment (id, date_time, employee_id, patient_id, therapy_id, session_notes) VALUES (653, '2024-01-08T17:00', 146, 87, 64, 'Good progress, focusing on strengthening core and back muscles.'); --#8K1H7, 25
INSERT INTO appointment (id, date_time, employee_id, patient_id, therapy_id, session_notes) VALUES (654, '2024-01-09T17:00', 141, 87, 64, 'Notable improvement in posture, reduced neck and back strain.'); --#8K1H7, 25
INSERT INTO appointment (id, date_time, employee_id, patient_id, therapy_id, session_notes) VALUES (655, '2024-01-11T17:00', 144, 87, 64, 'Patient more aware of proper posture, continuing with exercises.'); --#8K1H7, 25
INSERT INTO appointment (id, date_time, employee_id, patient_id, therapy_id, session_notes) VALUES (656, '2024-01-15T17:00', 132, 87, 64, ''); --#8K1H7, 25
INSERT INTO appointment (id, date_time, employee_id, patient_id, therapy_id, session_notes) VALUES (657, '2024-01-16T17:00', 132, 87, 64, ''); --#8K1H7, 25
INSERT INTO appointment (id, date_time, employee_id, patient_id, therapy_id, session_notes) VALUES (658, '2024-01-15T14:00', 137, 44, 65, ''); --#8L2Q4, 14
INSERT INTO appointment (id, date_time, employee_id, patient_id, therapy_id, session_notes) VALUES (659, '2024-01-16T14:00', 144, 44, 65, ''); --#8L2Q4, 14
INSERT INTO appointment (id, date_time, employee_id, patient_id, therapy_id, session_notes) VALUES (660, '2024-01-18T14:00', 135, 44, 65, ''); --#8L2Q4, 14
INSERT INTO appointment (id, date_time, employee_id, patient_id, therapy_id, session_notes) VALUES (661, '2024-01-19T14:00', 137, 44, 65, ''); --#8L2Q4, 14
INSERT INTO appointment (id, date_time, employee_id, patient_id, therapy_id, session_notes) VALUES (662, '2024-01-22T14:00', 139, 44, 65, ''); --#8L2Q4, 14
INSERT INTO appointment (id, date_time, employee_id, patient_id, therapy_id, session_notes) VALUES (663, '2024-01-25T14:00', 148, 44, 65, ''); --#8L2Q4, 14
INSERT INTO appointment (id, date_time, employee_id, patient_id, therapy_id, session_notes) VALUES (664, '2024-01-29T14:00', 145, 44, 65, ''); --#8L2Q4, 14
INSERT INTO appointment (id, date_time, employee_id, patient_id, therapy_id, session_notes) VALUES (665, '2024-02-01T14:00', 144, 44, 65, ''); --#8L2Q4, 14
INSERT INTO appointment (id, date_time, employee_id, patient_id, therapy_id, session_notes) VALUES (666, '2024-01-02T18:00', 136, 10, 66, 'Began with basic motor skill exercises, patient showing initial progress.'); --#9P3R1, 29
INSERT INTO appointment (id, date_time, employee_id, patient_id, therapy_id, session_notes) VALUES (667, '2024-01-05T18:00', 127, 10, 66, 'Slight improvement in limb coordination and strength.'); --#9P3R1, 29
INSERT INTO appointment (id, date_time, employee_id, patient_id, therapy_id, session_notes) VALUES (668, '2024-01-08T18:00', 136, 10, 66, 'Patient demonstrates increased ability in daily tasks.'); --#9P3R1, 29
INSERT INTO appointment (id, date_time, employee_id, patient_id, therapy_id, session_notes) VALUES (669, '2024-01-11T18:00', 136, 10, 66, 'Good progress in regaining motor control, focusing on balance.'); --#9P3R1, 29
INSERT INTO appointment (id, date_time, employee_id, patient_id, therapy_id, session_notes) VALUES (670, '2024-01-12T18:00', 136, 10, 66, 'Notable gains in speech and cognitive functions.'); --#9P3R1, 29
INSERT INTO appointment (id, date_time, employee_id, patient_id, therapy_id, session_notes) VALUES (671, '2024-01-15T18:00', 136, 10, 66, ''); --#9P3R1, 29
INSERT INTO appointment (id, date_time, employee_id, patient_id, therapy_id, session_notes) VALUES (672, '2024-01-16T18:00', 127, 10, 66, ''); --#9P3R1, 29
INSERT INTO appointment (id, date_time, employee_id, patient_id, therapy_id, session_notes) VALUES (673, '2024-01-17T18:00', 127, 10, 66, ''); --#9P3R1, 29
INSERT INTO appointment (id, date_time, employee_id, patient_id, therapy_id, session_notes) VALUES (674, '2024-01-19T18:00', 136, 10, 66, ''); --#9P3R1, 29
INSERT INTO appointment (id, date_time, employee_id, patient_id, therapy_id, session_notes) VALUES (675, '2024-01-22T18:00', 136, 10, 66, ''); --#9P3R1, 29
INSERT INTO appointment (id, date_time, employee_id, patient_id, therapy_id, session_notes) VALUES (676, '2024-01-25T18:00', 127, 10, 66, ''); --#9P3R1, 29
INSERT INTO appointment (id, date_time, employee_id, patient_id, therapy_id, session_notes) VALUES (677, '2024-01-26T18:00', 136, 10, 66, ''); --#9P3R1, 29
INSERT INTO appointment (id, date_time, employee_id, patient_id, therapy_id, session_notes) VALUES (678, '2024-01-29T18:00', 136, 10, 66, ''); --#9P3R1, 29
INSERT INTO appointment (id, date_time, employee_id, patient_id, therapy_id, session_notes) VALUES (679, '2024-01-31T18:00', 127, 10, 66, ''); --#9P3R1, 29
INSERT INTO appointment (id, date_time, employee_id, patient_id, therapy_id, session_notes) VALUES (680, '2024-02-05T18:00', 127, 10, 66, ''); --#9P3R1, 29
INSERT INTO appointment (id, date_time, employee_id, patient_id, therapy_id, session_notes) VALUES (681, '2024-02-07T18:00', 127, 10, 66, ''); --#9P3R1, 29
INSERT INTO appointment (id, date_time, employee_id, patient_id, therapy_id, session_notes) VALUES (682, '2024-02-12T18:00', 136, 10, 66, ''); --#9P3R1, 29
INSERT INTO appointment (id, date_time, employee_id, patient_id, therapy_id, session_notes) VALUES (683, '2024-02-14T18:00', 127, 10, 66, ''); --#9P3R1, 29
INSERT INTO appointment (id, date_time, employee_id, patient_id, therapy_id, session_notes) VALUES (684, '2024-02-15T18:00', 136, 10, 66, ''); --#9P3R1, 29
INSERT INTO appointment (id, date_time, employee_id, patient_id, therapy_id, session_notes) VALUES (685, '2024-02-19T18:00', 127, 10, 66, ''); --#9P3R1, 29
INSERT INTO appointment (id, date_time, employee_id, patient_id, therapy_id, session_notes) VALUES (686, '2024-01-05T15:00', 144, 30, 67, ''); --#8K1H7, 25
INSERT INTO appointment (id, date_time, employee_id, patient_id, therapy_id, session_notes) VALUES (687, '2024-01-08T15:00', 132, 30, 67, ''); --#8K1H7, 25
INSERT INTO appointment (id, date_time, employee_id, patient_id, therapy_id, session_notes) VALUES (688, '2024-01-09T15:00', 135, 30, 67, ''); --#8K1H7, 25
INSERT INTO appointment (id, date_time, employee_id, patient_id, therapy_id, session_notes) VALUES (689, '2024-01-12T15:00', 132, 30, 67, ''); --#8K1H7, 25
INSERT INTO appointment (id, date_time, employee_id, patient_id, therapy_id, session_notes) VALUES (690, '2024-01-15T15:00', 126, 30, 67, ''); --#8K1H7, 25
INSERT INTO appointment (id, date_time, employee_id, patient_id, therapy_id, session_notes) VALUES (691, '2024-01-17T15:00', 140, 30, 67, ''); --#8K1H7, 25
INSERT INTO appointment (id, date_time, employee_id, patient_id, therapy_id, session_notes) VALUES (692, '2024-01-18T15:00', 135, 30, 67, ''); --#8K1H7, 25
INSERT INTO appointment (id, date_time, employee_id, patient_id, therapy_id, session_notes) VALUES (703, '2024-01-08T09:00', 134, 16, 69, 'Initiated post-operative exercises, patient tolerating well.'); --#5I9K8, 35
INSERT INTO appointment (id, date_time, employee_id, patient_id, therapy_id, session_notes) VALUES (704, '2024-01-11T09:00', 129, 16, 69, 'Patient shows early signs of recovery, improved mobility.'); --#5I9K8, 35
INSERT INTO appointment (id, date_time, employee_id, patient_id, therapy_id, session_notes) VALUES (705, '2024-01-15T09:00', 131, 16, 69, ''); --#5I9K8, 35
INSERT INTO appointment (id, date_time, employee_id, patient_id, therapy_id, session_notes) VALUES (706, '2024-01-18T09:00', 129, 16, 69, ''); --#5I9K8, 35
INSERT INTO appointment (id, date_time, employee_id, patient_id, therapy_id, session_notes) VALUES (707, '2024-01-19T09:00', 129, 16, 69, ''); --#5I9K8, 35
INSERT INTO appointment (id, date_time, employee_id, patient_id, therapy_id, session_notes) VALUES (708, '2024-01-22T09:00', 131, 16, 69, ''); --#5I9K8, 35
INSERT INTO appointment (id, date_time, employee_id, patient_id, therapy_id, session_notes) VALUES (709, '2024-01-25T09:00', 134, 16, 69, ''); --#5I9K8, 35
INSERT INTO appointment (id, date_time, employee_id, patient_id, therapy_id, session_notes) VALUES (710, '2024-01-29T09:00', 134, 16, 69, ''); --#5I9K8, 35
INSERT INTO appointment (id, date_time, employee_id, patient_id, therapy_id, session_notes) VALUES (711, '2024-02-01T09:00', 131, 16, 69, ''); --#5I9K8, 35
INSERT INTO appointment (id, date_time, employee_id, patient_id, therapy_id, session_notes) VALUES (712, '2024-02-02T09:00', 131, 16, 69, ''); --#5I9K8, 35
INSERT INTO appointment (id, date_time, employee_id, patient_id, therapy_id, session_notes) VALUES (713, '2024-02-05T09:00', 138, 16, 69, ''); --#5I9K8, 35
INSERT INTO appointment (id, date_time, employee_id, patient_id, therapy_id, session_notes) VALUES (714, '2024-02-06T09:00', 129, 16, 69, ''); --#5I9K8, 35
INSERT INTO appointment (id, date_time, employee_id, patient_id, therapy_id, session_notes) VALUES (715, '2024-01-01T14:00', 136, 101, 70, 'Began with basic motor skill exercises, patient showing initial progress.'); --#9P3R1, 29
INSERT INTO appointment (id, date_time, employee_id, patient_id, therapy_id, session_notes) VALUES (716, '2024-01-02T14:00', 127, 101, 70, 'Slight improvement in limb coordination and strength.'); --#9P3R1, 29
INSERT INTO appointment (id, date_time, employee_id, patient_id, therapy_id, session_notes) VALUES (717, '2024-01-03T14:00', 136, 101, 70, 'Patient demonstrates increased ability in daily tasks.'); --#9P3R1, 29
INSERT INTO appointment (id, date_time, employee_id, patient_id, therapy_id, session_notes) VALUES (718, '2024-01-05T14:00', 136, 101, 70, 'Good progress in regaining motor control, focusing on balance.'); --#9P3R1, 29
INSERT INTO appointment (id, date_time, employee_id, patient_id, therapy_id, session_notes) VALUES (719, '2024-01-08T14:00', 136, 101, 70, 'Notable gains in speech and cognitive functions.'); --#9P3R1, 29
INSERT INTO appointment (id, date_time, employee_id, patient_id, therapy_id, session_notes) VALUES (720, '2024-01-10T14:00', 136, 101, 70, 'Continued improvement in walking and movement coordination.'); --#9P3R1, 29
INSERT INTO appointment (id, date_time, employee_id, patient_id, therapy_id, session_notes) VALUES (721, '2024-01-12T14:00', 127, 101, 70, 'Significant progress in overall recovery from stroke.'); --#9P3R1, 29
INSERT INTO appointment (id, date_time, employee_id, patient_id, therapy_id, session_notes) VALUES (722, '2024-01-15T14:00', 127, 101, 70, ''); --#9P3R1, 29
INSERT INTO appointment (id, date_time, employee_id, patient_id, therapy_id, session_notes) VALUES (723, '2024-01-16T14:00', 136, 101, 70, ''); --#9P3R1, 29
INSERT INTO appointment (id, date_time, employee_id, patient_id, therapy_id, session_notes) VALUES (724, '2024-01-19T14:00', 136, 101, 70, ''); --#9P3R1, 29
INSERT INTO appointment (id, date_time, employee_id, patient_id, therapy_id, session_notes) VALUES (725, '2024-01-22T14:00', 127, 101, 70, ''); --#9P3R1, 29
INSERT INTO appointment (id, date_time, employee_id, patient_id, therapy_id, session_notes) VALUES (726, '2024-01-25T14:00', 136, 101, 70, ''); --#9P3R1, 29
INSERT INTO appointment (id, date_time, employee_id, patient_id, therapy_id, session_notes) VALUES (727, '2024-01-29T14:00', 127, 101, 70, ''); --#9P3R1, 29
INSERT INTO appointment (id, date_time, employee_id, patient_id, therapy_id, session_notes) VALUES (728, '2024-01-31T14:00', 127, 101, 70, ''); --#9P3R1, 29
INSERT INTO appointment (id, date_time, employee_id, patient_id, therapy_id, session_notes) VALUES (729, '2024-02-02T14:00', 136, 101, 70, ''); --#9P3R1, 29
INSERT INTO appointment (id, date_time, employee_id, patient_id, therapy_id, session_notes) VALUES (730, '2024-02-05T14:00', 127, 101, 70, ''); --#9P3R1, 29
INSERT INTO appointment (id, date_time, employee_id, patient_id, therapy_id, session_notes) VALUES (731, '2024-02-08T14:00', 136, 101, 70, ''); --#9P3R1, 29
INSERT INTO appointment (id, date_time, employee_id, patient_id, therapy_id, session_notes) VALUES (732, '2024-02-12T14:00', 127, 101, 70, ''); --#9P3R1, 29
INSERT INTO appointment (id, date_time, employee_id, patient_id, therapy_id, session_notes) VALUES (733, '2024-02-14T14:00', 127, 101, 70, ''); --#9P3R1, 29
INSERT INTO appointment (id, date_time, employee_id, patient_id, therapy_id, session_notes) VALUES (734, '2024-02-16T14:00', 127, 101, 70, ''); --#9P3R1, 29
INSERT INTO appointment (id, date_time, employee_id, patient_id, therapy_id, session_notes) VALUES (735, '2024-01-11T11:00', 135, 24, 71, 'Initial assessment completed, started with stretching and foam rolling.'); --#8L2Q4, 14
INSERT INTO appointment (id, date_time, employee_id, patient_id, therapy_id, session_notes) VALUES (736, '2024-01-15T11:00', 130, 24, 71, ''); --#8L2Q4, 14
INSERT INTO appointment (id, date_time, employee_id, patient_id, therapy_id, session_notes) VALUES (737, '2024-01-18T11:00', 135, 24, 71, ''); --#8L2Q4, 14
INSERT INTO appointment (id, date_time, employee_id, patient_id, therapy_id, session_notes) VALUES (738, '2024-01-22T11:00', 130, 24, 71, ''); --#8L2Q4, 14
INSERT INTO appointment (id, date_time, employee_id, patient_id, therapy_id, session_notes) VALUES (739, '2024-01-23T11:00', 148, 24, 71, ''); --#8L2Q4, 14
INSERT INTO appointment (id, date_time, employee_id, patient_id, therapy_id, session_notes) VALUES (740, '2024-01-26T11:00', 139, 24, 71, ''); --#8L2Q4, 14
INSERT INTO appointment (id, date_time, employee_id, patient_id, therapy_id, session_notes) VALUES (741, '2024-01-29T11:00', 145, 24, 71, ''); --#8L2Q4, 14
INSERT INTO appointment (id, date_time, employee_id, patient_id, therapy_id, session_notes) VALUES (742, '2024-02-01T11:00', 132, 24, 71, ''); --#8L2Q4, 14
INSERT INTO appointment (id, date_time, employee_id, patient_id, therapy_id, session_notes) VALUES (743, '2024-01-11T08:00', 142, 81, 72, 'Began with basic range of motion exercises, patient coping well.'); --#4C7X3, 5
INSERT INTO appointment (id, date_time, employee_id, patient_id, therapy_id, session_notes) VALUES (744, '2024-01-15T08:00', 140, 81, 72, ''); --#4C7X3, 5
INSERT INTO appointment (id, date_time, employee_id, patient_id, therapy_id, session_notes) VALUES (745, '2024-01-18T08:00', 130, 81, 72, ''); --#4C7X3, 5
INSERT INTO appointment (id, date_time, employee_id, patient_id, therapy_id, session_notes) VALUES (746, '2024-01-22T08:00', 144, 81, 72, ''); --#4C7X3, 5
INSERT INTO appointment (id, date_time, employee_id, patient_id, therapy_id, session_notes) VALUES (747, '2024-01-24T08:00', 144, 81, 72, ''); --#4C7X3, 5
INSERT INTO appointment (id, date_time, employee_id, patient_id, therapy_id, session_notes) VALUES (748, '2024-01-25T08:00', 137, 81, 72, ''); --#4C7X3, 5
INSERT INTO appointment (id, date_time, employee_id, patient_id, therapy_id, session_notes) VALUES (749, '2024-01-26T08:00', 142, 81, 72, ''); --#4C7X3, 5
INSERT INTO appointment (id, date_time, employee_id, patient_id, therapy_id, session_notes) VALUES (750, '2024-01-29T08:00', 145, 81, 72, ''); --#4C7X3, 5
INSERT INTO appointment (id, date_time, employee_id, patient_id, therapy_id, session_notes) VALUES (751, '2024-02-01T08:00', 132, 81, 72, ''); --#4C7X3, 5
INSERT INTO appointment (id, date_time, employee_id, patient_id, therapy_id, session_notes) VALUES (752, '2024-02-02T08:00', 130, 81, 72, ''); --#4C7X3, 5
INSERT INTO appointment (id, date_time, employee_id, patient_id, therapy_id, session_notes) VALUES (753, '2024-01-15T19:00', 127, 7, 73, ''); --#2J6Z7, 30
INSERT INTO appointment (id, date_time, employee_id, patient_id, therapy_id, session_notes) VALUES (754, '2024-01-16T19:00', 127, 7, 73, ''); --#2J6Z7, 30
INSERT INTO appointment (id, date_time, employee_id, patient_id, therapy_id, session_notes) VALUES (755, '2024-01-17T19:00', 136, 7, 73, ''); --#2J6Z7, 30
INSERT INTO appointment (id, date_time, employee_id, patient_id, therapy_id, session_notes) VALUES (756, '2024-01-19T19:00', 136, 7, 73, ''); --#2J6Z7, 30
INSERT INTO appointment (id, date_time, employee_id, patient_id, therapy_id, session_notes) VALUES (757, '2024-01-22T19:00', 136, 7, 73, ''); --#2J6Z7, 30
INSERT INTO appointment (id, date_time, employee_id, patient_id, therapy_id, session_notes) VALUES (758, '2024-01-24T19:00', 136, 7, 73, ''); --#2J6Z7, 30
INSERT INTO appointment (id, date_time, employee_id, patient_id, therapy_id, session_notes) VALUES (759, '2024-01-29T19:00', 127, 7, 73, ''); --#2J6Z7, 30
INSERT INTO appointment (id, date_time, employee_id, patient_id, therapy_id, session_notes) VALUES (760, '2024-02-01T19:00', 136, 7, 73, ''); --#2J6Z7, 30
INSERT INTO appointment (id, date_time, employee_id, patient_id, therapy_id, session_notes) VALUES (761, '2023-12-27T09:00', 143, 20, 74, 'Began therapy with foot and calf stretching.'); --#6B5Q3, 19
INSERT INTO appointment (id, date_time, employee_id, patient_id, therapy_id, session_notes) VALUES (762, '2023-12-28T09:00', 135, 20, 74, 'Patient reports less heel pain, especially in the mornings.'); --#6B5Q3, 19
INSERT INTO appointment (id, date_time, employee_id, patient_id, therapy_id, session_notes) VALUES (763, '2024-01-01T09:00', 130, 20, 74, 'Good progress, introduced strengthening exercises for foot arch.'); --#6B5Q3, 19
INSERT INTO appointment (id, date_time, employee_id, patient_id, therapy_id, session_notes) VALUES (764, '2024-01-02T09:00', 132, 20, 74, 'Notable reduction in heel pain, arch support exercises effective.'); --#6B5Q3, 19
INSERT INTO appointment (id, date_time, employee_id, patient_id, therapy_id, session_notes) VALUES (765, '2024-01-04T09:00', 126, 20, 74, 'Patient performing daily activities with less discomfort.'); --#6B5Q3, 19
INSERT INTO appointment (id, date_time, employee_id, patient_id, therapy_id, session_notes) VALUES (766, '2024-01-08T09:00', 135, 20, 74, 'Continued improvement in foot function, focusing on flexibility.'); --#6B5Q3, 19
INSERT INTO appointment (id, date_time, employee_id, patient_id, therapy_id, session_notes) VALUES (767, '2024-01-11T09:00', 142, 20, 74, 'Significant gains in foot strength and mobility.'); --#6B5Q3, 19
INSERT INTO appointment (id, date_time, employee_id, patient_id, therapy_id, session_notes) VALUES (768, '2024-01-15T09:00', 146, 20, 74, ''); --#6B5Q3, 19
INSERT INTO appointment (id, date_time, employee_id, patient_id, therapy_id, session_notes) VALUES (769, '2024-01-10T14:00', 137, 86, 75, 'Initiated therapy with basic ankle mobilization.'); --#6W1E6, 18
INSERT INTO appointment (id, date_time, employee_id, patient_id, therapy_id, session_notes) VALUES (770, '2024-01-15T14:00', 135, 86, 75, ''); --#6W1E6, 18
INSERT INTO appointment (id, date_time, employee_id, patient_id, therapy_id, session_notes) VALUES (771, '2024-01-17T14:00', 148, 86, 75, ''); --#6W1E6, 18
INSERT INTO appointment (id, date_time, employee_id, patient_id, therapy_id, session_notes) VALUES (772, '2024-01-18T14:00', 126, 86, 75, ''); --#6W1E6, 18
INSERT INTO appointment (id, date_time, employee_id, patient_id, therapy_id, session_notes) VALUES (773, '2024-01-22T14:00', 148, 86, 75, ''); --#6W1E6, 18
INSERT INTO appointment (id, date_time, employee_id, patient_id, therapy_id, session_notes) VALUES (774, '2024-01-24T14:00', 137, 86, 75, ''); --#6W1E6, 18
INSERT INTO appointment (id, date_time, employee_id, patient_id, therapy_id, session_notes) VALUES (775, '2024-01-25T14:00', 139, 86, 75, ''); --#6W1E6, 18
INSERT INTO appointment (id, date_time, employee_id, patient_id, therapy_id, session_notes) VALUES (776, '2024-01-26T14:00', 126, 86, 75, ''); --#6W1E6, 18
INSERT INTO appointment (id, date_time, employee_id, patient_id, therapy_id, session_notes) VALUES (777, '2024-01-08T18:00', 128, 41, 76, 'Began with relaxation techniques and gentle stretching.'); --#6L2M9, 36
INSERT INTO appointment (id, date_time, employee_id, patient_id, therapy_id, session_notes) VALUES (778, '2024-01-11T18:00', 128, 41, 76, 'Patient reports reduced muscle spasms and tension.'); --#6L2M9, 36
INSERT INTO appointment (id, date_time, employee_id, patient_id, therapy_id, session_notes) VALUES (779, '2024-01-15T18:00', 128, 41, 76, ''); --#6L2M9, 36
INSERT INTO appointment (id, date_time, employee_id, patient_id, therapy_id, session_notes) VALUES (780, '2024-01-18T18:00', 128, 41, 76, ''); --#6L2M9, 36
INSERT INTO appointment (id, date_time, employee_id, patient_id, therapy_id, session_notes) VALUES (781, '2024-01-22T18:00', 147, 41, 76, ''); --#6L2M9, 36
INSERT INTO appointment (id, date_time, employee_id, patient_id, therapy_id, session_notes) VALUES (782, '2024-01-25T18:00', 128, 41, 76, ''); --#6L2M9, 36
INSERT INTO appointment (id, date_time, employee_id, patient_id, therapy_id, session_notes) VALUES (783, '2024-01-04T12:00', 127, 23, 77, ''); --#9P3R1, 29
INSERT INTO appointment (id, date_time, employee_id, patient_id, therapy_id, session_notes) VALUES (784, '2024-01-08T12:00', 136, 23, 77, ''); --#9P3R1, 29
INSERT INTO appointment (id, date_time, employee_id, patient_id, therapy_id, session_notes) VALUES (785, '2024-01-09T12:00', 127, 23, 77, ''); --#9P3R1, 29
INSERT INTO appointment (id, date_time, employee_id, patient_id, therapy_id, session_notes) VALUES (786, '2024-01-10T12:00', 136, 23, 77, ''); --#9P3R1, 29
INSERT INTO appointment (id, date_time, employee_id, patient_id, therapy_id, session_notes) VALUES (787, '2024-01-15T12:00', 136, 23, 77, ''); --#9P3R1, 29
INSERT INTO appointment (id, date_time, employee_id, patient_id, therapy_id, session_notes) VALUES (788, '2024-01-16T12:00', 127, 23, 77, ''); --#9P3R1, 29
INSERT INTO appointment (id, date_time, employee_id, patient_id, therapy_id, session_notes) VALUES (789, '2024-01-18T12:00', 136, 23, 77, ''); --#9P3R1, 29
INSERT INTO appointment (id, date_time, employee_id, patient_id, therapy_id, session_notes) VALUES (790, '2024-01-22T12:00', 127, 23, 77, ''); --#9P3R1, 29
INSERT INTO appointment (id, date_time, employee_id, patient_id, therapy_id, session_notes) VALUES (791, '2024-01-25T12:00', 127, 23, 77, ''); --#9P3R1, 29
INSERT INTO appointment (id, date_time, employee_id, patient_id, therapy_id, session_notes) VALUES (792, '2024-01-29T12:00', 127, 23, 77, ''); --#9P3R1, 29
INSERT INTO appointment (id, date_time, employee_id, patient_id, therapy_id, session_notes) VALUES (793, '2024-02-01T12:00', 127, 23, 77, ''); --#9P3R1, 29
INSERT INTO appointment (id, date_time, employee_id, patient_id, therapy_id, session_notes) VALUES (794, '2024-02-05T12:00', 136, 23, 77, ''); --#9P3R1, 29
INSERT INTO appointment (id, date_time, employee_id, patient_id, therapy_id, session_notes) VALUES (795, '2024-02-06T12:00', 136, 23, 77, ''); --#9P3R1, 29
INSERT INTO appointment (id, date_time, employee_id, patient_id, therapy_id, session_notes) VALUES (796, '2024-02-07T12:00', 127, 23, 77, ''); --#9P3R1, 29
INSERT INTO appointment (id, date_time, employee_id, patient_id, therapy_id, session_notes) VALUES (797, '2024-02-12T12:00', 136, 23, 77, ''); --#9P3R1, 29
INSERT INTO appointment (id, date_time, employee_id, patient_id, therapy_id, session_notes) VALUES (798, '2024-02-15T12:00', 127, 23, 77, ''); --#9P3R1, 29
INSERT INTO appointment (id, date_time, employee_id, patient_id, therapy_id, session_notes) VALUES (799, '2024-02-19T12:00', 127, 23, 77, ''); --#9P3R1, 29
INSERT INTO appointment (id, date_time, employee_id, patient_id, therapy_id, session_notes) VALUES (800, '2024-02-20T12:00', 127, 23, 77, ''); --#9P3R1, 29
INSERT INTO appointment (id, date_time, employee_id, patient_id, therapy_id, session_notes) VALUES (801, '2024-02-23T12:00', 127, 23, 77, ''); --#9P3R1, 29
INSERT INTO appointment (id, date_time, employee_id, patient_id, therapy_id, session_notes) VALUES (802, '2024-02-26T12:00', 136, 23, 77, ''); --#9P3R1, 29
INSERT INTO appointment (id, date_time, employee_id, patient_id, therapy_id, session_notes) VALUES (803, '2024-01-01T15:00', 139, 27, 78, 'Began with basic knee mobilization, patient tolerating well.'); --#6F2G1, 13
INSERT INTO appointment (id, date_time, employee_id, patient_id, therapy_id, session_notes) VALUES (804, '2024-01-04T15:00', 126, 27, 78, 'Slight improvement in knee movement, pain management effective.'); --#6F2G1, 13
INSERT INTO appointment (id, date_time, employee_id, patient_id, therapy_id, session_notes) VALUES (805, '2024-01-05T15:00', 148, 27, 78, 'Patient shows progress in strength, introduced more dynamic exercises.'); --#6F2G1, 13
INSERT INTO appointment (id, date_time, employee_id, patient_id, therapy_id, session_notes) VALUES (806, '2024-01-08T15:00', 135, 27, 78, 'Notable improvement in knee function, reduced discomfort.'); --#6F2G1, 13
INSERT INTO appointment (id, date_time, employee_id, patient_id, therapy_id, session_notes) VALUES (807, '2024-01-09T15:00', 142, 27, 78, 'Patient able to perform daily activities with less pain.'); --#6F2G1, 13
INSERT INTO appointment (id, date_time, employee_id, patient_id, therapy_id, session_notes) VALUES (808, '2024-01-12T15:00', 148, 27, 78, 'Continued progress, focusing on knee stability.'); --#6F2G1, 13
INSERT INTO appointment (id, date_time, employee_id, patient_id, therapy_id, session_notes) VALUES (809, '2024-01-15T15:00', 135, 27, 78, ''); --#6F2G1, 13
INSERT INTO appointment (id, date_time, employee_id, patient_id, therapy_id, session_notes) VALUES (810, '2024-01-17T15:00', 132, 27, 78, ''); --#6F2G1, 13
INSERT INTO appointment (id, date_time, employee_id, patient_id, therapy_id, session_notes) VALUES (811, '2024-01-12T10:00', 130, 46, 79, 'Started with gentle hip mobilization exercises.'); --#2T8L4, 17
INSERT INTO appointment (id, date_time, employee_id, patient_id, therapy_id, session_notes) VALUES (812, '2024-01-15T10:00', 132, 46, 79, ''); --#2T8L4, 17
INSERT INTO appointment (id, date_time, employee_id, patient_id, therapy_id, session_notes) VALUES (813, '2024-01-18T10:00', 132, 46, 79, ''); --#2T8L4, 17
INSERT INTO appointment (id, date_time, employee_id, patient_id, therapy_id, session_notes) VALUES (814, '2024-01-22T10:00', 130, 46, 79, ''); --#2T8L4, 17
INSERT INTO appointment (id, date_time, employee_id, patient_id, therapy_id, session_notes) VALUES (815, '2024-01-25T10:00', 146, 46, 79, ''); --#2T8L4, 17
INSERT INTO appointment (id, date_time, employee_id, patient_id, therapy_id, session_notes) VALUES (816, '2024-01-26T10:00', 144, 46, 79, ''); --#2T8L4, 17
INSERT INTO appointment (id, date_time, employee_id, patient_id, therapy_id, session_notes) VALUES (817, '2024-01-29T10:00', 137, 46, 79, ''); --#2T8L4, 17
INSERT INTO appointment (id, date_time, employee_id, patient_id, therapy_id, session_notes) VALUES (818, '2024-01-31T10:00', 144, 46, 79, ''); --#2T8L4, 17
INSERT INTO appointment (id, date_time, employee_id, patient_id, therapy_id, session_notes) VALUES (819, '2024-02-05T10:00', 126, 46, 79, ''); --#2T8L4, 17
INSERT INTO appointment (id, date_time, employee_id, patient_id, therapy_id, session_notes) VALUES (820, '2024-02-08T10:00', 145, 46, 79, ''); --#2T8L4, 17
INSERT INTO appointment (id, date_time, employee_id, patient_id, therapy_id, session_notes) VALUES (821, '2023-12-28T09:00', 144, 6, 80, 'Initiated therapy focusing on sciatic nerve relief.'); --#9P1H4, 22
INSERT INTO appointment (id, date_time, employee_id, patient_id, therapy_id, session_notes) VALUES (822, '2023-12-29T09:00', 132, 6, 80, 'Patient reports less leg pain and improved comfort while sitting.'); --#9P1H4, 22
INSERT INTO appointment (id, date_time, employee_id, patient_id, therapy_id, session_notes) VALUES (823, '2024-01-01T09:00', 132, 6, 80, 'Good progress, introduced back and hip stretching.'); --#9P1H4, 22
INSERT INTO appointment (id, date_time, employee_id, patient_id, therapy_id, session_notes) VALUES (824, '2024-01-03T09:00', 144, 6, 80, 'Notable reduction in sciatic pain, improved mobility.'); --#9P1H4, 22
INSERT INTO appointment (id, date_time, employee_id, patient_id, therapy_id, session_notes) VALUES (825, '2024-01-04T09:00', 130, 6, 80, 'Patient able to walk and sit for longer periods with less discomfort.'); --#9P1H4, 22
INSERT INTO appointment (id, date_time, employee_id, patient_id, therapy_id, session_notes) VALUES (826, '2024-01-08T09:00', 130, 6, 80, 'Continued improvement, focusing on back and hip strength.'); --#9P1H4, 22
INSERT INTO appointment (id, date_time, employee_id, patient_id, therapy_id, session_notes) VALUES (827, '2024-01-10T09:00', 141, 6, 80, 'Significant relief from sciatica symptoms, patient advised on long-term care.'); --#9P1H4, 22
INSERT INTO appointment (id, date_time, employee_id, patient_id, therapy_id, session_notes) VALUES (828, '2024-01-10T11:00', 135, 105, 81, 'Began with basic knee mobilization, patient tolerating well.'); --#6F2G1, 13
INSERT INTO appointment (id, date_time, employee_id, patient_id, therapy_id, session_notes) VALUES (829, '2024-01-12T11:00', 137, 105, 81, 'Slight improvement in knee movement, pain management effective.'); --#6F2G1, 13
INSERT INTO appointment (id, date_time, employee_id, patient_id, therapy_id, session_notes) VALUES (830, '2024-01-15T11:00', 130, 105, 81, ''); --#6F2G1, 13
INSERT INTO appointment (id, date_time, employee_id, patient_id, therapy_id, session_notes) VALUES (831, '2024-01-18T11:00', 126, 105, 81, ''); --#6F2G1, 13
INSERT INTO appointment (id, date_time, employee_id, patient_id, therapy_id, session_notes) VALUES (832, '2024-01-22T11:00', 137, 105, 81, ''); --#6F2G1, 13
INSERT INTO appointment (id, date_time, employee_id, patient_id, therapy_id, session_notes) VALUES (833, '2024-01-24T11:00', 144, 105, 81, ''); --#6F2G1, 13
INSERT INTO appointment (id, date_time, employee_id, patient_id, therapy_id, session_notes) VALUES (834, '2024-01-26T11:00', 132, 105, 81, ''); --#6F2G1, 13
INSERT INTO appointment (id, date_time, employee_id, patient_id, therapy_id, session_notes) VALUES (835, '2024-01-29T11:00', 142, 105, 81, ''); --#6F2G1, 13
INSERT INTO appointment (id, date_time, employee_id, patient_id, therapy_id, session_notes) VALUES (836, '2023-12-29T15:00', 135, 13, 82, 'Began therapy with foot and calf stretching.'); --#6B5Q3, 19
INSERT INTO appointment (id, date_time, employee_id, patient_id, therapy_id, session_notes) VALUES (837, '2024-01-01T15:00', 140, 13, 82, 'Patient reports less heel pain, especially in the mornings.'); --#6B5Q3, 19
INSERT INTO appointment (id, date_time, employee_id, patient_id, therapy_id, session_notes) VALUES (838, '2024-01-04T15:00', 132, 13, 82, 'Good progress, introduced strengthening exercises for foot arch.'); --#6B5Q3, 19
INSERT INTO appointment (id, date_time, employee_id, patient_id, therapy_id, session_notes) VALUES (839, '2024-01-05T15:00', 148, 13, 82, 'Notable reduction in heel pain, arch support exercises effective.'); --#6B5Q3, 19
INSERT INTO appointment (id, date_time, employee_id, patient_id, therapy_id, session_notes) VALUES (840, '2024-01-08T15:00', 135, 13, 82, 'Patient performing daily activities with less discomfort.'); --#6B5Q3, 19
INSERT INTO appointment (id, date_time, employee_id, patient_id, therapy_id, session_notes) VALUES (841, '2024-01-10T15:00', 132, 13, 82, 'Continued improvement in foot function, focusing on flexibility.'); --#6B5Q3, 19
INSERT INTO appointment (id, date_time, employee_id, patient_id, therapy_id, session_notes) VALUES (842, '2024-01-15T15:00', 141, 13, 82, ''); --#6B5Q3, 19
INSERT INTO appointment (id, date_time, employee_id, patient_id, therapy_id, session_notes) VALUES (843, '2024-01-16T15:00', 146, 13, 82, ''); --#6B5Q3, 19
INSERT INTO appointment (id, date_time, employee_id, patient_id, therapy_id, session_notes) VALUES (844, '2024-01-02T16:00', 143, 32, 83, 'Started with gentle hip mobilization exercises.'); --#2T8L4, 17
INSERT INTO appointment (id, date_time, employee_id, patient_id, therapy_id, session_notes) VALUES (845, '2024-01-04T16:00', 144, 32, 83, 'Patient reports reduced hip pain, improved mobility.'); --#2T8L4, 17
INSERT INTO appointment (id, date_time, employee_id, patient_id, therapy_id, session_notes) VALUES (846, '2024-01-05T16:00', 148, 32, 83, 'Good progress, introduced hip strengthening exercises.'); --#2T8L4, 17
INSERT INTO appointment (id, date_time, employee_id, patient_id, therapy_id, session_notes) VALUES (847, '2024-01-08T16:00', 137, 32, 83, 'Notable improvement in hip function, pain reducing.'); --#2T8L4, 17
INSERT INTO appointment (id, date_time, employee_id, patient_id, therapy_id, session_notes) VALUES (848, '2024-01-10T16:00', 130, 32, 83, 'Patient able to walk and sit with less discomfort.'); --#2T8L4, 17
INSERT INTO appointment (id, date_time, employee_id, patient_id, therapy_id, session_notes) VALUES (849, '2024-01-12T16:00', 140, 32, 83, 'Continued improvement, focusing on flexibility and strength.'); --#2T8L4, 17
INSERT INTO appointment (id, date_time, employee_id, patient_id, therapy_id, session_notes) VALUES (850, '2024-01-15T16:00', 143, 32, 83, ''); --#2T8L4, 17
INSERT INTO appointment (id, date_time, employee_id, patient_id, therapy_id, session_notes) VALUES (851, '2024-01-18T16:00', 135, 32, 83, ''); --#2T8L4, 17
INSERT INTO appointment (id, date_time, employee_id, patient_id, therapy_id, session_notes) VALUES (852, '2024-01-19T16:00', 140, 32, 83, ''); --#2T8L4, 17
INSERT INTO appointment (id, date_time, employee_id, patient_id, therapy_id, session_notes) VALUES (853, '2024-01-22T16:00', 142, 32, 83, ''); --#2T8L4, 17
INSERT INTO appointment (id, date_time, employee_id, patient_id, therapy_id, session_notes) VALUES (854, '2023-12-22T14:00', 136, 98, 84, 'Began with basic motor skill exercises, patient showing initial progress.'); --#9P3R1, 29
INSERT INTO appointment (id, date_time, employee_id, patient_id, therapy_id, session_notes) VALUES (855, '2023-12-25T14:00', 127, 98, 84, 'Slight improvement in limb coordination and strength.'); --#9P3R1, 29
INSERT INTO appointment (id, date_time, employee_id, patient_id, therapy_id, session_notes) VALUES (856, '2023-12-27T14:00', 127, 98, 84, 'Patient demonstrates increased ability in daily tasks.'); --#9P3R1, 29
INSERT INTO appointment (id, date_time, employee_id, patient_id, therapy_id, session_notes) VALUES (857, '2024-01-01T14:00', 136, 98, 84, 'Good progress in regaining motor control, focusing on balance.'); --#9P3R1, 29
INSERT INTO appointment (id, date_time, employee_id, patient_id, therapy_id, session_notes) VALUES (858, '2024-01-04T14:00', 127, 98, 84, 'Notable gains in speech and cognitive functions.'); --#9P3R1, 29
INSERT INTO appointment (id, date_time, employee_id, patient_id, therapy_id, session_notes) VALUES (859, '2024-01-05T14:00', 127, 98, 84, 'Continued improvement in walking and movement coordination.'); --#9P3R1, 29
INSERT INTO appointment (id, date_time, employee_id, patient_id, therapy_id, session_notes) VALUES (860, '2024-01-08T14:00', 136, 98, 84, 'Significant progress in overall recovery from stroke.'); --#9P3R1, 29
INSERT INTO appointment (id, date_time, employee_id, patient_id, therapy_id, session_notes) VALUES (861, '2024-01-11T14:00', 127, 98, 84, 'Patient able to perform more complex tasks with less difficulty.'); --#9P3R1, 29
INSERT INTO appointment (id, date_time, employee_id, patient_id, therapy_id, session_notes) VALUES (862, '2024-01-15T14:00', 136, 98, 84, ''); --#9P3R1, 29
INSERT INTO appointment (id, date_time, employee_id, patient_id, therapy_id, session_notes) VALUES (863, '2024-01-17T14:00', 127, 98, 84, ''); --#9P3R1, 29
INSERT INTO appointment (id, date_time, employee_id, patient_id, therapy_id, session_notes) VALUES (864, '2024-01-19T14:00', 136, 98, 84, ''); --#9P3R1, 29
INSERT INTO appointment (id, date_time, employee_id, patient_id, therapy_id, session_notes) VALUES (865, '2024-01-22T14:00', 127, 98, 84, ''); --#9P3R1, 29
INSERT INTO appointment (id, date_time, employee_id, patient_id, therapy_id, session_notes) VALUES (866, '2024-01-23T14:00', 136, 98, 84, ''); --#9P3R1, 29
INSERT INTO appointment (id, date_time, employee_id, patient_id, therapy_id, session_notes) VALUES (867, '2024-01-26T14:00', 127, 98, 84, ''); --#9P3R1, 29
INSERT INTO appointment (id, date_time, employee_id, patient_id, therapy_id, session_notes) VALUES (868, '2024-01-29T14:00', 136, 98, 84, ''); --#9P3R1, 29
INSERT INTO appointment (id, date_time, employee_id, patient_id, therapy_id, session_notes) VALUES (869, '2024-02-01T14:00', 127, 98, 84, ''); --#9P3R1, 29
INSERT INTO appointment (id, date_time, employee_id, patient_id, therapy_id, session_notes) VALUES (870, '2024-02-02T14:00', 136, 98, 84, ''); --#9P3R1, 29
INSERT INTO appointment (id, date_time, employee_id, patient_id, therapy_id, session_notes) VALUES (871, '2024-02-05T14:00', 127, 98, 84, ''); --#9P3R1, 29
INSERT INTO appointment (id, date_time, employee_id, patient_id, therapy_id, session_notes) VALUES (872, '2024-02-08T14:00', 136, 98, 84, ''); --#9P3R1, 29
INSERT INTO appointment (id, date_time, employee_id, patient_id, therapy_id, session_notes) VALUES (873, '2024-02-12T14:00', 136, 98, 84, ''); --#9P3R1, 29
INSERT INTO appointment (id, date_time, employee_id, patient_id, therapy_id, session_notes) VALUES (874, '2024-01-15T12:00', 142, 15, 85, ''); --#6F2G1, 13
INSERT INTO appointment (id, date_time, employee_id, patient_id, therapy_id, session_notes) VALUES (875, '2024-01-16T12:00', 137, 15, 85, ''); --#6F2G1, 13
INSERT INTO appointment (id, date_time, employee_id, patient_id, therapy_id, session_notes) VALUES (876, '2024-01-19T12:00', 148, 15, 85, ''); --#6F2G1, 13
INSERT INTO appointment (id, date_time, employee_id, patient_id, therapy_id, session_notes) VALUES (877, '2024-01-22T12:00', 148, 15, 85, ''); --#6F2G1, 13
INSERT INTO appointment (id, date_time, employee_id, patient_id, therapy_id, session_notes) VALUES (878, '2024-01-25T12:00', 137, 15, 85, ''); --#6F2G1, 13
INSERT INTO appointment (id, date_time, employee_id, patient_id, therapy_id, session_notes) VALUES (879, '2024-01-26T12:00', 139, 15, 85, ''); --#6F2G1, 13
INSERT INTO appointment (id, date_time, employee_id, patient_id, therapy_id, session_notes) VALUES (880, '2024-01-29T12:00', 140, 15, 85, ''); --#6F2G1, 13
INSERT INTO appointment (id, date_time, employee_id, patient_id, therapy_id, session_notes) VALUES (881, '2024-02-01T12:00', 137, 15, 85, ''); --#6F2G1, 13