INSERT INTO _user (status, id, email, first_name, last_name, password, role) VALUES ('ACTIVE', 6000, 'admin@medbay.life', 'John', 'Doe', '$2a$12$SeGau0IRVXpWhR/ISf6D1.p3.MhM4MGftXAwpkuN3g9oATdCEbjeO', 'ADMIN'); --med123bay
--password : password
INSERT INTO _user (created_at, id, email, first_name, last_name, password, role, status) VALUES ('2023-01-08T01:07', 1, 'željana.šimić@yahoo.com', 'Željana', 'Šimić', '$2a$12$MlnyH21ePO39K3ufi9qxO.MXpbIJqThmjnuR0J8mqqhxizKIeqeC6', 'PATIENT', 'ACTIVE');
INSERT INTO patient (id, date_of_birth, address, mbo, phone_number) VALUES (1, '1955-06-08', 'Ulica kneza Mislava 43', '5770257924', '0956017346');
INSERT INTO _user (created_at, id, email, first_name, last_name, password, role, status) VALUES ('2023-12-07T05:13', 2, 'korina.grubišić@outlook.com', 'Korina', 'Grubišić', '$2a$12$MlnyH21ePO39K3ufi9qxO.MXpbIJqThmjnuR0J8mqqhxizKIeqeC6', 'PATIENT', 'ACTIVE');
INSERT INTO patient (id, date_of_birth, address, mbo, phone_number) VALUES (2, '1970-01-03', 'Krvavi most 16', '9431489538', '0925040995');
INSERT INTO _user (created_at, id, email, first_name, last_name, password, role, status) VALUES ('2022-09-09T10:08', 3, 'regina.petrović@yahoo.com', 'Regina', 'Petrović', '$2a$12$MlnyH21ePO39K3ufi9qxO.MXpbIJqThmjnuR0J8mqqhxizKIeqeC6', 'PATIENT', 'ACTIVE');
INSERT INTO patient (id, date_of_birth, address, mbo, phone_number) VALUES (3, '1953-11-06', 'Amruševa 47', '3767946689', '0987371136');
INSERT INTO _user (created_at, id, email, first_name, last_name, password, role, status) VALUES ('2022-10-14T17:52', 4, 'mia.bošnjak@yahoo.com', 'Mia', 'Bošnjak', '$2a$12$MlnyH21ePO39K3ufi9qxO.MXpbIJqThmjnuR0J8mqqhxizKIeqeC6', 'PATIENT', 'ACTIVE');
INSERT INTO patient (id, date_of_birth, address, mbo, phone_number) VALUES (4, '1986-08-18', 'Deželićeva 30', '5681062102', '0978865320');
INSERT INTO _user (created_at, id, email, first_name, last_name, password, role, status) VALUES ('2023-07-21T10:24', 5, 'cvita.vlašić@icloud.com', 'Cvita', 'Vlašić', '$2a$12$MlnyH21ePO39K3ufi9qxO.MXpbIJqThmjnuR0J8mqqhxizKIeqeC6', 'PATIENT', 'ACTIVE');
INSERT INTO patient (id, date_of_birth, address, mbo, phone_number) VALUES (5, '1960-06-12', 'Šoštarićeva 42', '3259976205', '0985223255');
INSERT INTO _user (created_at, id, email, first_name, last_name, password, role, status) VALUES ('2023-04-09T20:14', 6, 'đurđa.špoljarić@icloud.com', 'Đurđa', 'Špoljarić', '$2a$12$MlnyH21ePO39K3ufi9qxO.MXpbIJqThmjnuR0J8mqqhxizKIeqeC6', 'PATIENT', 'ACTIVE');
INSERT INTO patient (id, date_of_birth, address, mbo, phone_number) VALUES (6, '1986-03-25', 'Sermageova 22', '0808313347', '0972135634');
INSERT INTO _user (created_at, id, email, first_name, last_name, password, role, status) VALUES ('2023-02-06T23:18', 7, 'đurđica.stipić@outlook.com', 'Đurđica', 'Stipić', '$2a$12$MlnyH21ePO39K3ufi9qxO.MXpbIJqThmjnuR0J8mqqhxizKIeqeC6', 'PATIENT', 'ACTIVE');
INSERT INTO patient (id, date_of_birth, address, mbo, phone_number) VALUES (7, '1953-02-24', 'Gajeva 07', '9738761358', '0981126210');
INSERT INTO _user (created_at, id, email, first_name, last_name, password, role, status) VALUES ('2023-12-14T21:46', 8, 'zdravka.đukić@icloud.com', 'Zdravka', 'Đukić', '$2a$12$MlnyH21ePO39K3ufi9qxO.MXpbIJqThmjnuR0J8mqqhxizKIeqeC6', 'PATIENT', 'ACTIVE');
INSERT INTO patient (id, date_of_birth, address, mbo, phone_number) VALUES (8, '1959-08-10', 'Cesarčeva 39', '2511154520', '0928852374');
INSERT INTO _user (created_at, id, email, first_name, last_name, password, role, status) VALUES ('2023-04-07T15:54', 9, 'zvjezdana.kovačić@outlook.com', 'Zvjezdana', 'Kovačić', '$2a$12$MlnyH21ePO39K3ufi9qxO.MXpbIJqThmjnuR0J8mqqhxizKIeqeC6', 'PATIENT', 'ACTIVE');
INSERT INTO patient (id, date_of_birth, address, mbo, phone_number) VALUES (9, '1968-05-01', 'Ulica Ljudevita Posavskog 26', '8058465136', '0971477016');
INSERT INTO _user (created_at, id, email, first_name, last_name, password, role, status) VALUES ('2022-08-25T16:19', 10, 'iris.kos@icloud.com', 'Iris', 'Kos', '$2a$12$MlnyH21ePO39K3ufi9qxO.MXpbIJqThmjnuR0J8mqqhxizKIeqeC6', 'PATIENT', 'ACTIVE');
INSERT INTO patient (id, date_of_birth, address, mbo, phone_number) VALUES (10, '1983-03-28', 'Bauerova 33', '5658466294', '0956143156');
INSERT INTO _user (created_at, id, email, first_name, last_name, password, role, status) VALUES ('2023-07-19T08:46', 11, 'cvita.sekulić@gmail.com', 'Cvita', 'Sekulić', '$2a$12$MlnyH21ePO39K3ufi9qxO.MXpbIJqThmjnuR0J8mqqhxizKIeqeC6', 'PATIENT', 'ACTIVE');
INSERT INTO patient (id, date_of_birth, address, mbo, phone_number) VALUES (11, '1965-01-19', 'Ulica kneza Domagoja 44', '0953074064', '0928391527');
INSERT INTO _user (created_at, id, email, first_name, last_name, password, role, status) VALUES ('2023-07-15T04:35', 12, 'margita.radočaj@outlook.com', 'Margita', 'Radočaj', '$2a$12$MlnyH21ePO39K3ufi9qxO.MXpbIJqThmjnuR0J8mqqhxizKIeqeC6', 'PATIENT', 'ACTIVE');
INSERT INTO patient (id, date_of_birth, address, mbo, phone_number) VALUES (12, '1977-02-28', 'Trg hrvatskih velikana 47', '5988184939', '0920527144');
INSERT INTO _user (created_at, id, email, first_name, last_name, password, role, status) VALUES ('2022-11-03T03:39', 13, 'sanda.valentić@yahoo.com', 'Sanda', 'Valentić', '$2a$12$MlnyH21ePO39K3ufi9qxO.MXpbIJqThmjnuR0J8mqqhxizKIeqeC6', 'PATIENT', 'ACTIVE');
INSERT INTO patient (id, date_of_birth, address, mbo, phone_number) VALUES (13, '1982-06-29', 'Nodilova 01', '2513279531', '0920865675');
INSERT INTO _user (created_at, id, email, first_name, last_name, password, role, status) VALUES ('2023-08-07T12:09', 14, 'olga.perić@gmail.com', 'Olga', 'Perić', '$2a$12$MlnyH21ePO39K3ufi9qxO.MXpbIJqThmjnuR0J8mqqhxizKIeqeC6', 'PATIENT', 'ACTIVE');
INSERT INTO patient (id, date_of_birth, address, mbo, phone_number) VALUES (14, '1998-02-06', 'Martićeva 07', '8893939141', '0918503072');
INSERT INTO _user (created_at, id, email, first_name, last_name, password, role, status) VALUES ('2022-12-13T02:44', 15, 'jasmina.dujmović@yahoo.com', 'Jasmina', 'Dujmović', '$2a$12$MlnyH21ePO39K3ufi9qxO.MXpbIJqThmjnuR0J8mqqhxizKIeqeC6', 'PATIENT', 'ACTIVE');
INSERT INTO patient (id, date_of_birth, address, mbo, phone_number) VALUES (15, '1962-08-05', 'Ilica 49', '6380757607', '0959326910');
INSERT INTO _user (created_at, id, email, first_name, last_name, password, role, status) VALUES ('2022-08-12T16:17', 16, 'majda.vidović@gmail.com', 'Majda', 'Vidović', '$2a$12$MlnyH21ePO39K3ufi9qxO.MXpbIJqThmjnuR0J8mqqhxizKIeqeC6', 'PATIENT', 'ACTIVE');
INSERT INTO patient (id, date_of_birth, address, mbo, phone_number) VALUES (16, '1964-12-02', 'Antuna Vrančića 48', '8473764383', '0983254445');
INSERT INTO _user (created_at, id, email, first_name, last_name, password, role, status) VALUES ('2023-05-02T16:49', 17, 'spomenka.pejić@yahoo.com', 'Spomenka', 'Pejić', '$2a$12$MlnyH21ePO39K3ufi9qxO.MXpbIJqThmjnuR0J8mqqhxizKIeqeC6', 'PATIENT', 'ACTIVE');
INSERT INTO patient (id, date_of_birth, address, mbo, phone_number) VALUES (17, '1965-03-22', 'Petrinjska 46', '9908792852', '0977922164');
INSERT INTO _user (created_at, id, email, first_name, last_name, password, role, status) VALUES ('2023-11-14T17:51', 18, 'nika.krznarić@gmail.com', 'Nika', 'Krznarić', '$2a$12$MlnyH21ePO39K3ufi9qxO.MXpbIJqThmjnuR0J8mqqhxizKIeqeC6', 'PATIENT', 'ACTIVE');
INSERT INTO patient (id, date_of_birth, address, mbo, phone_number) VALUES (18, '1995-04-11', 'Rusanova 20', '0862904277', '0921568301');
INSERT INTO _user (created_at, id, email, first_name, last_name, password, role, status) VALUES ('2022-09-29T11:38', 19, 'tereza.martinović@outlook.com', 'Tereza', 'Martinović', '$2a$12$MlnyH21ePO39K3ufi9qxO.MXpbIJqThmjnuR0J8mqqhxizKIeqeC6', 'PATIENT', 'ACTIVE');
INSERT INTO patient (id, date_of_birth, address, mbo, phone_number) VALUES (19, '1969-04-06', 'Ulica Ivana Trnskog 41', '5063496018', '0959306474');
INSERT INTO _user (created_at, id, email, first_name, last_name, password, role, status) VALUES ('2022-10-10T01:21', 20, 'željana.ružić@yahoo.com', 'Željana', 'Ružić', '$2a$12$MlnyH21ePO39K3ufi9qxO.MXpbIJqThmjnuR0J8mqqhxizKIeqeC6', 'PATIENT', 'ACTIVE');
INSERT INTO patient (id, date_of_birth, address, mbo, phone_number) VALUES (20, '1963-06-23', 'Rokova ulica 25', '6861624794', '0910044079');
INSERT INTO _user (created_at, id, email, first_name, last_name, password, role, status) VALUES ('2023-07-02T06:07', 21, 'sara.antunović@outlook.com', 'Sara', 'Antunović', '$2a$12$MlnyH21ePO39K3ufi9qxO.MXpbIJqThmjnuR0J8mqqhxizKIeqeC6', 'PATIENT', 'ACTIVE');
INSERT INTO patient (id, date_of_birth, address, mbo, phone_number) VALUES (21, '1977-11-15', 'Laginjina 17', '3083766406', '0979595851');
INSERT INTO _user (created_at, id, email, first_name, last_name, password, role, status) VALUES ('2023-10-03T20:38', 22, 'jela.lončar@gmail.com', 'Jela', 'Lončar', '$2a$12$MlnyH21ePO39K3ufi9qxO.MXpbIJqThmjnuR0J8mqqhxizKIeqeC6', 'PATIENT', 'ACTIVE');
INSERT INTO patient (id, date_of_birth, address, mbo, phone_number) VALUES (22, '1972-08-01', 'Ribnjak 09', '5782926976', '0914758693');
INSERT INTO _user (created_at, id, email, first_name, last_name, password, role, status) VALUES ('2023-06-13T19:22', 23, 'mirna.jukić@outlook.com', 'Mirna', 'Jukić', '$2a$12$MlnyH21ePO39K3ufi9qxO.MXpbIJqThmjnuR0J8mqqhxizKIeqeC6', 'PATIENT', 'ACTIVE');
INSERT INTO patient (id, date_of_birth, address, mbo, phone_number) VALUES (23, '1996-04-25', 'Bogišićeva 22', '1682785128', '0972454954');
INSERT INTO _user (created_at, id, email, first_name, last_name, password, role, status) VALUES ('2023-09-28T08:13', 24, 'božana.delić@outlook.com', 'Božana', 'Delić', '$2a$12$MlnyH21ePO39K3ufi9qxO.MXpbIJqThmjnuR0J8mqqhxizKIeqeC6', 'PATIENT', 'ACTIVE');
INSERT INTO patient (id, date_of_birth, address, mbo, phone_number) VALUES (24, '1952-05-08', 'Bogišićeva 30', '9246405274', '0958608942');
INSERT INTO _user (created_at, id, email, first_name, last_name, password, role, status) VALUES ('2023-03-16T09:09', 25, 'branislava.stojanović@yahoo.com', 'Branislava', 'Stojanović', '$2a$12$MlnyH21ePO39K3ufi9qxO.MXpbIJqThmjnuR0J8mqqhxizKIeqeC6', 'PATIENT', 'ACTIVE');
INSERT INTO patient (id, date_of_birth, address, mbo, phone_number) VALUES (25, '1962-10-15', 'Mrazovićeva 34', '6510505543', '0919174798');
INSERT INTO _user (created_at, id, email, first_name, last_name, password, role, status) VALUES ('2022-08-28T06:12', 26, 'katica.stanić@gmail.com', 'Katica', 'Stanić', '$2a$12$MlnyH21ePO39K3ufi9qxO.MXpbIJqThmjnuR0J8mqqhxizKIeqeC6', 'PATIENT', 'ACTIVE');
INSERT INTO patient (id, date_of_birth, address, mbo, phone_number) VALUES (26, '2001-01-22', 'Mažuranićev trg 40', '8755867594', '0928036082');
INSERT INTO _user (created_at, id, email, first_name, last_name, password, role, status) VALUES ('2022-11-01T02:54', 27, 'vjera.sabljak@gmail.com', 'Vjera', 'Sabljak', '$2a$12$MlnyH21ePO39K3ufi9qxO.MXpbIJqThmjnuR0J8mqqhxizKIeqeC6', 'PATIENT', 'ACTIVE');
INSERT INTO patient (id, date_of_birth, address, mbo, phone_number) VALUES (27, '1967-02-23', 'Ulica fra Filipa Grabovca 22', '8673856162', '0910393786');
INSERT INTO _user (created_at, id, email, first_name, last_name, password, role, status) VALUES ('2023-03-16T14:58', 28, 'erna.tomić@icloud.com', 'Erna', 'Tomić', '$2a$12$MlnyH21ePO39K3ufi9qxO.MXpbIJqThmjnuR0J8mqqhxizKIeqeC6', 'PATIENT', 'ACTIVE');
INSERT INTO patient (id, date_of_birth, address, mbo, phone_number) VALUES (28, '1973-10-25', 'Kružićeva 37', '3075653987', '0917809294');
INSERT INTO _user (created_at, id, email, first_name, last_name, password, role, status) VALUES ('2023-07-25T18:00', 29, 'željkica.andrić@icloud.com', 'Željkica', 'Andrić', '$2a$12$MlnyH21ePO39K3ufi9qxO.MXpbIJqThmjnuR0J8mqqhxizKIeqeC6', 'PATIENT', 'ACTIVE');
INSERT INTO patient (id, date_of_birth, address, mbo, phone_number) VALUES (29, '1980-04-06', 'Hebrangova 20', '9174776918', '0914955345');
INSERT INTO _user (created_at, id, email, first_name, last_name, password, role, status) VALUES ('2023-06-16T03:07', 30, 'kristina.tadić@yahoo.com', 'Kristina', 'Tadić', '$2a$12$MlnyH21ePO39K3ufi9qxO.MXpbIJqThmjnuR0J8mqqhxizKIeqeC6', 'PATIENT', 'ACTIVE');
INSERT INTO patient (id, date_of_birth, address, mbo, phone_number) VALUES (30, '1962-12-26', 'Bogišićeva 26', '3400165671', '0923476986');
INSERT INTO _user (created_at, id, email, first_name, last_name, password, role, status) VALUES ('2023-03-10T00:17', 31, 'vjekoslava.abramović@gmail.com', 'Vjekoslava', 'Abramović', '$2a$12$MlnyH21ePO39K3ufi9qxO.MXpbIJqThmjnuR0J8mqqhxizKIeqeC6', 'PATIENT', 'ACTIVE');
INSERT INTO patient (id, date_of_birth, address, mbo, phone_number) VALUES (31, '1986-07-20', 'Ivana Belostenca 37', '4471415020', '0957005104');
INSERT INTO _user (created_at, id, email, first_name, last_name, password, role, status) VALUES ('2023-08-15T18:25', 32, 'marjana.knežević@outlook.com', 'Marjana', 'Knežević', '$2a$12$MlnyH21ePO39K3ufi9qxO.MXpbIJqThmjnuR0J8mqqhxizKIeqeC6', 'PATIENT', 'ACTIVE');
INSERT INTO patient (id, date_of_birth, address, mbo, phone_number) VALUES (32, '1979-03-06', 'Trg hrvatskih velikana 42', '4976726358', '0950612239');
INSERT INTO _user (created_at, id, email, first_name, last_name, password, role, status) VALUES ('2022-10-26T01:09', 33, 'slobodanka.franjić@gmail.com', 'Slobodanka', 'Franjić', '$2a$12$MlnyH21ePO39K3ufi9qxO.MXpbIJqThmjnuR0J8mqqhxizKIeqeC6', 'PATIENT', 'ACTIVE');
INSERT INTO patient (id, date_of_birth, address, mbo, phone_number) VALUES (33, '1999-03-23', 'Derenčinova 09', '9467442839', '0975521816');
INSERT INTO _user (created_at, id, email, first_name, last_name, password, role, status) VALUES ('2023-02-24T15:36', 34, 'nedjeljka.glavaš@yahoo.com', 'Nedjeljka', 'Glavaš', '$2a$12$MlnyH21ePO39K3ufi9qxO.MXpbIJqThmjnuR0J8mqqhxizKIeqeC6', 'PATIENT', 'ACTIVE');
INSERT INTO patient (id, date_of_birth, address, mbo, phone_number) VALUES (34, '1979-02-28', 'Bogovićeva 46', '0150272989', '0913200704');
INSERT INTO _user (created_at, id, email, first_name, last_name, password, role, status) VALUES ('2022-12-23T21:08', 35, 'ljuba.martinović@icloud.com', 'Ljuba', 'Martinović', '$2a$12$MlnyH21ePO39K3ufi9qxO.MXpbIJqThmjnuR0J8mqqhxizKIeqeC6', 'PATIENT', 'ACTIVE');
INSERT INTO patient (id, date_of_birth, address, mbo, phone_number) VALUES (35, '1954-07-24', 'Branimirova 36', '6819502476', '0989826076');
INSERT INTO _user (created_at, id, email, first_name, last_name, password, role, status) VALUES ('2022-11-04T05:43', 36, 'davorka.grgurić@icloud.com', 'Davorka', 'Grgurić', '$2a$12$MlnyH21ePO39K3ufi9qxO.MXpbIJqThmjnuR0J8mqqhxizKIeqeC6', 'PATIENT', 'ACTIVE');
INSERT INTO patient (id, date_of_birth, address, mbo, phone_number) VALUES (36, '1991-05-02', 'Streljačka 17', '6898638912', '0989645371');
INSERT INTO _user (created_at, id, email, first_name, last_name, password, role, status) VALUES ('2023-07-28T18:22', 37, 'zvjezdana.vukelić@outlook.com', 'Zvjezdana', 'Vukelić', '$2a$12$MlnyH21ePO39K3ufi9qxO.MXpbIJqThmjnuR0J8mqqhxizKIeqeC6', 'PATIENT', 'ACTIVE');
INSERT INTO patient (id, date_of_birth, address, mbo, phone_number) VALUES (37, '1971-11-22', 'Runjaninova 47', '6218762695', '0987094157');
INSERT INTO _user (created_at, id, email, first_name, last_name, password, role, status) VALUES ('2023-10-16T05:01', 38, 'vladimira.mustapić@yahoo.com', 'Vladimira', 'Mustapić', '$2a$12$MlnyH21ePO39K3ufi9qxO.MXpbIJqThmjnuR0J8mqqhxizKIeqeC6', 'PATIENT', 'ACTIVE');
INSERT INTO patient (id, date_of_birth, address, mbo, phone_number) VALUES (38, '1974-01-29', 'Zrinjevac 24', '3140928622', '0927810180');
INSERT INTO _user (created_at, id, email, first_name, last_name, password, role, status) VALUES ('2022-08-31T20:10', 39, 'snežana.grubišić@icloud.com', 'Snežana', 'Grubišić', '$2a$12$MlnyH21ePO39K3ufi9qxO.MXpbIJqThmjnuR0J8mqqhxizKIeqeC6', 'PATIENT', 'ACTIVE');
INSERT INTO patient (id, date_of_birth, address, mbo, phone_number) VALUES (39, '1999-06-08', 'Britanski trg 46', '9817569784', '0955588150');
INSERT INTO _user (created_at, id, email, first_name, last_name, password, role, status) VALUES ('2022-12-22T22:40', 40, 'gabriela.karlović@gmail.com', 'Gabriela', 'Karlović', '$2a$12$MlnyH21ePO39K3ufi9qxO.MXpbIJqThmjnuR0J8mqqhxizKIeqeC6', 'PATIENT', 'ACTIVE');
INSERT INTO patient (id, date_of_birth, address, mbo, phone_number) VALUES (40, '1987-11-10', 'Ulica Ljudevita Posavskog 02', '6502563286', '0911444103');
INSERT INTO _user (created_at, id, email, first_name, last_name, password, role, status) VALUES ('2024-01-07T05:00', 41, 'ana.kordić@outlook.com', 'Ana', 'Kordić', '$2a$12$MlnyH21ePO39K3ufi9qxO.MXpbIJqThmjnuR0J8mqqhxizKIeqeC6', 'PATIENT', 'ACTIVE');
INSERT INTO patient (id, date_of_birth, address, mbo, phone_number) VALUES (41, '2001-10-10', 'Skalinska 38', '1724138512', '0987962836');
INSERT INTO _user (created_at, id, email, first_name, last_name, password, role, status) VALUES ('2023-06-10T13:18', 42, 'lucia.gregurić@yahoo.com', 'Lucia', 'Gregurić', '$2a$12$MlnyH21ePO39K3ufi9qxO.MXpbIJqThmjnuR0J8mqqhxizKIeqeC6', 'PATIENT', 'ACTIVE');
INSERT INTO patient (id, date_of_birth, address, mbo, phone_number) VALUES (42, '1968-05-15', 'Svačićev trg 08', '5717156740', '0920117208');
INSERT INTO _user (created_at, id, email, first_name, last_name, password, role, status) VALUES ('2023-03-24T15:31', 43, 'vukosava.matić@icloud.com', 'Vukosava', 'Matić', '$2a$12$MlnyH21ePO39K3ufi9qxO.MXpbIJqThmjnuR0J8mqqhxizKIeqeC6', 'PATIENT', 'ACTIVE');
INSERT INTO patient (id, date_of_birth, address, mbo, phone_number) VALUES (43, '1968-01-26', 'Zavrtnica 03', '8740243661', '0910566681');
INSERT INTO _user (created_at, id, email, first_name, last_name, password, role, status) VALUES ('2023-01-16T15:12', 44, 'manuela.radić@outlook.com', 'Manuela', 'Radić', '$2a$12$MlnyH21ePO39K3ufi9qxO.MXpbIJqThmjnuR0J8mqqhxizKIeqeC6', 'PATIENT', 'ACTIVE');
INSERT INTO patient (id, date_of_birth, address, mbo, phone_number) VALUES (44, '1954-08-04', 'Šubićeva 23', '7826637967', '0973281546');
INSERT INTO _user (created_at, id, email, first_name, last_name, password, role, status) VALUES ('2022-08-21T03:10', 45, 'sonja.matković@icloud.com', 'Sonja', 'Matković', '$2a$12$MlnyH21ePO39K3ufi9qxO.MXpbIJqThmjnuR0J8mqqhxizKIeqeC6', 'PATIENT', 'ACTIVE');
INSERT INTO patient (id, date_of_birth, address, mbo, phone_number) VALUES (45, '1990-10-10', 'Trg Republike Hrvatske 15', '6179771451', '0920225113');
INSERT INTO _user (created_at, id, email, first_name, last_name, password, role, status) VALUES ('2023-10-07T15:34', 46, 'mirela.filipović@yahoo.com', 'Mirela', 'Filipović', '$2a$12$MlnyH21ePO39K3ufi9qxO.MXpbIJqThmjnuR0J8mqqhxizKIeqeC6', 'PATIENT', 'ACTIVE');
INSERT INTO patient (id, date_of_birth, address, mbo, phone_number) VALUES (46, '1963-04-29', 'Rakovčeva 05', '8939401023', '0910582006');
INSERT INTO _user (created_at, id, email, first_name, last_name, password, role, status) VALUES ('2022-12-17T01:52', 47, 'spomenka.babić@gmail.com', 'Spomenka', 'Babić', '$2a$12$MlnyH21ePO39K3ufi9qxO.MXpbIJqThmjnuR0J8mqqhxizKIeqeC6', 'PATIENT', 'ACTIVE');
INSERT INTO patient (id, date_of_birth, address, mbo, phone_number) VALUES (47, '1950-02-27', 'Ulica Bartola Kašića 38', '8119271688', '0989368403');
INSERT INTO _user (created_at, id, email, first_name, last_name, password, role, status) VALUES ('2022-11-21T07:02', 48, 'rafaela.kovačić@icloud.com', 'Rafaela', 'Kovačić', '$2a$12$MlnyH21ePO39K3ufi9qxO.MXpbIJqThmjnuR0J8mqqhxizKIeqeC6', 'PATIENT', 'ACTIVE');
INSERT INTO patient (id, date_of_birth, address, mbo, phone_number) VALUES (48, '2003-10-15', 'Gupčeva zvijezda 49', '8859828273', '0927423672');
INSERT INTO _user (created_at, id, email, first_name, last_name, password, role, status) VALUES ('2023-09-24T13:16', 49, 'natalija.knežević@outlook.com', 'Natalija', 'Knežević', '$2a$12$MlnyH21ePO39K3ufi9qxO.MXpbIJqThmjnuR0J8mqqhxizKIeqeC6', 'PATIENT', 'ACTIVE');
INSERT INTO patient (id, date_of_birth, address, mbo, phone_number) VALUES (49, '1970-12-01', 'Strossmayerov trg 48', '8396089205', '0912620383');
INSERT INTO _user (created_at, id, email, first_name, last_name, password, role, status) VALUES ('2023-08-22T07:05', 50, 'klara.đukić@gmail.com', 'Klara', 'Đukić', '$2a$12$MlnyH21ePO39K3ufi9qxO.MXpbIJqThmjnuR0J8mqqhxizKIeqeC6', 'PATIENT', 'ACTIVE');
INSERT INTO patient (id, date_of_birth, address, mbo, phone_number) VALUES (50, '1999-05-24', 'Crvenog križa 29', '5049232759', '0915973647');
INSERT INTO _user (created_at, id, email, first_name, last_name, password, role, status) VALUES ('2022-11-06T23:49', 51, 'daliborka.herceg@icloud.com', 'Daliborka', 'Herceg', '$2a$12$MlnyH21ePO39K3ufi9qxO.MXpbIJqThmjnuR0J8mqqhxizKIeqeC6', 'PATIENT', 'ACTIVE');
INSERT INTO patient (id, date_of_birth, address, mbo, phone_number) VALUES (51, '1970-09-18', 'Novakova 23', '3224558115', '0958560026');
INSERT INTO _user (created_at, id, email, first_name, last_name, password, role, status) VALUES ('2024-01-08T22:42', 52, 'nikolina.miletić@outlook.com', 'Nikolina', 'Miletić', '$2a$12$MlnyH21ePO39K3ufi9qxO.MXpbIJqThmjnuR0J8mqqhxizKIeqeC6', 'PATIENT', 'PENDING');
INSERT INTO patient (id, date_of_birth, address, mbo, phone_number) VALUES (52, '1969-08-11', 'Erdodyeva 41', '7317193015', '0911517222');
INSERT INTO _user (created_at, id, email, first_name, last_name, password, role, status) VALUES ('2024-01-07T22:18', 53, 'dražena.stojanović@icloud.com', 'Dražena', 'Stojanović', '$2a$12$MlnyH21ePO39K3ufi9qxO.MXpbIJqThmjnuR0J8mqqhxizKIeqeC6', 'PATIENT', 'PENDING');
INSERT INTO patient (id, date_of_birth, address, mbo, phone_number) VALUES (53, '1976-11-30', 'Ulica Ante Kovačića 36', '3724662477', '0924945017');
INSERT INTO _user (created_at, id, email, first_name, last_name, password, role, status) VALUES ('2024-01-09T15:07', 54, 'dajana.cvitković@yahoo.com', 'Dajana', 'Cvitković', '$2a$12$MlnyH21ePO39K3ufi9qxO.MXpbIJqThmjnuR0J8mqqhxizKIeqeC6', 'PATIENT', 'PENDING');
INSERT INTO patient (id, date_of_birth, address, mbo, phone_number) VALUES (54, '1962-01-25', 'Trg svibanjskih žrtava 1995. 09', '0983170501', '0923307685');
INSERT INTO _user (created_at, id, email, first_name, last_name, password, role, status) VALUES ('2024-01-04T12:17', 55, 'mladenka.grgić@icloud.com', 'Mladenka', 'Grgić', '$2a$12$MlnyH21ePO39K3ufi9qxO.MXpbIJqThmjnuR0J8mqqhxizKIeqeC6', 'PATIENT', 'PENDING');
INSERT INTO patient (id, date_of_birth, address, mbo, phone_number) VALUES (55, '1971-02-12', 'Zvonarnička 41', '3791759791', '0959084192');
INSERT INTO _user (created_at, id, email, first_name, last_name, password, role, status) VALUES ('2024-01-01T04:13', 56, 'radmila.katić@outlook.com', 'Radmila', 'Katić', '$2a$12$MlnyH21ePO39K3ufi9qxO.MXpbIJqThmjnuR0J8mqqhxizKIeqeC6', 'PATIENT', 'PENDING');
INSERT INTO patient (id, date_of_birth, address, mbo, phone_number) VALUES (56, '1996-02-03', 'Jurišićeva 25', '8148851379', '0988429447');
INSERT INTO _user (created_at, id, email, first_name, last_name, password, role, status) VALUES ('2024-01-02T15:08', 57, 'zorka.sekulić@icloud.com', 'Zorka', 'Sekulić', '$2a$12$MlnyH21ePO39K3ufi9qxO.MXpbIJqThmjnuR0J8mqqhxizKIeqeC6', 'PATIENT', 'PENDING');
INSERT INTO patient (id, date_of_birth, address, mbo, phone_number) VALUES (57, '2004-10-12', 'Lepušićeva 30', '6776163895', '0950481309');
INSERT INTO _user (created_at, id, email, first_name, last_name, password, role, status) VALUES ('2022-12-08T05:44', 58, 'zdenka.zorić@outlook.com', 'Zdenka', 'Zorić', '$2a$12$MlnyH21ePO39K3ufi9qxO.MXpbIJqThmjnuR0J8mqqhxizKIeqeC6', 'PATIENT', 'DEACTIVATED');
INSERT INTO patient (id, date_of_birth, address, mbo, phone_number) VALUES (58, '1984-09-09', 'Šulekova 44', '9313763222', '0982515871');
INSERT INTO _user (created_at, id, email, first_name, last_name, password, role, status) VALUES ('2022-11-09T08:10', 59, 'marinka.radočaj@icloud.com', 'Marinka', 'Radočaj', '$2a$12$MlnyH21ePO39K3ufi9qxO.MXpbIJqThmjnuR0J8mqqhxizKIeqeC6', 'PATIENT', 'DEACTIVATED');
INSERT INTO patient (id, date_of_birth, address, mbo, phone_number) VALUES (59, '1971-08-28', 'Trg Vladka Mačeka 42', '1433896068', '0918194079');
INSERT INTO _user (created_at, id, email, first_name, last_name, password, role, status) VALUES ('2023-07-30T01:09', 60, 'stella.kovačević@yahoo.com', 'Stella', 'Kovačević', '$2a$12$MlnyH21ePO39K3ufi9qxO.MXpbIJqThmjnuR0J8mqqhxizKIeqeC6', 'PATIENT', 'DEACTIVATED');
INSERT INTO patient (id, date_of_birth, address, mbo, phone_number) VALUES (60, '1998-09-27', 'Degenova 21', '9532586792', '0984689788');
INSERT INTO _user (created_at, id, email, first_name, last_name, password, role, status) VALUES ('2022-09-27T13:39', 61, 'desanka.jukić@gmail.com', 'Desanka', 'Jukić', '$2a$12$MlnyH21ePO39K3ufi9qxO.MXpbIJqThmjnuR0J8mqqhxizKIeqeC6', 'PATIENT', 'DEACTIVATED');
INSERT INTO patient (id, date_of_birth, address, mbo, phone_number) VALUES (61, '1977-11-12', 'Lepušićeva 39', '4008872710', '0957562522');
INSERT INTO _user (created_at, id, email, first_name, last_name, password, role, status) VALUES ('2022-12-10T21:42', 62, 'bojana.benković@yahoo.com', 'Bojana', 'Benković', '$2a$12$MlnyH21ePO39K3ufi9qxO.MXpbIJqThmjnuR0J8mqqhxizKIeqeC6', 'PATIENT', 'DEACTIVATED');
INSERT INTO patient (id, date_of_birth, address, mbo, phone_number) VALUES (62, '1967-11-05', 'Bogišićeva 24', '1949378377', '0973226658');
INSERT INTO _user (created_at, id, email, first_name, last_name, password, role, status) VALUES ('2023-03-17T13:54', 63, 'silvana.kovačević@icloud.com', 'Silvana', 'Kovačević', '$2a$12$MlnyH21ePO39K3ufi9qxO.MXpbIJqThmjnuR0J8mqqhxizKIeqeC6', 'PATIENT', 'DEACTIVATED');
INSERT INTO patient (id, date_of_birth, address, mbo, phone_number) VALUES (63, '1976-10-07', 'Iblerov trg 17', '4019517712', '0972304350');
INSERT INTO _user (created_at, id, email, first_name, last_name, password, role, status) VALUES ('2023-12-19T00:49', 64, 'ida.dujmović@yahoo.com', 'Ida', 'Dujmović', '$2a$12$MlnyH21ePO39K3ufi9qxO.MXpbIJqThmjnuR0J8mqqhxizKIeqeC6', 'PATIENT', 'DEACTIVATED');
INSERT INTO patient (id, date_of_birth, address, mbo, phone_number) VALUES (64, '2002-12-29', 'Hochmannova 18', '9718993369', '0976169561');
INSERT INTO _user (created_at, id, email, first_name, last_name, password, role, status) VALUES ('2023-09-16T07:48', 65, 'damira.pranjić@yahoo.com', 'Damira', 'Pranjić', '$2a$12$MlnyH21ePO39K3ufi9qxO.MXpbIJqThmjnuR0J8mqqhxizKIeqeC6', 'PATIENT', 'DEACTIVATED');
INSERT INTO patient (id, date_of_birth, address, mbo, phone_number) VALUES (65, '1981-06-23', 'Plemićeva 30', '6026722411', '0929376347');
INSERT INTO _user (created_at, id, email, first_name, last_name, password, role, status) VALUES ('2023-12-24T11:37', 66, 'frane.radočaj@outlook.com', 'Frane', 'Radočaj', '$2a$12$MlnyH21ePO39K3ufi9qxO.MXpbIJqThmjnuR0J8mqqhxizKIeqeC6', 'PATIENT', 'ACTIVE');
INSERT INTO patient (id, date_of_birth, address, mbo, phone_number) VALUES (66, '1987-10-25', 'Berislavićeva 42', '7693197610', '0986671330');
INSERT INTO _user (created_at, id, email, first_name, last_name, password, role, status) VALUES ('2023-05-19T18:39', 67, 'miro.bašić@icloud.com', 'Miro', 'Bašić', '$2a$12$MlnyH21ePO39K3ufi9qxO.MXpbIJqThmjnuR0J8mqqhxizKIeqeC6', 'PATIENT', 'ACTIVE');
INSERT INTO patient (id, date_of_birth, address, mbo, phone_number) VALUES (67, '2002-02-24', 'Degenova 40', '4615421994', '0915773616');
INSERT INTO _user (created_at, id, email, first_name, last_name, password, role, status) VALUES ('2023-05-28T20:44', 68, 'emanuel.vojnović@gmail.com', 'Emanuel', 'Vojnović', '$2a$12$MlnyH21ePO39K3ufi9qxO.MXpbIJqThmjnuR0J8mqqhxizKIeqeC6', 'PATIENT', 'ACTIVE');
INSERT INTO patient (id, date_of_birth, address, mbo, phone_number) VALUES (68, '1963-11-24', 'Marulićev trg 08', '8594698156', '0952178357');
INSERT INTO _user (created_at, id, email, first_name, last_name, password, role, status) VALUES ('2023-12-13T05:37', 69, 'damjan.jurišić@gmail.com', 'Damjan', 'Jurišić', '$2a$12$MlnyH21ePO39K3ufi9qxO.MXpbIJqThmjnuR0J8mqqhxizKIeqeC6', 'PATIENT', 'ACTIVE');
INSERT INTO patient (id, date_of_birth, address, mbo, phone_number) VALUES (69, '1973-06-08', 'Tomislavov trg 21', '7338441049', '0917917336');
INSERT INTO _user (created_at, id, email, first_name, last_name, password, role, status) VALUES ('2023-09-29T13:35', 70, 'radovan.starčević@outlook.com', 'Radovan', 'Starčević', '$2a$12$MlnyH21ePO39K3ufi9qxO.MXpbIJqThmjnuR0J8mqqhxizKIeqeC6', 'PATIENT', 'ACTIVE');
INSERT INTO patient (id, date_of_birth, address, mbo, phone_number) VALUES (70, '1983-06-16', 'Trg Vladka Mačeka 36', '3099042264', '0970386314');
INSERT INTO _user (created_at, id, email, first_name, last_name, password, role, status) VALUES ('2022-10-24T01:04', 71, 'milan.matošević@icloud.com', 'Milan', 'Matošević', '$2a$12$MlnyH21ePO39K3ufi9qxO.MXpbIJqThmjnuR0J8mqqhxizKIeqeC6', 'PATIENT', 'ACTIVE');
INSERT INTO patient (id, date_of_birth, address, mbo, phone_number) VALUES (71, '1995-09-22', 'Varšavska 17', '8500387822', '0979936848');
INSERT INTO _user (created_at, id, email, first_name, last_name, password, role, status) VALUES ('2023-12-02T02:09', 72, 'mihael.šimunić@yahoo.com', 'Mihael', 'Šimunić', '$2a$12$MlnyH21ePO39K3ufi9qxO.MXpbIJqThmjnuR0J8mqqhxizKIeqeC6', 'PATIENT', 'ACTIVE');
INSERT INTO patient (id, date_of_birth, address, mbo, phone_number) VALUES (72, '1968-05-18', 'Gundulićeva 43', '6651343183', '0917756250');
INSERT INTO _user (created_at, id, email, first_name, last_name, password, role, status) VALUES ('2023-07-04T10:42', 73, 'mate.vukelić@gmail.com', 'Mate', 'Vukelić', '$2a$12$MlnyH21ePO39K3ufi9qxO.MXpbIJqThmjnuR0J8mqqhxizKIeqeC6', 'PATIENT', 'ACTIVE');
INSERT INTO patient (id, date_of_birth, address, mbo, phone_number) VALUES (73, '1978-06-04', 'Kurelčeva 32', '8268805207', '0955482300');
INSERT INTO _user (created_at, id, email, first_name, last_name, password, role, status) VALUES ('2023-10-12T12:50', 74, 'radovan.martić@icloud.com', 'Radovan', 'Martić', '$2a$12$MlnyH21ePO39K3ufi9qxO.MXpbIJqThmjnuR0J8mqqhxizKIeqeC6', 'PATIENT', 'ACTIVE');
INSERT INTO patient (id, date_of_birth, address, mbo, phone_number) VALUES (74, '2004-03-01', 'Račkoga 05', '2343995953', '0917010773');
INSERT INTO _user (created_at, id, email, first_name, last_name, password, role, status) VALUES ('2023-12-08T22:27', 75, 'marijo.jurković@icloud.com', 'Marijo', 'Jurković', '$2a$12$MlnyH21ePO39K3ufi9qxO.MXpbIJqThmjnuR0J8mqqhxizKIeqeC6', 'PATIENT', 'ACTIVE');
INSERT INTO patient (id, date_of_birth, address, mbo, phone_number) VALUES (75, '1988-07-08', 'Derenčinova 14', '1939157313', '0919139761');
INSERT INTO _user (created_at, id, email, first_name, last_name, password, role, status) VALUES ('2023-02-23T15:14', 76, 'stanislav.tomašić@outlook.com', 'Stanislav', 'Tomašić', '$2a$12$MlnyH21ePO39K3ufi9qxO.MXpbIJqThmjnuR0J8mqqhxizKIeqeC6', 'PATIENT', 'ACTIVE');
INSERT INTO patient (id, date_of_birth, address, mbo, phone_number) VALUES (76, '1962-02-05', 'Sermageova 08', '5886281568', '0978459459');
INSERT INTO _user (created_at, id, email, first_name, last_name, password, role, status) VALUES ('2023-05-05T23:37', 77, 'danko.vučković@icloud.com', 'Danko', 'Vučković', '$2a$12$MlnyH21ePO39K3ufi9qxO.MXpbIJqThmjnuR0J8mqqhxizKIeqeC6', 'PATIENT', 'ACTIVE');
INSERT INTO patient (id, date_of_birth, address, mbo, phone_number) VALUES (77, '1950-07-20', 'Amruševa 13', '4966908124', '0923268116');
INSERT INTO _user (created_at, id, email, first_name, last_name, password, role, status) VALUES ('2023-11-03T04:31', 78, 'mile.lovrić@yahoo.com', 'Mile', 'Lovrić', '$2a$12$MlnyH21ePO39K3ufi9qxO.MXpbIJqThmjnuR0J8mqqhxizKIeqeC6', 'PATIENT', 'ACTIVE');
INSERT INTO patient (id, date_of_birth, address, mbo, phone_number) VALUES (78, '1993-08-26', 'Ulica kneza Mutimira 46', '0515465079', '0950092719');
INSERT INTO _user (created_at, id, email, first_name, last_name, password, role, status) VALUES ('2023-01-03T11:52', 79, 'antonijo.grgurić@outlook.com', 'Antonijo', 'Grgurić', '$2a$12$MlnyH21ePO39K3ufi9qxO.MXpbIJqThmjnuR0J8mqqhxizKIeqeC6', 'PATIENT', 'ACTIVE');
INSERT INTO patient (id, date_of_birth, address, mbo, phone_number) VALUES (79, '1964-12-18', 'Tvrtkova 40', '0087563212', '0922100802');
INSERT INTO _user (created_at, id, email, first_name, last_name, password, role, status) VALUES ('2022-11-26T12:18', 80, 'dinko.posavec@icloud.com', 'Dinko', 'Posavec', '$2a$12$MlnyH21ePO39K3ufi9qxO.MXpbIJqThmjnuR0J8mqqhxizKIeqeC6', 'PATIENT', 'ACTIVE');
INSERT INTO patient (id, date_of_birth, address, mbo, phone_number) VALUES (80, '1985-11-14', 'Dežmanova 39', '5364056968', '0973118547');
INSERT INTO _user (created_at, id, email, first_name, last_name, password, role, status) VALUES ('2023-09-13T00:01', 81, 'pavo.gudelj@outlook.com', 'Pavo', 'Gudelj', '$2a$12$MlnyH21ePO39K3ufi9qxO.MXpbIJqThmjnuR0J8mqqhxizKIeqeC6', 'PATIENT', 'ACTIVE');
INSERT INTO patient (id, date_of_birth, address, mbo, phone_number) VALUES (81, '1996-12-22', 'Kordunska 27', '9531182693', '0978324998');
INSERT INTO _user (created_at, id, email, first_name, last_name, password, role, status) VALUES ('2022-11-24T00:24', 82, 'tihomir.bogović@outlook.com', 'Tihomir', 'Bogović', '$2a$12$MlnyH21ePO39K3ufi9qxO.MXpbIJqThmjnuR0J8mqqhxizKIeqeC6', 'PATIENT', 'ACTIVE');
INSERT INTO patient (id, date_of_birth, address, mbo, phone_number) VALUES (82, '1986-11-27', 'Nodilova 37', '1531101918', '0954566910');
INSERT INTO _user (created_at, id, email, first_name, last_name, password, role, status) VALUES ('2023-08-03T16:01', 83, 'igor.radić@gmail.com', 'Igor', 'Radić', '$2a$12$MlnyH21ePO39K3ufi9qxO.MXpbIJqThmjnuR0J8mqqhxizKIeqeC6', 'PATIENT', 'ACTIVE');
INSERT INTO patient (id, date_of_birth, address, mbo, phone_number) VALUES (83, '1986-06-09', 'Masarykova 27', '6295186921', '0927014195');
INSERT INTO _user (created_at, id, email, first_name, last_name, password, role, status) VALUES ('2023-03-31T15:53', 84, 'velimir.štimac@icloud.com', 'Velimir', 'Štimac', '$2a$12$MlnyH21ePO39K3ufi9qxO.MXpbIJqThmjnuR0J8mqqhxizKIeqeC6', 'PATIENT', 'ACTIVE');
INSERT INTO patient (id, date_of_birth, address, mbo, phone_number) VALUES (84, '1980-08-16', 'Trg bana J. Jelačića 29', '5722883108', '0983175836');
INSERT INTO _user (created_at, id, email, first_name, last_name, password, role, status) VALUES ('2023-07-23T20:12', 85, 'renato.dujmović@outlook.com', 'Renato', 'Dujmović', '$2a$12$MlnyH21ePO39K3ufi9qxO.MXpbIJqThmjnuR0J8mqqhxizKIeqeC6', 'PATIENT', 'ACTIVE');
INSERT INTO patient (id, date_of_birth, address, mbo, phone_number) VALUES (85, '1959-11-22', 'Ilica 31', '9486174498', '0988079316');
INSERT INTO _user (created_at, id, email, first_name, last_name, password, role, status) VALUES ('2023-08-27T13:47', 86, 'dejan.knežević@outlook.com', 'Dejan', 'Knežević', '$2a$12$MlnyH21ePO39K3ufi9qxO.MXpbIJqThmjnuR0J8mqqhxizKIeqeC6', 'PATIENT', 'ACTIVE');
INSERT INTO patient (id, date_of_birth, address, mbo, phone_number) VALUES (86, '1996-06-01', 'Ratkajev prolaz 03', '9670763709', '0952102409');
INSERT INTO _user (created_at, id, email, first_name, last_name, password, role, status) VALUES ('2023-07-20T03:38', 87, 'nikica.barišić@gmail.com', 'Nikica', 'Barišić', '$2a$12$MlnyH21ePO39K3ufi9qxO.MXpbIJqThmjnuR0J8mqqhxizKIeqeC6', 'PATIENT', 'ACTIVE');
INSERT INTO patient (id, date_of_birth, address, mbo, phone_number) VALUES (87, '1996-06-06', 'Martićeva 37', '1433008567', '0955967216');
INSERT INTO _user (created_at, id, email, first_name, last_name, password, role, status) VALUES ('2022-11-23T15:15', 88, 'nenad.jelić@outlook.com', 'Nenad', 'Jelić', '$2a$12$MlnyH21ePO39K3ufi9qxO.MXpbIJqThmjnuR0J8mqqhxizKIeqeC6', 'PATIENT', 'ACTIVE');
INSERT INTO patient (id, date_of_birth, address, mbo, phone_number) VALUES (88, '1995-10-20', 'Erdodyeva 11', '1146590616', '0989193798');
INSERT INTO _user (created_at, id, email, first_name, last_name, password, role, status) VALUES ('2023-12-16T16:47', 89, 'milivoj.crnković@icloud.com', 'Milivoj', 'Crnković', '$2a$12$MlnyH21ePO39K3ufi9qxO.MXpbIJqThmjnuR0J8mqqhxizKIeqeC6', 'PATIENT', 'ACTIVE');
INSERT INTO patient (id, date_of_birth, address, mbo, phone_number) VALUES (89, '1971-03-04', 'Trg hrvatskih velikana 22', '6517361434', '0925825527');
INSERT INTO _user (created_at, id, email, first_name, last_name, password, role, status) VALUES ('2022-12-02T08:34', 90, 'srđan.barić@outlook.com', 'Srđan', 'Barić', '$2a$12$MlnyH21ePO39K3ufi9qxO.MXpbIJqThmjnuR0J8mqqhxizKIeqeC6', 'PATIENT', 'ACTIVE');
INSERT INTO patient (id, date_of_birth, address, mbo, phone_number) VALUES (90, '1950-07-07', 'Fišerova 22', '1406367563', '0912646475');
INSERT INTO _user (created_at, id, email, first_name, last_name, password, role, status) VALUES ('2022-09-02T02:25', 91, 'vjekoslav.brkić@yahoo.com', 'Vjekoslav', 'Brkić', '$2a$12$MlnyH21ePO39K3ufi9qxO.MXpbIJqThmjnuR0J8mqqhxizKIeqeC6', 'PATIENT', 'ACTIVE');
INSERT INTO patient (id, date_of_birth, address, mbo, phone_number) VALUES (91, '1990-07-27', 'Preradovićeva 48', '2047250912', '0916590234');
INSERT INTO _user (created_at, id, email, first_name, last_name, password, role, status) VALUES ('2023-08-24T15:32', 92, 'željko.tadić@gmail.com', 'Željko', 'Tadić', '$2a$12$MlnyH21ePO39K3ufi9qxO.MXpbIJqThmjnuR0J8mqqhxizKIeqeC6', 'PATIENT', 'ACTIVE');
INSERT INTO patient (id, date_of_birth, address, mbo, phone_number) VALUES (92, '1979-01-08', 'Ulica Izidora Kršnjavog 03', '9600795236', '0911200876');
INSERT INTO _user (created_at, id, email, first_name, last_name, password, role, status) VALUES ('2023-04-08T06:14', 93, 'romano.božić@yahoo.com', 'Romano', 'Božić', '$2a$12$MlnyH21ePO39K3ufi9qxO.MXpbIJqThmjnuR0J8mqqhxizKIeqeC6', 'PATIENT', 'ACTIVE');
INSERT INTO patient (id, date_of_birth, address, mbo, phone_number) VALUES (93, '2002-10-28', 'Dolac 01', '7383986348', '0985811670');
INSERT INTO _user (created_at, id, email, first_name, last_name, password, role, status) VALUES ('2023-08-20T15:53', 94, 'tin.babić@outlook.com', 'Tin', 'Babić', '$2a$12$MlnyH21ePO39K3ufi9qxO.MXpbIJqThmjnuR0J8mqqhxizKIeqeC6', 'PATIENT', 'ACTIVE');
INSERT INTO patient (id, date_of_birth, address, mbo, phone_number) VALUES (94, '1979-06-27', 'Žigrovićeva 36', '2586994704', '0959825231');
INSERT INTO _user (created_at, id, email, first_name, last_name, password, role, status) VALUES ('2023-10-05T15:07', 95, 'vlatko.mandić@outlook.com', 'Vlatko', 'Mandić', '$2a$12$MlnyH21ePO39K3ufi9qxO.MXpbIJqThmjnuR0J8mqqhxizKIeqeC6', 'PATIENT', 'ACTIVE');
INSERT INTO patient (id, date_of_birth, address, mbo, phone_number) VALUES (95, '1993-11-14', 'Krvavi most 25', '8104779003', '0911432372');
INSERT INTO _user (created_at, id, email, first_name, last_name, password, role, status) VALUES ('2024-01-02T02:15', 96, 'gojko.vlašić@yahoo.com', 'Gojko', 'Vlašić', '$2a$12$MlnyH21ePO39K3ufi9qxO.MXpbIJqThmjnuR0J8mqqhxizKIeqeC6', 'PATIENT', 'ACTIVE');
INSERT INTO patient (id, date_of_birth, address, mbo, phone_number) VALUES (96, '1962-02-15', 'Starčevićev trg 26', '6700631176', '0989809991');
INSERT INTO _user (created_at, id, email, first_name, last_name, password, role, status) VALUES ('2022-12-07T06:46', 97, 'saša.klarić@yahoo.com', 'Saša', 'Klarić', '$2a$12$MlnyH21ePO39K3ufi9qxO.MXpbIJqThmjnuR0J8mqqhxizKIeqeC6', 'PATIENT', 'ACTIVE');
INSERT INTO patient (id, date_of_birth, address, mbo, phone_number) VALUES (97, '1997-08-29', 'Jukićeva 48', '7151398734', '0957622090');
INSERT INTO _user (created_at, id, email, first_name, last_name, password, role, status) VALUES ('2023-07-15T02:09', 98, 'lovro.božić@gmail.com', 'Lovro', 'Božić', '$2a$12$MlnyH21ePO39K3ufi9qxO.MXpbIJqThmjnuR0J8mqqhxizKIeqeC6', 'PATIENT', 'ACTIVE');
INSERT INTO patient (id, date_of_birth, address, mbo, phone_number) VALUES (98, '1978-05-31', 'Tomićeva 14', '9717958282', '0952396045');
INSERT INTO _user (created_at, id, email, first_name, last_name, password, role, status) VALUES ('2023-10-25T18:52', 99, 'antun.vlahović@yahoo.com', 'Antun', 'Vlahović', '$2a$12$MlnyH21ePO39K3ufi9qxO.MXpbIJqThmjnuR0J8mqqhxizKIeqeC6', 'PATIENT', 'ACTIVE');
INSERT INTO patient (id, date_of_birth, address, mbo, phone_number) VALUES (99, '1966-07-11', 'Ulica kneza Mutimira 04', '7108033913', '0920775068');
INSERT INTO _user (created_at, id, email, first_name, last_name, password, role, status) VALUES ('2023-08-04T22:01', 100, 'stevan.filipović@gmail.com', 'Stevan', 'Filipović', '$2a$12$MlnyH21ePO39K3ufi9qxO.MXpbIJqThmjnuR0J8mqqhxizKIeqeC6', 'PATIENT', 'ACTIVE');
INSERT INTO patient (id, date_of_birth, address, mbo, phone_number) VALUES (100, '1975-10-02', 'Mrazovićeva 24', '8557738089', '0957300513');
INSERT INTO _user (created_at, id, email, first_name, last_name, password, role, status) VALUES ('2022-12-17T16:10', 101, 'dorijan.crnković@icloud.com', 'Dorijan', 'Crnković', '$2a$12$MlnyH21ePO39K3ufi9qxO.MXpbIJqThmjnuR0J8mqqhxizKIeqeC6', 'PATIENT', 'ACTIVE');
INSERT INTO patient (id, date_of_birth, address, mbo, phone_number) VALUES (101, '1997-06-02', 'Rokov perivoj 34', '1386876371', '0911248691');
INSERT INTO _user (created_at, id, email, first_name, last_name, password, role, status) VALUES ('2022-10-24T16:05', 102, 'franko.kujundžić@yahoo.com', 'Franko', 'Kujundžić', '$2a$12$MlnyH21ePO39K3ufi9qxO.MXpbIJqThmjnuR0J8mqqhxizKIeqeC6', 'PATIENT', 'ACTIVE');
INSERT INTO patient (id, date_of_birth, address, mbo, phone_number) VALUES (102, '2003-03-24', 'Opatovina 46', '3487319872', '0971839713');
INSERT INTO _user (created_at, id, email, first_name, last_name, password, role, status) VALUES ('2022-11-05T07:33', 103, 'vladimir.andrić@yahoo.com', 'Vladimir', 'Andrić', '$2a$12$MlnyH21ePO39K3ufi9qxO.MXpbIJqThmjnuR0J8mqqhxizKIeqeC6', 'PATIENT', 'ACTIVE');
INSERT INTO patient (id, date_of_birth, address, mbo, phone_number) VALUES (103, '1986-05-30', 'Žigrovićeva 46', '3084092812', '0951052304');
INSERT INTO _user (created_at, id, email, first_name, last_name, password, role, status) VALUES ('2023-06-27T18:01', 104, 'dorijan.horvatić@gmail.com', 'Dorijan', 'Horvatić', '$2a$12$MlnyH21ePO39K3ufi9qxO.MXpbIJqThmjnuR0J8mqqhxizKIeqeC6', 'PATIENT', 'ACTIVE');
INSERT INTO patient (id, date_of_birth, address, mbo, phone_number) VALUES (104, '2003-05-26', 'Martićeva 29', '4150829373', '0986779114');
INSERT INTO _user (created_at, id, email, first_name, last_name, password, role, status) VALUES ('2023-03-09T04:33', 105, 'alan.jurić@outlook.com', 'Alan', 'Jurić', '$2a$12$MlnyH21ePO39K3ufi9qxO.MXpbIJqThmjnuR0J8mqqhxizKIeqeC6', 'PATIENT', 'ACTIVE');
INSERT INTO patient (id, date_of_birth, address, mbo, phone_number) VALUES (105, '1953-10-18', 'Jukićeva 23', '4473381850', '0974598791');
INSERT INTO _user (created_at, id, email, first_name, last_name, password, role, status) VALUES ('2024-01-08T02:33', 106, 'stanislav.božić@outlook.com', 'Stanislav', 'Božić', '$2a$12$MlnyH21ePO39K3ufi9qxO.MXpbIJqThmjnuR0J8mqqhxizKIeqeC6', 'PATIENT', 'PENDING');
INSERT INTO patient (id, date_of_birth, address, mbo, phone_number) VALUES (106, '1991-11-28', 'Lepušićeva 32', '2215790844', '0974052627');
INSERT INTO _user (created_at, id, email, first_name, last_name, password, role, status) VALUES ('2024-01-04T02:13', 107, 'đorđe.pavlović@gmail.com', 'Đorđe', 'Pavlović', '$2a$12$MlnyH21ePO39K3ufi9qxO.MXpbIJqThmjnuR0J8mqqhxizKIeqeC6', 'PATIENT', 'PENDING');
INSERT INTO patient (id, date_of_birth, address, mbo, phone_number) VALUES (107, '1966-03-07', 'Britanski trg 43', '4910132182', '0984522498');
INSERT INTO _user (created_at, id, email, first_name, last_name, password, role, status) VALUES ('2023-12-30T13:09', 108, 'milenko.matijašević@gmail.com', 'Milenko', 'Matijašević', '$2a$12$MlnyH21ePO39K3ufi9qxO.MXpbIJqThmjnuR0J8mqqhxizKIeqeC6', 'PATIENT', 'PENDING');
INSERT INTO patient (id, date_of_birth, address, mbo, phone_number) VALUES (108, '1999-12-30', 'Gajeva 08', '4322527637', '0911968585');
INSERT INTO _user (created_at, id, email, first_name, last_name, password, role, status) VALUES ('2024-01-05T14:03', 109, 'vid.gudelj@icloud.com', 'Vid', 'Gudelj', '$2a$12$MlnyH21ePO39K3ufi9qxO.MXpbIJqThmjnuR0J8mqqhxizKIeqeC6', 'PATIENT', 'PENDING');
INSERT INTO patient (id, date_of_birth, address, mbo, phone_number) VALUES (109, '1958-02-25', 'Amruševa 12', '4961729802', '0923120555');
INSERT INTO _user (created_at, id, email, first_name, last_name, password, role, status) VALUES ('2024-01-06T18:33', 110, 'benjamin.tomašević@icloud.com', 'Benjamin', 'Tomašević', '$2a$12$MlnyH21ePO39K3ufi9qxO.MXpbIJqThmjnuR0J8mqqhxizKIeqeC6', 'PATIENT', 'PENDING');
INSERT INTO patient (id, date_of_birth, address, mbo, phone_number) VALUES (110, '2003-03-20', 'Tomislavov trg 18', '2705517497', '0915681846');
INSERT INTO _user (created_at, id, email, first_name, last_name, password, role, status) VALUES ('2024-01-08T17:14', 111, 'mihovil.dukić@yahoo.com', 'Mihovil', 'Dukić', '$2a$12$MlnyH21ePO39K3ufi9qxO.MXpbIJqThmjnuR0J8mqqhxizKIeqeC6', 'PATIENT', 'PENDING');
INSERT INTO patient (id, date_of_birth, address, mbo, phone_number) VALUES (111, '1985-08-29', 'Bauerova 23', '0927747129', '0971689051');
INSERT INTO _user (created_at, id, email, first_name, last_name, password, role, status) VALUES ('2024-01-09T20:44', 112, 'drago.savić@gmail.com', 'Drago', 'Savić', '$2a$12$MlnyH21ePO39K3ufi9qxO.MXpbIJqThmjnuR0J8mqqhxizKIeqeC6', 'PATIENT', 'PENDING');
INSERT INTO patient (id, date_of_birth, address, mbo, phone_number) VALUES (112, '1975-07-27', 'Vlaška 07', '3088797567', '0927440903');
INSERT INTO _user (created_at, id, email, first_name, last_name, password, role, status) VALUES ('2023-12-30T04:27', 113, 'mihajlo.jozić@gmail.com', 'Mihajlo', 'Jozić', '$2a$12$MlnyH21ePO39K3ufi9qxO.MXpbIJqThmjnuR0J8mqqhxizKIeqeC6', 'PATIENT', 'PENDING');
INSERT INTO patient (id, date_of_birth, address, mbo, phone_number) VALUES (113, '1977-05-13', 'Jagićeva 49', '7343232583', '0921270626');
INSERT INTO _user (created_at, id, email, first_name, last_name, password, role, status) VALUES ('2024-01-09T20:57', 114, 'vid.mikulić@gmail.com', 'Vid', 'Mikulić', '$2a$12$MlnyH21ePO39K3ufi9qxO.MXpbIJqThmjnuR0J8mqqhxizKIeqeC6', 'PATIENT', 'PENDING');
INSERT INTO patient (id, date_of_birth, address, mbo, phone_number) VALUES (114, '1959-09-21', 'Ulica Republike Austrije 23', '513132707', '0921566366');
INSERT INTO _user (created_at, id, email, first_name, last_name, password, role, status) VALUES ('2024-01-09T13:36', 115, 'ratko.kurtović@outlook.com', 'Ratko', 'Kurtović', '$2a$12$MlnyH21ePO39K3ufi9qxO.MXpbIJqThmjnuR0J8mqqhxizKIeqeC6', 'PATIENT', 'PENDING');
INSERT INTO patient (id, date_of_birth, address, mbo, phone_number) VALUES (115, '1997-09-22', 'Šoštarićeva 29', '8113026080', '0910076666');
INSERT INTO _user (created_at, id, email, first_name, last_name, password, role, status) VALUES ('2024-01-07T15:24', 116, 'milivoj.novak@gmail.com', 'Milivoj', 'Novak', '$2a$12$MlnyH21ePO39K3ufi9qxO.MXpbIJqThmjnuR0J8mqqhxizKIeqeC6', 'PATIENT', 'PENDING');
INSERT INTO patient (id, date_of_birth, address, mbo, phone_number) VALUES (116, '1991-03-19', 'Ulica baruna Trenka 20', '2613230995', '0913272022');
INSERT INTO _user (created_at, id, email, first_name, last_name, password, role, status) VALUES ('2024-01-07T23:40', 117, 'denis.ilić@yahoo.com', 'Denis', 'Ilić', '$2a$12$MlnyH21ePO39K3ufi9qxO.MXpbIJqThmjnuR0J8mqqhxizKIeqeC6', 'PATIENT', 'PENDING');
INSERT INTO patient (id, date_of_birth, address, mbo, phone_number) VALUES (117, '1984-12-17', 'Skalinska 32', '9554882825', '0913358749');
INSERT INTO _user (created_at, id, email, first_name, last_name, password, role, status) VALUES ('2022-10-07T01:42', 118, 'vilim.kolar@gmail.com', 'Vilim', 'Kolar', '$2a$12$MlnyH21ePO39K3ufi9qxO.MXpbIJqThmjnuR0J8mqqhxizKIeqeC6', 'PATIENT', 'DEACTIVATED');
INSERT INTO patient (id, date_of_birth, address, mbo, phone_number) VALUES (118, '1982-10-20', 'Hatzova 39', '8765412483', '0985709030');
INSERT INTO _user (created_at, id, email, first_name, last_name, password, role, status) VALUES ('2022-12-25T18:24', 119, 'karlo.kovačević@yahoo.com', 'Karlo', 'Kovačević', '$2a$12$MlnyH21ePO39K3ufi9qxO.MXpbIJqThmjnuR0J8mqqhxizKIeqeC6', 'PATIENT', 'DEACTIVATED');
INSERT INTO patient (id, date_of_birth, address, mbo, phone_number) VALUES (119, '2001-06-13', 'Livadićeva 34', '5285677950', '0988534591');
INSERT INTO _user (created_at, id, email, first_name, last_name, password, role, status) VALUES ('2023-07-31T15:00', 120, 'emil.jakovljević@outlook.com', 'Emil', 'Jakovljević', '$2a$12$MlnyH21ePO39K3ufi9qxO.MXpbIJqThmjnuR0J8mqqhxizKIeqeC6', 'PATIENT', 'DEACTIVATED');
INSERT INTO patient (id, date_of_birth, address, mbo, phone_number) VALUES (120, '1964-02-17', 'Deželićeva 20', '6641708345', '0983822478');
INSERT INTO _user (created_at, id, email, first_name, last_name, password, role, status) VALUES ('2022-11-09T11:43', 121, 'milan.kovačević@yahoo.com', 'Milan', 'Kovačević', '$2a$12$MlnyH21ePO39K3ufi9qxO.MXpbIJqThmjnuR0J8mqqhxizKIeqeC6', 'PATIENT', 'DEACTIVATED');
INSERT INTO patient (id, date_of_birth, address, mbo, phone_number) VALUES (121, '1951-12-05', 'Fabkovićeva 25', '6547508529', '0971371724');
INSERT INTO _user (created_at, id, email, first_name, last_name, password, role, status) VALUES ('2023-09-09T13:08', 122, 'dorian.marinović@gmail.com', 'Dorian', 'Marinović', '$2a$12$MlnyH21ePO39K3ufi9qxO.MXpbIJqThmjnuR0J8mqqhxizKIeqeC6', 'PATIENT', 'DEACTIVATED');
INSERT INTO patient (id, date_of_birth, address, mbo, phone_number) VALUES (122, '1968-10-15', 'Račkoga 26', '8949914007', '0989270411');
INSERT INTO _user (created_at, id, email, first_name, last_name, password, role, status) VALUES ('2023-09-01T06:40', 123, 'radovan.stanković@yahoo.com', 'Radovan', 'Stanković', '$2a$12$MlnyH21ePO39K3ufi9qxO.MXpbIJqThmjnuR0J8mqqhxizKIeqeC6', 'PATIENT', 'DEACTIVATED');
INSERT INTO patient (id, date_of_birth, address, mbo, phone_number) VALUES (123, '1975-01-10', 'Iblerov trg 41', '6207072304', '0977141727');
INSERT INTO _user (created_at, id, email, first_name, last_name, password, role, status) VALUES ('2023-10-13T12:15', 124, 'perica.jakšić@icloud.com', 'Perica', 'Jakšić', '$2a$12$MlnyH21ePO39K3ufi9qxO.MXpbIJqThmjnuR0J8mqqhxizKIeqeC6', 'PATIENT', 'DEACTIVATED');
INSERT INTO patient (id, date_of_birth, address, mbo, phone_number) VALUES (124, '1969-01-27', 'Novakova 36', '7124083810', '0913630819');
INSERT INTO _user (created_at, id, email, first_name, last_name, password, role, status) VALUES ('2023-12-25T01:17', 125, 'mihajlo.miletić@icloud.com', 'Mihajlo', 'Miletić', '$2a$12$MlnyH21ePO39K3ufi9qxO.MXpbIJqThmjnuR0J8mqqhxizKIeqeC6', 'PATIENT', 'DEACTIVATED');
INSERT INTO patient (id, date_of_birth, address, mbo, phone_number) VALUES (125, '1979-05-12', 'Ulica fra Filipa Grabovca 34', '357743151', '0975450040');
INSERT INTO _user (created_at, id, email, first_name, last_name, password, role, status) VALUES ('2022-12-21T09:11', 126, 'dragica.tomašić@outlook.com', 'Dragica', 'Tomašić', '$2a$12$MlnyH21ePO39K3ufi9qxO.MXpbIJqThmjnuR0J8mqqhxizKIeqeC6', 'STAFF', 'ACTIVE');
INSERT INTO employee (id, specialization) VALUES (126, 'PHYSICAL_THERAPIST');
INSERT INTO _user (created_at, id, email, first_name, last_name, password, role, status) VALUES ('2022-11-01T04:37', 127, 'ilinka.budimir@outlook.com', 'Ilinka', 'Budimir', '$2a$12$MlnyH21ePO39K3ufi9qxO.MXpbIJqThmjnuR0J8mqqhxizKIeqeC6', 'STAFF', 'ACTIVE');
INSERT INTO employee (id, specialization) VALUES (127, 'ELECTROTHERAPIST');
INSERT INTO _user (created_at, id, email, first_name, last_name, password, role, status) VALUES ('2023-03-09T02:44', 128, 'vilma.stojanović@icloud.com', 'Vilma', 'Stojanović', '$2a$12$MlnyH21ePO39K3ufi9qxO.MXpbIJqThmjnuR0J8mqqhxizKIeqeC6', 'STAFF', 'ACTIVE');
INSERT INTO employee (id, specialization) VALUES (128, 'THERMOTHERAPIST');
INSERT INTO _user (created_at, id, email, first_name, last_name, password, role, status) VALUES ('2023-06-20T12:21', 129, 'tina.vlašić@yahoo.com', 'Tina', 'Vlašić', '$2a$12$MlnyH21ePO39K3ufi9qxO.MXpbIJqThmjnuR0J8mqqhxizKIeqeC6', 'STAFF', 'ACTIVE');
INSERT INTO employee (id, specialization) VALUES (129, 'HYDROTHERAPIST');
INSERT INTO _user (created_at, id, email, first_name, last_name, password, role, status) VALUES ('2022-11-27T07:15', 130, 'patricia.kordić@yahoo.com', 'Patricia', 'Kordić', '$2a$12$MlnyH21ePO39K3ufi9qxO.MXpbIJqThmjnuR0J8mqqhxizKIeqeC6', 'STAFF', 'ACTIVE');
INSERT INTO employee (id, specialization) VALUES (130, 'PHYSICAL_THERAPIST');
INSERT INTO _user (created_at, id, email, first_name, last_name, password, role, status) VALUES ('2022-11-01T09:42', 131, 'klaudija.gregurić@icloud.com', 'Klaudija', 'Gregurić', '$2a$12$MlnyH21ePO39K3ufi9qxO.MXpbIJqThmjnuR0J8mqqhxizKIeqeC6', 'STAFF', 'ACTIVE');
INSERT INTO employee (id, specialization) VALUES (131, 'HYDROTHERAPIST');
INSERT INTO _user (created_at, id, email, first_name, last_name, password, role, status) VALUES ('2023-03-24T19:05', 132, 'tomislava.brkić@outlook.com', 'Tomislava', 'Brkić', '$2a$12$MlnyH21ePO39K3ufi9qxO.MXpbIJqThmjnuR0J8mqqhxizKIeqeC6', 'STAFF', 'ACTIVE');
INSERT INTO employee (id, specialization) VALUES (132, 'PHYSICAL_THERAPIST');
INSERT INTO _user (created_at, id, email, first_name, last_name, password, role, status) VALUES ('2023-07-13T14:36', 133, 'irma.vlahović@gmail.com', 'Irma', 'Vlahović', '$2a$12$MlnyH21ePO39K3ufi9qxO.MXpbIJqThmjnuR0J8mqqhxizKIeqeC6', 'STAFF', 'ACTIVE');
INSERT INTO employee (id, specialization) VALUES (133, 'CRYOTHERAPIST');
INSERT INTO _user (created_at, id, email, first_name, last_name, password, role, status) VALUES ('2023-12-17T20:55', 134, 'paulina.ćosić@icloud.com', 'Paulina', 'Ćosić', '$2a$12$MlnyH21ePO39K3ufi9qxO.MXpbIJqThmjnuR0J8mqqhxizKIeqeC6', 'STAFF', 'ACTIVE');
INSERT INTO employee (id, specialization) VALUES (134, 'HYDROTHERAPIST');
INSERT INTO _user (created_at, id, email, first_name, last_name, password, role, status) VALUES ('2023-08-10T21:37', 135, 'ena.grgić@yahoo.com', 'Ena', 'Grgić', '$2a$12$MlnyH21ePO39K3ufi9qxO.MXpbIJqThmjnuR0J8mqqhxizKIeqeC6', 'STAFF', 'ACTIVE');
INSERT INTO employee (id, specialization) VALUES (135, 'PHYSICAL_THERAPIST');
INSERT INTO _user (created_at, id, email, first_name, last_name, password, role, status) VALUES ('2022-11-15T01:35', 136, 'jakov.savić@outlook.com', 'Jakov', 'Savić', '$2a$12$MlnyH21ePO39K3ufi9qxO.MXpbIJqThmjnuR0J8mqqhxizKIeqeC6', 'STAFF', 'ACTIVE');
INSERT INTO employee (id, specialization) VALUES (136, 'ELECTROTHERAPIST');
INSERT INTO _user (created_at, id, email, first_name, last_name, password, role, status) VALUES ('2023-01-10T08:36', 137, 'marinko.ivanković@gmail.com', 'Marinko', 'Ivanković', '$2a$12$MlnyH21ePO39K3ufi9qxO.MXpbIJqThmjnuR0J8mqqhxizKIeqeC6', 'STAFF', 'ACTIVE');
INSERT INTO employee (id, specialization) VALUES (137, 'PHYSICAL_THERAPIST');
INSERT INTO _user (created_at, id, email, first_name, last_name, password, role, status) VALUES ('2023-10-29T05:58', 138, 'niko.turković@yahoo.com', 'Niko', 'Turković', '$2a$12$MlnyH21ePO39K3ufi9qxO.MXpbIJqThmjnuR0J8mqqhxizKIeqeC6', 'STAFF', 'ACTIVE');
INSERT INTO employee (id, specialization) VALUES (138, 'HYDROTHERAPIST');
INSERT INTO _user (created_at, id, email, first_name, last_name, password, role, status) VALUES ('2022-11-10T05:43', 139, 'siniša.ivančić@gmail.com', 'Siniša', 'Ivančić', '$2a$12$MlnyH21ePO39K3ufi9qxO.MXpbIJqThmjnuR0J8mqqhxizKIeqeC6', 'STAFF', 'ACTIVE');
INSERT INTO employee (id, specialization) VALUES (139, 'PHYSICAL_THERAPIST');
INSERT INTO _user (created_at, id, email, first_name, last_name, password, role, status) VALUES ('2023-08-18T07:44', 140, 'viktor.pavlović@outlook.com', 'Viktor', 'Pavlović', '$2a$12$MlnyH21ePO39K3ufi9qxO.MXpbIJqThmjnuR0J8mqqhxizKIeqeC6', 'STAFF', 'ACTIVE');
INSERT INTO employee (id, specialization) VALUES (140, 'PHYSICAL_THERAPIST');
INSERT INTO _user (created_at, id, email, first_name, last_name, password, role, status) VALUES ('2023-05-11T04:21', 141, 'jerko.jurić@yahoo.com', 'Jerko', 'Jurić', '$2a$12$MlnyH21ePO39K3ufi9qxO.MXpbIJqThmjnuR0J8mqqhxizKIeqeC6', 'STAFF', 'ACTIVE');
INSERT INTO employee (id, specialization) VALUES (141, 'PHYSICAL_THERAPIST');
INSERT INTO _user (created_at, id, email, first_name, last_name, password, role, status) VALUES ('2023-09-17T20:08', 142, 'ivan.hrženjak@outlook.com', 'Ivan', 'Hrženjak', '$2a$12$MlnyH21ePO39K3ufi9qxO.MXpbIJqThmjnuR0J8mqqhxizKIeqeC6', 'STAFF', 'ACTIVE');
INSERT INTO employee (id, specialization) VALUES (142, 'PHYSICAL_THERAPIST');
INSERT INTO _user (created_at, id, email, first_name, last_name, password, role, status) VALUES ('2023-03-09T04:17', 143, 'eugen.turković@yahoo.com', 'Eugen', 'Turković', '$2a$12$MlnyH21ePO39K3ufi9qxO.MXpbIJqThmjnuR0J8mqqhxizKIeqeC6', 'STAFF', 'ACTIVE');
INSERT INTO employee (id, specialization) VALUES (143, 'PHYSICAL_THERAPIST');
INSERT INTO _user (created_at, id, email, first_name, last_name, password, role, status) VALUES ('2023-09-13T22:26', 144, 'miro.balić@icloud.com', 'Miro', 'Balić', '$2a$12$MlnyH21ePO39K3ufi9qxO.MXpbIJqThmjnuR0J8mqqhxizKIeqeC6', 'STAFF', 'ACTIVE');
INSERT INTO employee (id, specialization) VALUES (144, 'PHYSICAL_THERAPIST');
INSERT INTO _user (created_at, id, email, first_name, last_name, password, role, status) VALUES ('2023-08-14T03:25', 145, 'nediljko.kordić@yahoo.com', 'Nediljko', 'Kordić', '$2a$12$MlnyH21ePO39K3ufi9qxO.MXpbIJqThmjnuR0J8mqqhxizKIeqeC6', 'STAFF', 'ACTIVE');
INSERT INTO employee (id, specialization) VALUES (145, 'PHYSICAL_THERAPIST');
INSERT INTO _user (created_at, id, email, first_name, last_name, password, role, status) VALUES ('2022-10-10T21:36', 146, 'božidar.jelić@outlook.com', 'Božidar', 'Jelić', '$2a$12$MlnyH21ePO39K3ufi9qxO.MXpbIJqThmjnuR0J8mqqhxizKIeqeC6', 'STAFF', 'ACTIVE');
INSERT INTO employee (id, specialization) VALUES (146, 'PHYSICAL_THERAPIST');
INSERT INTO _user (created_at, id, email, first_name, last_name, password, role, status) VALUES ('2023-12-28T18:21', 147, 'eduard.matijević@outlook.com', 'Eduard', 'Matijević', '$2a$12$MlnyH21ePO39K3ufi9qxO.MXpbIJqThmjnuR0J8mqqhxizKIeqeC6', 'STAFF', 'ACTIVE');
INSERT INTO employee (id, specialization) VALUES (147, 'THERMOTHERAPIST');
INSERT INTO _user (created_at, id, email, first_name, last_name, password, role, status) VALUES ('2022-10-08T23:50', 148, 'nedjeljko.đurđević@outlook.com', 'Nedjeljko', 'Đurđević', '$2a$12$MlnyH21ePO39K3ufi9qxO.MXpbIJqThmjnuR0J8mqqhxizKIeqeC6', 'STAFF', 'ACTIVE');
INSERT INTO employee (id, specialization) VALUES (148, 'PHYSICAL_THERAPIST');
INSERT INTO _user (created_at, id, email, first_name, last_name, password, role, status) VALUES ('2023-09-25T13:43', 149, 'leo.crnković@outlook.com', 'Leo', 'Crnković', '$2a$12$MlnyH21ePO39K3ufi9qxO.MXpbIJqThmjnuR0J8mqqhxizKIeqeC6', 'STAFF', 'ACTIVE');
INSERT INTO employee (id, specialization) VALUES (149, 'CRYOTHERAPIST');
INSERT INTO _user (created_at, id, email, first_name, last_name, password, role, status) VALUES ('2022-10-02T08:56', 150, 'bernard.duvnjak@gmail.com', 'Bernard', 'Duvnjak', '$2a$12$MlnyH21ePO39K3ufi9qxO.MXpbIJqThmjnuR0J8mqqhxizKIeqeC6', 'STAFF', 'ACTIVE');
INSERT INTO employee (id, specialization) VALUES (150, 'CRYOTHERAPIST');

INSERT INTO equipment (capacity, id, name, specialization, room_name, description) VALUES (10, 1, 'Gym', 'PHYSICAL_THERAPIST', 'Physiotherapy Suite', 'This gym is equipped for physical therapy and is likely to include a variety of exercise equipment such as treadmills, stationary bikes, free weights, and resistance bands. It is designed to accommodate physical rehabilitation needs, strength training, and flexibility exercises under the guidance of a physical therapist.'); --physical therapy
INSERT INTO equipment (capacity, id, name, specialization, room_name, description) VALUES (2, 2, 'Electrical Muscle Stimulation unit', 'ELECTROTHERAPIST', 'Electrotherapy Zone', 'The EMS unit is a device used by electrotherapists to deliver electrical impulses to stimulate muscle contractions. It''s often used in rehabilitation after injury, for pain relief, or even in muscle strengthening and training. The unit''s settings can be adjusted for intensity and frequency to suit individual patient needs.');
INSERT INTO equipment (capacity, id, name, specialization, room_name, description) VALUES (2, 3, 'Cryotherapy machine', 'CRYOTHERAPIST', 'CryoRecovery Room', 'This machine is used for cryotherapy, involving exposure to extremely cold temperatures for a few minutes. Cryotherapy can reduce inflammation, pain, and muscle spasms and is often used in sports medicine and recovery therapy. The cryotherapy machine could be a full-body chamber or localized treatment device.');
INSERT INTO equipment (capacity, id, name, specialization, room_name, description) VALUES (4, 4, 'Hydrotherapy pool', 'HYDROTHERAPIST', 'Hydro Rehab Pool', 'A hydrotherapy pool is designed for therapeutic exercises in a water-based environment. The buoyancy, resistance, and warmth of the water can help in pain relief, improving joint mobility, and enhancing rehabilitation from injuries. It''s particularly beneficial for patients with arthritis, chronic pain, and neurological conditions.');
INSERT INTO equipment (capacity, id, name, specialization, room_name, description) VALUES (4, 5, 'Paraffin wax baths and infrared lamp', 'THERMOTHERAPIST', 'Thermal Wellness Space', 'This equipment is used for thermotherapy. Paraffin wax baths provide heat therapy for pain relief and to soften the skin, often used for hands and feet. They are beneficial for conditions like arthritis or fibromyalgia. The infrared lamp emits infrared light to penetrate deep into tissues, easing muscle aches, increasing circulation, and relaxing the muscles.');

--shoulder
INSERT INTO therapy_type (required_equipment_id, name, description, therapy_Code, num_of_sessions, body_part, id) VALUES (1, 'Rotator cuff tear', 'Physical therapy focuses on strengthening the shoulder muscles, improving range of motion, and reducing pain through targeted exercises.', '#5G3Y4', 12, 'shoulder', 1);
INSERT INTO therapy_type (required_equipment_id, name, description, therapy_Code, num_of_sessions, body_part, id) VALUES (1, 'Frozen shoulder', 'Therapy aims to restore shoulder mobility through stretching and range of motion exercises.', '#7Z8V8', 10, 'shoulder', 2);

--arm
INSERT INTO therapy_type (required_equipment_id, name, description, therapy_Code, num_of_sessions, body_part, id) VALUES (1, 'Tennis elbow', 'Treatment includes strengthening forearm muscles.', '#1V2V2', 8, 'arm', 3);
INSERT INTO therapy_type (required_equipment_id, name, description, therapy_Code, num_of_sessions, body_part, id) VALUES (1, 'Golfers elbow', 'Physical therapy involves strengthening and stretching exercises for the forearm muscles and may include modalities for pain relief.', '#8I5F5', 8, 'arm', 4);
INSERT INTO therapy_type (required_equipment_id, name, description, therapy_Code, num_of_sessions, body_part, id) VALUES (1, 'Biceps tendinitis', 'Therapy focuses on strengthening the biceps and shoulder muscles while reducing inflammation through modalities.', '#4C7X3', 10, 'arm', 5);

--hand
INSERT INTO therapy_type (required_equipment_id, name, description, therapy_Code, num_of_sessions, body_part, id) VALUES (1, 'Carpal tunnel', 'Exercises to improve wrist and hand flexibility, along with techniques to relieve pressure on the median nerve.', '#1R2Y1', 8, 'hand', 6);
INSERT INTO therapy_type (required_equipment_id, name, description, therapy_Code, num_of_sessions, body_part, id) VALUES (3, 'Arthritis pain management', 'Cryotherapy helps alleviate arthritis pain by numbing the affected joints, reducing inflammation, and temporarily easing discomfort and stiffness.', '#6F6P9', 8, 'hand', 7);
INSERT INTO therapy_type (required_equipment_id, name, description, therapy_Code, num_of_sessions, body_part, id) VALUES (3, 'Tendinitis', 'Cryotherapy can be employed to reduce inflammation and alleviate pain associated with tendinitis by constricting blood vessels and diminishing tissue swelling in the affected area.', '#1G8Z3', 10, 'hand', 8);
INSERT INTO therapy_type (required_equipment_id, name, description, therapy_Code, num_of_sessions, body_part, id) VALUES (4, 'Osteoarthritis management', 'Hydrotherapy provides a low-impact environment for joint mobility exercises and pain relief, helping individuals with osteoarthritis improve joint function and reduce discomfort.', '#4D5C2', 8, 'hand', 9);
INSERT INTO therapy_type (required_equipment_id, name, description, therapy_Code, num_of_sessions, body_part, id) VALUES (5, 'Bursitis', 'Thermotherapy may be used to alleviate pain and inflammation associated with bursitis by increasing blood flow and promoting the relaxation of affected tissues, often applied through warm compresses or therapeutic ultrasound.', '#4N8P5' , 8, 'hand', 10);
INSERT INTO therapy_type (required_equipment_id, name, description, therapy_Code, num_of_sessions, body_part, id) VALUES (5, 'Rheumatoid Arthritis', 'Thermotherapy, such as paraffin wax baths, can help ease joint stiffness and reduce pain in individuals with rheumatoid arthritis by enhancing joint flexibility and reducing inflammation.', '#7R3N6', 8, 'hand', 11);

--leg
INSERT INTO therapy_type (required_equipment_id, name, description, therapy_Code, num_of_sessions, body_part, id) VALUES (1, 'ACL injury', 'Rehabilitation includes exercises to strengthen the knee and improve stability, often following surgical repair.', '#3H4O2', 20, 'leg', 12);
INSERT INTO therapy_type (required_equipment_id, name, description, therapy_Code, num_of_sessions, body_part, id) VALUES (1, 'Meniscus tear', 'Therapy emphasizes range of motion exercises and strengthening of the muscles around the knee.', '#6F2G1', 8, 'leg', 13);
INSERT INTO therapy_type (required_equipment_id, name, description, therapy_Code, num_of_sessions, body_part, id) VALUES (1, 'IT band syndrome', 'Treatment involves stretching and strengthening the IT band and hip muscles.', '#8L2Q4', 8, 'leg', 14);
INSERT INTO therapy_type (required_equipment_id, name, description, therapy_Code, num_of_sessions, body_part, id) VALUES (1, 'Shin splints', 'Rehabilitation focuses on reducing inflammation and improving lower leg strength and flexibility.', '#7P3Y5', 6, 'leg', 15);
INSERT INTO therapy_type (required_equipment_id, name, description, therapy_Code, num_of_sessions, body_part, id) VALUES (1, 'Stress fractures', 'Rest and gradual return to weight-bearing activities are essential, along with exercises to maintain bone density.', '#9M8D2', 10, 'leg', 16);
INSERT INTO therapy_type (required_equipment_id, name, description, therapy_Code, num_of_sessions, body_part, id) VALUES (1, 'Hip bursitis', 'Exercises to improve hip muscle strength and flexibility, along with modalities for pain management.', '#2T8L4', 10, 'leg', 17);

--foot
INSERT INTO therapy_type (required_equipment_id, name, description, therapy_Code, num_of_sessions, body_part, id) VALUES (1, 'Ankle sprain', 'Therapy includes balance exercises, strengthening the ankle, and improving flexibility.', '#6W1E6', 8, 'foot', 18);
INSERT INTO therapy_type (required_equipment_id, name, description, therapy_Code, num_of_sessions, body_part, id) VALUES (1, 'Plantar fasciitis ', 'Treatment involves stretching and strengthening exercises for the calf and foot muscles, along with modalities for pain relief.', '#6B5Q3', 8, 'foot', 19);
INSERT INTO therapy_type (required_equipment_id, name, description, therapy_Code, num_of_sessions, body_part, id) VALUES (1, 'Achilles tendinitis ', 'Therapy aims to strengthen the calf muscles and Achilles tendon while reducing inflammation.', '#5C3G3', 12, 'foot', 20);

--lower torso
INSERT INTO therapy_type (required_equipment_id, name, description, therapy_Code, num_of_sessions, body_part, id) VALUES (1, 'Lumbar herniated disc ', 'Physical therapy focuses on relieving pain and improving spinal stability through exercises.', '#3N4P6', 14, 'lower torso', 21);
INSERT INTO therapy_type (required_equipment_id, name, description, therapy_Code, num_of_sessions, body_part, id) VALUES (1, 'Sciatica', 'Treatment involves exercises to alleviate sciatic nerve compression and improve lumbar spine function.', '#9P1H4', 7, 'lower torso', 22);
INSERT INTO therapy_type (required_equipment_id, name, description, therapy_Code, num_of_sessions, body_part, id) VALUES (4, 'Chronic low back pain management', 'Hydrotherapy involves warm water exercises and aquatic therapy techniques to improve flexibility, reduce pain, and enhance core strength in individuals with chronic low back pain.', '#4W3F2', 10, 'lower torso', 23);

--upper torso
INSERT INTO therapy_type (required_equipment_id, name, description, therapy_Code, num_of_sessions, body_part, id) VALUES (1, 'Scoliosis', 'Therapy includes exercises to improve spinal alignment, flexibility, and muscle balance.', '#5R9N7', 8, 'upper torso', 24);
INSERT INTO therapy_type (required_equipment_id, name, description, therapy_Code, num_of_sessions, body_part, id) VALUES (1, 'Postural disorders', 'Treatment includes exercises to correct posture and improve muscle balance to relieve pain and prevent future issues.', '#8K1H7', 7, 'upper torso', 25);

--head
INSERT INTO therapy_type (required_equipment_id, name, description, therapy_Code, num_of_sessions, body_part, id) VALUES (1, 'Cervical radiculopathy ', 'Rehabilitation aims to reduce neck pain and nerve symptoms through neck exercises and modalities.', '#8G5H3', 8, 'head', 26);
INSERT INTO therapy_type (required_equipment_id, name, description, therapy_Code, num_of_sessions, body_part, id) VALUES (1, 'Whiplash', 'Physical therapy focuses on neck strengthening and range of motion exercises to alleviate pain and stiffness.', '#8H6H1', 10, 'head',27);

--any
INSERT INTO therapy_type (required_equipment_id, name, description, therapy_Code, num_of_sessions, body_part, id) VALUES (2, 'Post-Operative rehabilitation', 'EMS therapy aids in muscle activation and circulation for post-operative patients, helping to prevent muscle atrophy and accelerate recovery through controlled electrical muscle contractions.', '#3J6K2', 12, 'any', 28);
INSERT INTO therapy_type (required_equipment_id, name, description, therapy_Code, num_of_sessions, body_part, id) VALUES (2, 'Stroke rehabilitation', 'EMS can be used to stimulate paralyzed or weakened muscles, aiding in muscle re-education and motor function recovery for stroke survivors.', '#9P3R1', 20, 'any', 29);
INSERT INTO therapy_type (required_equipment_id, name, description, therapy_Code, num_of_sessions, body_part, id) VALUES (2, 'Muscle atrophy prevention', 'EMS assists in maintaining muscle strength and mass in individuals with limited mobility, such as bedridden or immobilized patients, by providing passive muscle contractions', '#2J6Z7', 8, 'any', 30);
INSERT INTO therapy_type (required_equipment_id, name, description, therapy_Code, num_of_sessions, body_part, id) VALUES (2, 'Chronic pain management', 'EMS therapy can help manage chronic pain conditions by stimulating endorphin release, reducing pain perception, and improving blood circulation in targeted areas.', '#7X4N5', 6, 'any', 31);
INSERT INTO therapy_type (required_equipment_id, name, description, therapy_Code, num_of_sessions, body_part, id) VALUES (3, 'Post-Operative swelling minimization', 'Cryotherapy involves the application of cold therapy to reduce post-operative swelling and inflammation, promoting faster healing and pain relief.', '#5M8P4', 6, 'any', 32);
INSERT INTO therapy_type (required_equipment_id, name, description, therapy_Code, num_of_sessions, body_part, id) VALUES (3, 'Acute sports injury', 'Cryotherapy is used immediately after an acute sports injury to minimize swelling, numb the area, and provide pain relief while facilitating faster recovery.', '#5Z9B5', 8, 'any', 33);
INSERT INTO therapy_type (required_equipment_id, name, description, therapy_Code, num_of_sessions, body_part, id) VALUES (4, 'Post-Stroke rehabilitation', 'Hydrotherapy offers a supportive and buoyant environment for stroke survivors to work on regaining ', '#8D2H9', 20, 'any', 34);
INSERT INTO therapy_type (required_equipment_id, name, description, therapy_Code, num_of_sessions, body_part, id) VALUES (4, 'Post-Operative Rehabilitation', 'Hydrotherapy can aid in the recovery process after surgery by offering a gentle way to regain mobility, reduce swelling, and improve overall conditioning through aquatic exercises and controlled movements in warm water.', '#5I9K8', 12, 'any', 35);
INSERT INTO therapy_type (required_equipment_id, name, description, therapy_Code, num_of_sessions, body_part, id) VALUES (5, 'Muscle spasms and tension management', 'Thermotherapy in a wax bath involves immersing affected muscles in warm wax to relax and soothe muscle spasms, reduce tension, and promote blood flow for pain relief.', '#6L2M9', 6, 'any', 36);
INSERT INTO therapy_type (required_equipment_id, name, description, therapy_Code, num_of_sessions, body_part, id) VALUES (5, 'Chronic muscle pain management', 'Regular heat therapy, including hot baths, warm packs, or infrared heat, may be part of a comprehensive pain management strategy for chronic muscle pain, providing temporary relief and improving muscle relaxation.', '#2K6H8', 7, 'any', 37);


INSERT INTO health_referral (health_referral_id, hlkid, mbo, therapy_code) VALUES ('DGC_167819', 'HR019618', '160378294', '#3N4P6');
INSERT INTO health_referral (health_referral_id, hlkid, mbo, therapy_code) VALUES ('DGC_167820', 'HR061864', '234567890', '#9P1H4'); --inactive
INSERT INTO health_referral (health_referral_id, hlkid, mbo, therapy_code) VALUES ('DGC_167821', 'HR271982', '345678901', '#5R9N7');
INSERT INTO health_referral (health_referral_id, hlkid, mbo, therapy_code) VALUES ('DGC_167822', 'HR282164', '456789012', '#8G5H3');
INSERT INTO health_referral (health_referral_id, hlkid, mbo, therapy_code) VALUES ('DGC_167823', 'HR005951', '567890123', '#8H6H1');
INSERT INTO health_referral (health_referral_id, hlkid, mbo, therapy_code) VALUES ('DGC_167824', 'HR211078', '678901234', '#8K1H7');
INSERT INTO health_referral (health_referral_id, hlkid, mbo, therapy_code) VALUES ('DGC_167825', 'HR026260', '789012345', '#3J6K2'); --inactive
INSERT INTO health_referral (health_referral_id, hlkid, mbo, therapy_code) VALUES ('DGC_167826', 'HR166491', '890123456', '#9P3R1');
INSERT INTO health_referral (health_referral_id, hlkid, mbo, therapy_code) VALUES ('DGC_167827', 'HR095677', '901234567', '#4W3F2');
INSERT INTO health_referral (health_referral_id, hlkid, mbo, therapy_code) VALUES ('DGC_167828', 'HR233633', '987654321', '#4D5C2');
INSERT INTO health_referral (health_referral_id, hlkid, mbo, therapy_code) VALUES ('DGC_167829', 'HR206450', '876543210', '#8D2H9'); --inactive
INSERT INTO health_referral (health_referral_id, hlkid, mbo, therapy_code) VALUES ('DGC_167830', 'HR019618', '160378294', '#1V2V2');
INSERT INTO health_referral (health_referral_id, hlkid, mbo, therapy_code) VALUES ('DGC_167831', 'HR171737', '234567890', '#8I5F5');
INSERT INTO health_referral (health_referral_id, hlkid, mbo, therapy_code) VALUES ('DGC_167832', 'HR295432', '345678901', '#4C7X3');
INSERT INTO health_referral (health_referral_id, hlkid, mbo, therapy_code) VALUES ('DGC_167833', 'HR197286', '456789012', '#1R2Y1');
INSERT INTO health_referral (health_referral_id, hlkid, mbo, therapy_code) VALUES ('DGC_167834', 'HR207887', '567890123', '#3H4O2'); --inactive
INSERT INTO health_referral (health_referral_id, hlkid, mbo, therapy_code) VALUES ('DGC_167835', 'HR224558', '678901234', '#6F2G1');
INSERT INTO health_referral (health_referral_id, hlkid, mbo, therapy_code) VALUES ('DGC_167836', 'HR233300', '789012345', '#8L2Q4');
INSERT INTO health_referral (health_referral_id, hlkid, mbo, therapy_code) VALUES ('DGC_167837', 'HR221049', '890123456', '#7P3Y5');
INSERT INTO health_referral (health_referral_id, hlkid, mbo, therapy_code) VALUES ('DGC_167838', 'HR177695', '901234567', '#9M8D2');
INSERT INTO health_referral (health_referral_id, hlkid, mbo, therapy_code) VALUES ('DGC_167839', 'HR219873', '876543210', '#6W1E6'); --inactive
INSERT INTO health_referral (health_referral_id, hlkid, mbo, therapy_code) VALUES ('DGC_793727', 'HR185246', '6253185365', '#2T8L4'); --t
INSERT INTO health_referral (health_referral_id, hlkid, mbo, therapy_code) VALUES ('DGC_636693', 'HR160786', '4289487088', '#8D2H9'); --t
INSERT INTO health_referral (health_referral_id, hlkid, mbo, therapy_code) VALUES ('DGC_390107', 'HR256292', '3866991777', '#6L2M9'); --t
INSERT INTO health_referral (health_referral_id, hlkid, mbo, therapy_code) VALUES ('DGC_565429', 'HR059632', '4589588830', '#8H6H1'); --t
INSERT INTO health_referral (health_referral_id, hlkid, mbo, therapy_code) VALUES ('DGC_032759', 'HR163325', '2506031451', '#6F6P9'); --t
INSERT INTO health_referral (health_referral_id, hlkid, mbo, therapy_code) VALUES ('DGC_385430', 'HR014630', '9123546065', '#6W1E6'); --t
INSERT INTO health_referral (health_referral_id, hlkid, mbo, therapy_code) VALUES ('DGC_385136', 'HR189325', '2806721438', '#4N8P5'); --f
INSERT INTO health_referral (health_referral_id, hlkid, mbo, therapy_code) VALUES ('DGC_337700', 'HR169945', '4922359384', '#8H6H1'); --t
INSERT INTO health_referral (health_referral_id, hlkid, mbo, therapy_code) VALUES ('DGC_282125', 'HR133104', '4161888076', '#8H6H1'); --t
INSERT INTO health_referral (health_referral_id, hlkid, mbo, therapy_code) VALUES ('DGC_999141', 'HR255263', '5896293771', '#1R2Y1'); --t
INSERT INTO health_referral (health_referral_id, hlkid, mbo, therapy_code) VALUES ('DGC_198002', 'HR193381', '2944470785', '#8H6H1'); --f
INSERT INTO health_referral (health_referral_id, hlkid, mbo, therapy_code) VALUES ('DGC_942024', 'HR276291', '1532378204', '#5C3G3'); --t
INSERT INTO health_referral (health_referral_id, hlkid, mbo, therapy_code) VALUES ('DGC_656575', 'HR052618', '4173413342', '#3J6K2'); --t
INSERT INTO health_referral (health_referral_id, hlkid, mbo, therapy_code) VALUES ('DGC_969413', 'HR161846', '6446944801', '#5G3Y4'); --t
INSERT INTO health_referral (health_referral_id, hlkid, mbo, therapy_code) VALUES ('DGC_869437', 'HR267695', '1850507374', '#5C3G3'); --t
INSERT INTO health_referral (health_referral_id, hlkid, mbo, therapy_code) VALUES ('DGC_749456', 'HR119458', '1216575762', '#3N4P6'); --t
INSERT INTO health_referral (health_referral_id, hlkid, mbo, therapy_code) VALUES ('DGC_877584', 'HR163856', '5347456189', '#2K6H8'); --t
INSERT INTO health_referral (health_referral_id, hlkid, mbo, therapy_code) VALUES ('DGC_687246', 'HR245252', '3868794331', '#7R3N6'); --t
INSERT INTO health_referral (health_referral_id, hlkid, mbo, therapy_code) VALUES ('DGC_446004', 'HR204355', '9757861017', '#8I5F5'); --t
INSERT INTO health_referral (health_referral_id, hlkid, mbo, therapy_code) VALUES ('DGC_262041', 'HR285214', '6423700800', '#7R3N6'); --t
INSERT INTO health_referral (health_referral_id, hlkid, mbo, therapy_code) VALUES ('DGC_661199', 'HR131035', '3440637107', '#9M8D2'); --t
INSERT INTO health_referral (health_referral_id, hlkid, mbo, therapy_code) VALUES ('DGC_637202', 'HR222183', '5275142380', '#7P3Y5'); --f
INSERT INTO health_referral (health_referral_id, hlkid, mbo, therapy_code) VALUES ('DGC_869826', 'HR150977', '0571334333', '#2K6H8'); --t
INSERT INTO health_referral (health_referral_id, hlkid, mbo, therapy_code) VALUES ('DGC_918222', 'HR160786', '3819700726', '#7X4N5'); --t
INSERT INTO health_referral (health_referral_id, hlkid, mbo, therapy_code) VALUES ('DGC_623808', 'HR178655', '1297818258', '#1G8Z3'); --f
INSERT INTO health_referral (health_referral_id, hlkid, mbo, therapy_code) VALUES ('DGC_443294', 'HR249603', '9565800943', '#4N8P5'); --f
INSERT INTO health_referral (health_referral_id, hlkid, mbo, therapy_code) VALUES ('DGC_826397', 'HR155697', '1532378204', '#2T8L4'); --t
INSERT INTO health_referral (health_referral_id, hlkid, mbo, therapy_code) VALUES ('DGC_791929', 'HR059191', '6136194437', '#5M8P4'); --t
INSERT INTO health_referral (health_referral_id, hlkid, mbo, therapy_code) VALUES ('DGC_791516', 'HR051109', '0985222002', '#6L2M9'); --t
INSERT INTO health_referral (health_referral_id, hlkid, mbo, therapy_code) VALUES ('DGC_969339', 'HR041091', '2491959663', '#4W3F2'); --t
INSERT INTO health_referral (health_referral_id, hlkid, mbo, therapy_code) VALUES ('DGC_381880', 'HR018635', '6446944801', '#6W1E6'); --t
INSERT INTO health_referral (health_referral_id, hlkid, mbo, therapy_code) VALUES ('DGC_808830', 'HR286651', '2944470785', '#6F6P9'); --t
INSERT INTO health_referral (health_referral_id, hlkid, mbo, therapy_code) VALUES ('DGC_541132', 'HR288020', '2490725791', '#6F2G1'); --t
INSERT INTO health_referral (health_referral_id, hlkid, mbo, therapy_code) VALUES ('DGC_553471', 'HR142441', '2491959663', '#6L2M9'); --t
INSERT INTO health_referral (health_referral_id, hlkid, mbo, therapy_code) VALUES ('DGC_126662', 'HR152518', '0767789053', '#6F6P9'); --t
INSERT INTO health_referral (health_referral_id, hlkid, mbo, therapy_code) VALUES ('DGC_776897', 'HR133035', '9442590631', '#9P1H4'); --t
INSERT INTO health_referral (health_referral_id, hlkid, mbo, therapy_code) VALUES ('DGC_976369', 'HR230176', '3360604548', '#7X4N5'); --t
INSERT INTO health_referral (health_referral_id, hlkid, mbo, therapy_code) VALUES ('DGC_790265', 'HR194996', '7411648759', '#1R2Y1'); --t
INSERT INTO health_referral (health_referral_id, hlkid, mbo, therapy_code) VALUES ('DGC_496383', 'HR141610', '0729410772', '#6F6P9'); --t
INSERT INTO health_referral (health_referral_id, hlkid, mbo, therapy_code) VALUES ('DGC_110225', 'HR031191', '4912183658', '#7P3Y5'); --t
INSERT INTO health_referral (health_referral_id, hlkid, mbo, therapy_code) VALUES ('DGC_886726', 'HR263804', '2482714851', '#7X4N5'); --t
INSERT INTO health_referral (health_referral_id, hlkid, mbo, therapy_code) VALUES ('DGC_306846', 'HR105980', '2535230493', '#2T8L4'); --t
INSERT INTO health_referral (health_referral_id, hlkid, mbo, therapy_code) VALUES ('DGC_753053', 'HR261579', '5524769923', '#2T8L4'); --f
INSERT INTO health_referral (health_referral_id, hlkid, mbo, therapy_code) VALUES ('DGC_113518', 'HR087812', '2922579756', '#4D5C2'); --t
INSERT INTO health_referral (health_referral_id, hlkid, mbo, therapy_code) VALUES ('DGC_242123', 'HR045112', '4802053809', '#5G3Y4'); --t
INSERT INTO health_referral (health_referral_id, hlkid, mbo, therapy_code) VALUES ('DGC_655498', 'HR155464', '5524769923', '#5G3Y4'); --t
INSERT INTO health_referral (health_referral_id, hlkid, mbo, therapy_code) VALUES ('DGC_137620', 'HR128565', '4161888076', '#5I9K8'); --t
INSERT INTO health_referral (health_referral_id, hlkid, mbo, therapy_code) VALUES ('DGC_770549', 'HR207080', '5130029178', '#2J6Z7'); --t
INSERT INTO health_referral (health_referral_id, hlkid, mbo, therapy_code) VALUES ('DGC_482579', 'HR277139', '5441593808', '#6B5Q3'); --t
INSERT INTO health_referral (health_referral_id, hlkid, mbo, therapy_code) VALUES ('DGC_999382', 'HR107297', '4769035776', '#7Z8V8'); --t


INSERT INTO therapy (id, patient_id, therapy_type_id, therapy_status, request_date) VALUES (2, 105, 7, 'VERIFIED', '2024-01-02T10:30');
INSERT INTO therapy (id, patient_id, therapy_type_id, therapy_status, request_date) VALUES (3, 39, 2, 'VERIFIED', '2024-01-10T14:45');
INSERT INTO therapy (id, patient_id, therapy_type_id, therapy_status, request_date) VALUES (5, 18, 37, 'VERIFIED', '2024-01-03T09:15');
INSERT INTO therapy (id, patient_id, therapy_type_id, therapy_status, request_date) VALUES (8, 78, 4, 'VERIFIED', '2024-01-10T16:20');
INSERT INTO therapy (id, patient_id, therapy_type_id, therapy_status, request_date) VALUES (9, 35, 9, 'VERIFIED', '2024-01-07T12:05');
INSERT INTO therapy (id, patient_id, therapy_type_id, therapy_status, request_date) VALUES (10, 21, 5, 'VERIFIED', '2024-01-06T10:00');
INSERT INTO therapy (id, patient_id, therapy_type_id, therapy_status, request_date) VALUES (12, 68, 22, 'VERIFIED', '2024-01-19T08:55');
INSERT INTO therapy (id, patient_id, therapy_type_id, therapy_status, request_date) VALUES (13, 83, 17, 'VERIFIED', '2024-01-08T13:50');
INSERT INTO therapy (id, patient_id, therapy_type_id, therapy_status, request_date) VALUES (14, 29, 30, 'VERIFIED', '2023-12-01T11:30');
INSERT INTO therapy (id, patient_id, therapy_type_id, therapy_status, request_date) VALUES (15, 60, 12, 'VERIFIED', '2023-12-03T14:20');
INSERT INTO therapy (id, patient_id, therapy_type_id, therapy_status, request_date) VALUES (16, 24, 35, 'VERIFIED', '2023-12-05T17:10');
INSERT INTO therapy (id, patient_id, therapy_type_id, therapy_status, request_date) VALUES (17, 42, 15, 'VERIFIED', '2023-12-13T17:40');
INSERT INTO therapy (id, patient_id, therapy_type_id, therapy_status, request_date) VALUES (18, 14, 20, 'VERIFIED', '2023-12-15T10:35');
INSERT INTO therapy (id, patient_id, therapy_type_id, therapy_status, request_date) VALUES (21, 33, 13, 'VERIFIED', '2024-01-12T13:10');
INSERT INTO therapy (id, patient_id, therapy_type_id, therapy_status, request_date) VALUES (22, 47, 1, 'VERIFIED', '2023-12-17T16:50');
INSERT INTO therapy (id, patient_id, therapy_type_id, therapy_status, request_date) VALUES (23, 81, 6, 'VERIFIED', '2023-12-20T19:30');
INSERT INTO therapy (id, patient_id, therapy_type_id, therapy_status, request_date) VALUES (24, 74, 25, 'VERIFIED', '2023-12-22T18:05');
INSERT INTO therapy (id, patient_id, therapy_type_id, therapy_status, request_date) VALUES (25, 28, 23, 'VERIFIED', '2023-12-24T16:40');
INSERT INTO therapy (id, patient_id, therapy_type_id, therapy_status, request_date) VALUES (26, 46, 26, 'VERIFIED', '2023-12-07T21:00');
INSERT INTO therapy (id, patient_id, therapy_type_id, therapy_status, request_date) VALUES (28, 54, 10, 'VERIFIED', '2023-12-14T15:25');
INSERT INTO therapy (id, patient_id, therapy_type_id, therapy_status, request_date) VALUES (30, 8, 18, 'VERIFIED', '2024-01-05T12:15');

INSERT INTO therapy (id, patient_id, therapy_type_id, therapy_status, request_date) VALUES (4, 37, 19, 'PENDING', '2024-01-10T20:30');
INSERT INTO therapy (id, patient_id, therapy_type_id, therapy_status, request_date) VALUES (6, 95, 16, 'PENDING', '2024-01-11T09:40');
INSERT INTO therapy (id, patient_id, therapy_type_id, therapy_status, request_date) VALUES (7, 2, 11, 'PENDING', '2024-01-14T14:15');
INSERT INTO therapy (id, patient_id, therapy_type_id, therapy_status, request_date) VALUES (11, 52, 8, 'PENDING', '2024-01-11T17:20');
INSERT INTO therapy (id, patient_id, therapy_type_id, therapy_status, request_date) VALUES (19, 97, 3, 'PENDING', '2024-01-09T11:55');
INSERT INTO therapy (id, patient_id, therapy_type_id, therapy_status, request_date) VALUES (20, 50, 31, 'PENDING', '2024-01-15T08:10');
INSERT INTO therapy (id, patient_id, therapy_type_id, therapy_status, request_date) VALUES (27, 65, 29, 'PENDING', '2024-01-11T22:45');
INSERT INTO therapy (id, patient_id, therapy_type_id, therapy_status, request_date) VALUES (29, 102, 34, 'PENDING', '2024-01-11T19:05');


INSERT INTO appointment (id, date_time, employee_id, patient_id, therapy_id, session_notes) VALUES (1, '2023-09-07T08:00', 126, 46, 26, ''); --#8G5H3, 26
INSERT INTO appointment (id, date_time, employee_id, patient_id, therapy_id, session_notes) VALUES (2, '2023-09-12T08:00', 144, 46, 26, ''); --#8G5H3, 26
INSERT INTO appointment (id, date_time, employee_id, patient_id, therapy_id, session_notes) VALUES (3, '2023-09-15T08:00', 130, 46, 26, ''); --#8G5H3, 26
INSERT INTO appointment (id, date_time, employee_id, patient_id, therapy_id, session_notes) VALUES (4, '2023-09-20T08:00', 135, 46, 26, ''); --#8G5H3, 26
INSERT INTO appointment (id, date_time, employee_id, patient_id, therapy_id, session_notes) VALUES (5, '2023-09-25T08:00', 140, 46, 26, ''); --#8G5H3, 26
INSERT INTO appointment (id, date_time, employee_id, patient_id, therapy_id, session_notes) VALUES (6, '2023-09-28T08:00', 139, 46, 26, ''); --#8G5H3, 26
INSERT INTO appointment (id, date_time, employee_id, patient_id, therapy_id, session_notes) VALUES (7, '2023-10-02T08:00', 144, 46, 26, ''); --#8G5H3, 26
INSERT INTO appointment (id, date_time, employee_id, patient_id, therapy_id, session_notes) VALUES (8, '2023-10-09T08:00', 146, 46, 26, ''); --#8G5H3, 26
INSERT INTO appointment (id, date_time, employee_id, patient_id, therapy_id, session_notes) VALUES (21, '2022-11-29T08:00', 127, 65, 27, ''); --#9P3R1, 29
INSERT INTO appointment (id, date_time, employee_id, patient_id, therapy_id, session_notes) VALUES (22, '2022-12-02T08:00', 136, 65, 27, ''); --#9P3R1, 29
INSERT INTO appointment (id, date_time, employee_id, patient_id, therapy_id, session_notes) VALUES (23, '2022-12-06T08:00', 127, 65, 27, ''); --#9P3R1, 29
INSERT INTO appointment (id, date_time, employee_id, patient_id, therapy_id, session_notes) VALUES (24, '2022-12-12T08:00', 136, 65, 27, ''); --#9P3R1, 29
INSERT INTO appointment (id, date_time, employee_id, patient_id, therapy_id, session_notes) VALUES (25, '2022-12-16T08:00', 127, 65, 27, ''); --#9P3R1, 29
INSERT INTO appointment (id, date_time, employee_id, patient_id, therapy_id, session_notes) VALUES (26, '2022-12-20T08:00', 136, 65, 27, ''); --#9P3R1, 29
INSERT INTO appointment (id, date_time, employee_id, patient_id, therapy_id, session_notes) VALUES (27, '2022-12-26T08:00', 127, 65, 27, ''); --#9P3R1, 29
INSERT INTO appointment (id, date_time, employee_id, patient_id, therapy_id, session_notes) VALUES (28, '2023-01-02T08:00', 136, 65, 27, ''); --#9P3R1, 29
INSERT INTO appointment (id, date_time, employee_id, patient_id, therapy_id, session_notes) VALUES (29, '2023-01-09T08:00', 136, 65, 27, ''); --#9P3R1, 29
INSERT INTO appointment (id, date_time, employee_id, patient_id, therapy_id, session_notes) VALUES (30, '2023-01-16T08:00', 127, 65, 27, ''); --#9P3R1, 29
INSERT INTO appointment (id, date_time, employee_id, patient_id, therapy_id, session_notes) VALUES (31, '2023-01-23T08:00', 136, 65, 27, ''); --#9P3R1, 29
INSERT INTO appointment (id, date_time, employee_id, patient_id, therapy_id, session_notes) VALUES (32, '2023-01-26T08:00', 136, 65, 27, ''); --#9P3R1, 29
INSERT INTO appointment (id, date_time, employee_id, patient_id, therapy_id, session_notes) VALUES (33, '2023-01-30T08:00', 136, 65, 27, ''); --#9P3R1, 29
INSERT INTO appointment (id, date_time, employee_id, patient_id, therapy_id, session_notes) VALUES (34, '2023-02-03T08:00', 127, 65, 27, ''); --#9P3R1, 29
INSERT INTO appointment (id, date_time, employee_id, patient_id, therapy_id, session_notes) VALUES (35, '2023-02-08T08:00', 136, 65, 27, ''); --#9P3R1, 29
INSERT INTO appointment (id, date_time, employee_id, patient_id, therapy_id, session_notes) VALUES (36, '2023-02-13T08:00', 136, 65, 27, ''); --#9P3R1, 29
INSERT INTO appointment (id, date_time, employee_id, patient_id, therapy_id, session_notes) VALUES (37, '2023-02-16T08:00', 127, 65, 27, ''); --#9P3R1, 29
INSERT INTO appointment (id, date_time, employee_id, patient_id, therapy_id, session_notes) VALUES (38, '2023-02-20T08:00', 136, 65, 27, ''); --#9P3R1, 29
INSERT INTO appointment (id, date_time, employee_id, patient_id, therapy_id, session_notes) VALUES (39, '2023-02-24T08:00', 127, 65, 27, ''); --#9P3R1, 29
INSERT INTO appointment (id, date_time, employee_id, patient_id, therapy_id, session_notes) VALUES (40, '2023-02-27T08:00', 136, 65, 27, ''); --#9P3R1, 29
INSERT INTO appointment (id, date_time, employee_id, patient_id, therapy_id, session_notes) VALUES (41, '2023-09-07T16:00', 127, 50, 20, ''); --#7X4N5, 31
INSERT INTO appointment (id, date_time, employee_id, patient_id, therapy_id, session_notes) VALUES (42, '2023-09-12T16:00', 136, 50, 20, ''); --#7X4N5, 31
INSERT INTO appointment (id, date_time, employee_id, patient_id, therapy_id, session_notes) VALUES (43, '2023-09-18T16:00', 136, 50, 20, ''); --#7X4N5, 31
INSERT INTO appointment (id, date_time, employee_id, patient_id, therapy_id, session_notes) VALUES (44, '2023-09-21T16:00', 136, 50, 20, ''); --#7X4N5, 31
INSERT INTO appointment (id, date_time, employee_id, patient_id, therapy_id, session_notes) VALUES (45, '2023-09-25T16:00', 127, 50, 20, ''); --#7X4N5, 31
INSERT INTO appointment (id, date_time, employee_id, patient_id, therapy_id, session_notes) VALUES (46, '2023-09-28T16:00', 127, 50, 20, ''); --#7X4N5, 31
INSERT INTO appointment (id, date_time, employee_id, patient_id, therapy_id, session_notes) VALUES (47, '2024-02-08T13:00', 128, 54, 28, ''); --#4N8P5, 10
INSERT INTO appointment (id, date_time, employee_id, patient_id, therapy_id, session_notes) VALUES (48, '2024-02-12T13:00', 128, 54, 28, ''); --#4N8P5, 10
INSERT INTO appointment (id, date_time, employee_id, patient_id, therapy_id, session_notes) VALUES (49, '2024-02-15T13:00', 128, 54, 28, ''); --#4N8P5, 10
INSERT INTO appointment (id, date_time, employee_id, patient_id, therapy_id, session_notes) VALUES (50, '2024-02-19T13:00', 128, 54, 28, ''); --#4N8P5, 10
INSERT INTO appointment (id, date_time, employee_id, patient_id, therapy_id, session_notes) VALUES (51, '2024-02-23T13:00', 128, 54, 28, ''); --#4N8P5, 10
INSERT INTO appointment (id, date_time, employee_id, patient_id, therapy_id, session_notes) VALUES (52, '2024-02-28T13:00', 147, 54, 28, ''); --#4N8P5, 10
INSERT INTO appointment (id, date_time, employee_id, patient_id, therapy_id, session_notes) VALUES (53, '2024-03-04T13:00', 147, 54, 28, ''); --#4N8P5, 10
INSERT INTO appointment (id, date_time, employee_id, patient_id, therapy_id, session_notes) VALUES (54, '2024-03-08T13:00', 128, 54, 28, ''); --#4N8P5, 10
INSERT INTO appointment (id, date_time, employee_id, patient_id, therapy_id, session_notes) VALUES (55, '2023-08-14T10:00', 128, 2, 7, ''); --#7R3N6, 11
INSERT INTO appointment (id, date_time, employee_id, patient_id, therapy_id, session_notes) VALUES (56, '2023-08-17T10:00', 147, 2, 7, ''); --#7R3N6, 11
INSERT INTO appointment (id, date_time, employee_id, patient_id, therapy_id, session_notes) VALUES (57, '2023-08-21T10:00', 147, 2, 7, ''); --#7R3N6, 11
INSERT INTO appointment (id, date_time, employee_id, patient_id, therapy_id, session_notes) VALUES (58, '2023-08-24T10:00', 147, 2, 7, ''); --#7R3N6, 11
INSERT INTO appointment (id, date_time, employee_id, patient_id, therapy_id, session_notes) VALUES (59, '2023-08-29T10:00', 147, 2, 7, ''); --#7R3N6, 11
INSERT INTO appointment (id, date_time, employee_id, patient_id, therapy_id, session_notes) VALUES (60, '2023-09-01T10:00', 147, 2, 7, ''); --#7R3N6, 11
INSERT INTO appointment (id, date_time, employee_id, patient_id, therapy_id, session_notes) VALUES (61, '2023-09-04T10:00', 147, 2, 7, ''); --#7R3N6, 11
INSERT INTO appointment (id, date_time, employee_id, patient_id, therapy_id, session_notes) VALUES (62, '2023-09-08T10:00', 128, 2, 7, ''); --#7R3N6, 11
INSERT INTO appointment (id, date_time, employee_id, patient_id, therapy_id, session_notes) VALUES (63, '2024-01-18T11:00', 129, 102, 29, ''); --#8D2H9, 34
INSERT INTO appointment (id, date_time, employee_id, patient_id, therapy_id, session_notes) VALUES (64, '2024-01-22T11:00', 129, 102, 29, ''); --#8D2H9, 34
INSERT INTO appointment (id, date_time, employee_id, patient_id, therapy_id, session_notes) VALUES (65, '2024-01-26T11:00', 131, 102, 29, ''); --#8D2H9, 34
INSERT INTO appointment (id, date_time, employee_id, patient_id, therapy_id, session_notes) VALUES (66, '2024-01-31T11:00', 129, 102, 29, ''); --#8D2H9, 34
INSERT INTO appointment (id, date_time, employee_id, patient_id, therapy_id, session_notes) VALUES (67, '2024-02-05T11:00', 138, 102, 29, ''); --#8D2H9, 34
INSERT INTO appointment (id, date_time, employee_id, patient_id, therapy_id, session_notes) VALUES (68, '2024-02-08T11:00', 138, 102, 29, ''); --#8D2H9, 34
INSERT INTO appointment (id, date_time, employee_id, patient_id, therapy_id, session_notes) VALUES (69, '2024-02-13T11:00', 138, 102, 29, ''); --#8D2H9, 34
INSERT INTO appointment (id, date_time, employee_id, patient_id, therapy_id, session_notes) VALUES (70, '2024-02-16T11:00', 131, 102, 29, ''); --#8D2H9, 34
INSERT INTO appointment (id, date_time, employee_id, patient_id, therapy_id, session_notes) VALUES (71, '2024-02-19T11:00', 131, 102, 29, ''); --#8D2H9, 34
INSERT INTO appointment (id, date_time, employee_id, patient_id, therapy_id, session_notes) VALUES (72, '2024-02-26T11:00', 138, 102, 29, ''); --#8D2H9, 34
INSERT INTO appointment (id, date_time, employee_id, patient_id, therapy_id, session_notes) VALUES (73, '2024-02-29T11:00', 129, 102, 29, ''); --#8D2H9, 34
INSERT INTO appointment (id, date_time, employee_id, patient_id, therapy_id, session_notes) VALUES (74, '2024-03-04T11:00', 134, 102, 29, ''); --#8D2H9, 34
INSERT INTO appointment (id, date_time, employee_id, patient_id, therapy_id, session_notes) VALUES (75, '2024-03-11T11:00', 131, 102, 29, ''); --#8D2H9, 34
INSERT INTO appointment (id, date_time, employee_id, patient_id, therapy_id, session_notes) VALUES (76, '2024-03-18T11:00', 129, 102, 29, ''); --#8D2H9, 34
INSERT INTO appointment (id, date_time, employee_id, patient_id, therapy_id, session_notes) VALUES (77, '2024-03-22T11:00', 129, 102, 29, ''); --#8D2H9, 34
INSERT INTO appointment (id, date_time, employee_id, patient_id, therapy_id, session_notes) VALUES (78, '2024-03-25T11:00', 134, 102, 29, ''); --#8D2H9, 34
INSERT INTO appointment (id, date_time, employee_id, patient_id, therapy_id, session_notes) VALUES (79, '2024-04-01T11:00', 131, 102, 29, ''); --#8D2H9, 34
INSERT INTO appointment (id, date_time, employee_id, patient_id, therapy_id, session_notes) VALUES (80, '2024-04-04T11:00', 134, 102, 29, ''); --#8D2H9, 34
INSERT INTO appointment (id, date_time, employee_id, patient_id, therapy_id, session_notes) VALUES (81, '2024-04-09T11:00', 129, 102, 29, ''); --#8D2H9, 34
INSERT INTO appointment (id, date_time, employee_id, patient_id, therapy_id, session_notes) VALUES (82, '2024-04-15T11:00', 134, 102, 29, ''); --#8D2H9, 34
INSERT INTO appointment (id, date_time, employee_id, patient_id, therapy_id, session_notes) VALUES (83, '2023-08-29T12:00', 130, 8, 30, ''); --#6W1E6, 18
INSERT INTO appointment (id, date_time, employee_id, patient_id, therapy_id, session_notes) VALUES (84, '2023-09-01T12:00', 130, 8, 30, ''); --#6W1E6, 18
INSERT INTO appointment (id, date_time, employee_id, patient_id, therapy_id, session_notes) VALUES (85, '2023-09-04T12:00', 141, 8, 30, ''); --#6W1E6, 18
INSERT INTO appointment (id, date_time, employee_id, patient_id, therapy_id, session_notes) VALUES (86, '2023-09-07T12:00', 148, 8, 30, ''); --#6W1E6, 18
INSERT INTO appointment (id, date_time, employee_id, patient_id, therapy_id, session_notes) VALUES (87, '2023-09-12T12:00', 130, 8, 30, ''); --#6W1E6, 18
INSERT INTO appointment (id, date_time, employee_id, patient_id, therapy_id, session_notes) VALUES (88, '2023-09-18T12:00', 145, 8, 30, ''); --#6W1E6, 18
INSERT INTO appointment (id, date_time, employee_id, patient_id, therapy_id, session_notes) VALUES (89, '2023-09-25T12:00', 148, 8, 30, ''); --#6W1E6, 18
INSERT INTO appointment (id, date_time, employee_id, patient_id, therapy_id, session_notes) VALUES (90, '2023-09-28T12:00', 139, 8, 30, ''); --#6W1E6, 18
INSERT INTO appointment (id, date_time, employee_id, patient_id, therapy_id, session_notes) VALUES (91, '2023-04-28T17:00', 130, 78, 8, ''); --#8I5F5, 4
INSERT INTO appointment (id, date_time, employee_id, patient_id, therapy_id, session_notes) VALUES (92, '2023-05-03T17:00', 130, 78, 8, ''); --#8I5F5, 4
INSERT INTO appointment (id, date_time, employee_id, patient_id, therapy_id, session_notes) VALUES (93, '2023-05-08T17:00', 140, 78, 8, ''); --#8I5F5, 4
INSERT INTO appointment (id, date_time, employee_id, patient_id, therapy_id, session_notes) VALUES (94, '2023-05-12T17:00', 145, 78, 8, ''); --#8I5F5, 4
INSERT INTO appointment (id, date_time, employee_id, patient_id, therapy_id, session_notes) VALUES (95, '2023-05-16T17:00', 132, 78, 8, ''); --#8I5F5, 4
INSERT INTO appointment (id, date_time, employee_id, patient_id, therapy_id, session_notes) VALUES (96, '2023-05-22T17:00', 137, 78, 8, ''); --#8I5F5, 4
INSERT INTO appointment (id, date_time, employee_id, patient_id, therapy_id, session_notes) VALUES (97, '2023-05-29T17:00', 139, 78, 8, ''); --#8I5F5, 4
INSERT INTO appointment (id, date_time, employee_id, patient_id, therapy_id, session_notes) VALUES (98, '2023-06-05T17:00', 148, 78, 8, ''); --#8I5F5, 4
INSERT INTO appointment (id, date_time, employee_id, patient_id, therapy_id, session_notes) VALUES (99, '2023-04-18T16:00', 131, 35, 9, ''); --#4D5C2, 9
INSERT INTO appointment (id, date_time, employee_id, patient_id, therapy_id, session_notes) VALUES (100, '2023-04-24T16:00', 129, 35, 9, ''); --#4D5C2, 9
INSERT INTO appointment (id, date_time, employee_id, patient_id, therapy_id, session_notes) VALUES (101, '2023-04-28T16:00', 134, 35, 9, ''); --#4D5C2, 9
INSERT INTO appointment (id, date_time, employee_id, patient_id, therapy_id, session_notes) VALUES (102, '2023-05-03T16:00', 131, 35, 9, ''); --#4D5C2, 9
INSERT INTO appointment (id, date_time, employee_id, patient_id, therapy_id, session_notes) VALUES (103, '2023-05-08T16:00', 129, 35, 9, ''); --#4D5C2, 9
INSERT INTO appointment (id, date_time, employee_id, patient_id, therapy_id, session_notes) VALUES (104, '2023-05-11T16:00', 134, 35, 9, ''); --#4D5C2, 9
INSERT INTO appointment (id, date_time, employee_id, patient_id, therapy_id, session_notes) VALUES (105, '2023-05-15T16:00', 129, 35, 9, ''); --#4D5C2, 9
INSERT INTO appointment (id, date_time, employee_id, patient_id, therapy_id, session_notes) VALUES (106, '2023-05-22T16:00', 134, 35, 9, ''); --#4D5C2, 9
INSERT INTO appointment (id, date_time, employee_id, patient_id, therapy_id, session_notes) VALUES (107, '2023-02-28T09:00', 132, 21, 10, ''); --#4C7X3, 5
INSERT INTO appointment (id, date_time, employee_id, patient_id, therapy_id, session_notes) VALUES (108, '2023-03-06T09:00', 140, 21, 10, ''); --#4C7X3, 5
INSERT INTO appointment (id, date_time, employee_id, patient_id, therapy_id, session_notes) VALUES (109, '2023-03-10T09:00', 126, 21, 10, ''); --#4C7X3, 5
INSERT INTO appointment (id, date_time, employee_id, patient_id, therapy_id, session_notes) VALUES (110, '2023-03-13T09:00', 141, 21, 10, ''); --#4C7X3, 5
INSERT INTO appointment (id, date_time, employee_id, patient_id, therapy_id, session_notes) VALUES (111, '2023-03-17T09:00', 143, 21, 10, ''); --#4C7X3, 5
INSERT INTO appointment (id, date_time, employee_id, patient_id, therapy_id, session_notes) VALUES (112, '2023-03-21T09:00', 139, 21, 10, ''); --#4C7X3, 5
INSERT INTO appointment (id, date_time, employee_id, patient_id, therapy_id, session_notes) VALUES (113, '2023-03-24T09:00', 140, 21, 10, ''); --#4C7X3, 5
INSERT INTO appointment (id, date_time, employee_id, patient_id, therapy_id, session_notes) VALUES (114, '2023-03-27T09:00', 144, 21, 10, ''); --#4C7X3, 5
INSERT INTO appointment (id, date_time, employee_id, patient_id, therapy_id, session_notes) VALUES (115, '2023-03-31T09:00', 145, 21, 10, ''); --#4C7X3, 5
INSERT INTO appointment (id, date_time, employee_id, patient_id, therapy_id, session_notes) VALUES (116, '2023-04-03T09:00', 130, 21, 10, ''); --#4C7X3, 5
INSERT INTO appointment (id, date_time, employee_id, patient_id, therapy_id, session_notes) VALUES (117, '2023-07-05T08:00', 133, 52, 11, ''); --#1G8Z3, 8
INSERT INTO appointment (id, date_time, employee_id, patient_id, therapy_id, session_notes) VALUES (118, '2023-07-10T08:00', 133, 52, 11, ''); --#1G8Z3, 8
INSERT INTO appointment (id, date_time, employee_id, patient_id, therapy_id, session_notes) VALUES (119, '2023-07-13T08:00', 133, 52, 11, ''); --#1G8Z3, 8
INSERT INTO appointment (id, date_time, employee_id, patient_id, therapy_id, session_notes) VALUES (120, '2023-07-17T08:00', 133, 52, 11, ''); --#1G8Z3, 8
INSERT INTO appointment (id, date_time, employee_id, patient_id, therapy_id, session_notes) VALUES (121, '2023-07-24T08:00', 150, 52, 11, ''); --#1G8Z3, 8
INSERT INTO appointment (id, date_time, employee_id, patient_id, therapy_id, session_notes) VALUES (122, '2023-07-27T08:00', 150, 52, 11, ''); --#1G8Z3, 8
INSERT INTO appointment (id, date_time, employee_id, patient_id, therapy_id, session_notes) VALUES (123, '2023-07-31T08:00', 150, 52, 11, ''); --#1G8Z3, 8
INSERT INTO appointment (id, date_time, employee_id, patient_id, therapy_id, session_notes) VALUES (124, '2023-08-04T08:00', 149, 52, 11, ''); --#1G8Z3, 8
INSERT INTO appointment (id, date_time, employee_id, patient_id, therapy_id, session_notes) VALUES (125, '2023-08-08T08:00', 150, 52, 11, ''); --#1G8Z3, 8
INSERT INTO appointment (id, date_time, employee_id, patient_id, therapy_id, session_notes) VALUES (126, '2023-08-14T08:00', 149, 52, 11, ''); --#1G8Z3, 8
INSERT INTO appointment (id, date_time, employee_id, patient_id, therapy_id, session_notes) VALUES (127, '2023-10-27T15:00', 133, 83, 13, ''); --#2T8L4, 17
INSERT INTO appointment (id, date_time, employee_id, patient_id, therapy_id, session_notes) VALUES (128, '2023-11-01T15:00', 137, 83, 13, ''); --#2T8L4, 17
INSERT INTO appointment (id, date_time, employee_id, patient_id, therapy_id, session_notes) VALUES (129, '2023-11-06T15:00', 139, 83, 13, ''); --#2T8L4, 17
INSERT INTO appointment (id, date_time, employee_id, patient_id, therapy_id, session_notes) VALUES (130, '2023-11-10T15:00', 126, 83, 13, ''); --#2T8L4, 17
INSERT INTO appointment (id, date_time, employee_id, patient_id, therapy_id, session_notes) VALUES (131, '2023-11-14T15:00', 130, 83, 13, ''); --#2T8L4, 17
INSERT INTO appointment (id, date_time, employee_id, patient_id, therapy_id, session_notes) VALUES (132, '2023-11-20T15:00', 135, 83, 13, ''); --#2T8L4, 17
INSERT INTO appointment (id, date_time, employee_id, patient_id, therapy_id, session_notes) VALUES (133, '2023-11-27T15:00', 132, 83, 13, ''); --#2T8L4, 17
INSERT INTO appointment (id, date_time, employee_id, patient_id, therapy_id, session_notes) VALUES (134, '2023-11-30T15:00', 142, 83, 13, ''); --#2T8L4, 17
INSERT INTO appointment (id, date_time, employee_id, patient_id, therapy_id, session_notes) VALUES (135, '2023-12-04T15:00', 142, 83, 13, ''); --#2T8L4, 17
INSERT INTO appointment (id, date_time, employee_id, patient_id, therapy_id, session_notes) VALUES (136, '2023-12-08T15:00', 139, 83, 13, ''); --#2T8L4, 17
INSERT INTO appointment (id, date_time, employee_id, patient_id, therapy_id, session_notes) VALUES (137, '2022-09-22T10:00', 134, 68, 12, ''); --#9P1H4, 22
INSERT INTO appointment (id, date_time, employee_id, patient_id, therapy_id, session_notes) VALUES (138, '2022-09-26T10:00', 144, 68, 12, ''); --#9P1H4, 22
INSERT INTO appointment (id, date_time, employee_id, patient_id, therapy_id, session_notes) VALUES (139, '2022-09-30T10:00', 148, 68, 12, ''); --#9P1H4, 22
INSERT INTO appointment (id, date_time, employee_id, patient_id, therapy_id, session_notes) VALUES (140, '2022-10-04T10:00', 130, 68, 12, ''); --#9P1H4, 22
INSERT INTO appointment (id, date_time, employee_id, patient_id, therapy_id, session_notes) VALUES (141, '2022-10-10T10:00', 143, 68, 12, ''); --#9P1H4, 22
INSERT INTO appointment (id, date_time, employee_id, patient_id, therapy_id, session_notes) VALUES (142, '2022-10-13T10:00', 126, 68, 12, ''); --#9P1H4, 22
INSERT INTO appointment (id, date_time, employee_id, patient_id, therapy_id, session_notes) VALUES (143, '2022-10-17T10:00', 144, 68, 12, ''); --#9P1H4, 22
INSERT INTO appointment (id, date_time, employee_id, patient_id, therapy_id, session_notes) VALUES (144, '2023-02-13T18:00', 134, 105, 2, ''); --#6F6P9, 7
INSERT INTO appointment (id, date_time, employee_id, patient_id, therapy_id, session_notes) VALUES (145, '2023-02-16T18:00', 133, 105, 2, ''); --#6F6P9, 7
INSERT INTO appointment (id, date_time, employee_id, patient_id, therapy_id, session_notes) VALUES (146, '2023-02-20T18:00', 149, 105, 2, ''); --#6F6P9, 7
INSERT INTO appointment (id, date_time, employee_id, patient_id, therapy_id, session_notes) VALUES (147, '2023-02-24T18:00', 133, 105, 2, ''); --#6F6P9, 7
INSERT INTO appointment (id, date_time, employee_id, patient_id, therapy_id, session_notes) VALUES (148, '2023-03-01T18:00', 133, 105, 2, ''); --#6F6P9, 7
INSERT INTO appointment (id, date_time, employee_id, patient_id, therapy_id, session_notes) VALUES (149, '2023-03-06T18:00', 133, 105, 2, ''); --#6F6P9, 7
INSERT INTO appointment (id, date_time, employee_id, patient_id, therapy_id, session_notes) VALUES (150, '2023-03-13T18:00', 150, 105, 2, ''); --#6F6P9, 7
INSERT INTO appointment (id, date_time, employee_id, patient_id, therapy_id, session_notes) VALUES (151, '2023-03-20T18:00', 133, 105, 2, ''); --#6F6P9, 7
INSERT INTO appointment (id, date_time, employee_id, patient_id, therapy_id, session_notes) VALUES (152, '2022-11-09T17:00', 135, 28, 25, ''); --#4W3F2, 23
INSERT INTO appointment (id, date_time, employee_id, patient_id, therapy_id, session_notes) VALUES (153, '2022-11-14T17:00', 131, 28, 25, ''); --#4W3F2, 23
INSERT INTO appointment (id, date_time, employee_id, patient_id, therapy_id, session_notes) VALUES (154, '2022-11-18T17:00', 138, 28, 25, ''); --#4W3F2, 23
INSERT INTO appointment (id, date_time, employee_id, patient_id, therapy_id, session_notes) VALUES (155, '2022-11-23T17:00', 138, 28, 25, ''); --#4W3F2, 23
INSERT INTO appointment (id, date_time, employee_id, patient_id, therapy_id, session_notes) VALUES (156, '2022-11-28T17:00', 131, 28, 25, ''); --#4W3F2, 23
INSERT INTO appointment (id, date_time, employee_id, patient_id, therapy_id, session_notes) VALUES (157, '2022-12-05T17:00', 129, 28, 25, ''); --#4W3F2, 23
INSERT INTO appointment (id, date_time, employee_id, patient_id, therapy_id, session_notes) VALUES (158, '2022-12-12T17:00', 129, 28, 25, ''); --#4W3F2, 23
INSERT INTO appointment (id, date_time, employee_id, patient_id, therapy_id, session_notes) VALUES (159, '2022-12-19T17:00', 129, 28, 25, ''); --#4W3F2, 23
INSERT INTO appointment (id, date_time, employee_id, patient_id, therapy_id, session_notes) VALUES (160, '2022-12-22T17:00', 129, 28, 25, ''); --#4W3F2, 23
INSERT INTO appointment (id, date_time, employee_id, patient_id, therapy_id, session_notes) VALUES (161, '2022-12-26T17:00', 131, 28, 25, ''); --#4W3F2, 23
INSERT INTO appointment (id, date_time, employee_id, patient_id, therapy_id, session_notes) VALUES (162, '2023-04-10T15:00', 135, 39, 3, ''); --#7Z8V8, 2
INSERT INTO appointment (id, date_time, employee_id, patient_id, therapy_id, session_notes) VALUES (163, '2023-04-13T15:00', 141, 39, 3, ''); --#7Z8V8, 2
INSERT INTO appointment (id, date_time, employee_id, patient_id, therapy_id, session_notes) VALUES (164, '2023-04-17T15:00', 126, 39, 3, ''); --#7Z8V8, 2
INSERT INTO appointment (id, date_time, employee_id, patient_id, therapy_id, session_notes) VALUES (165, '2023-04-24T15:00', 135, 39, 3, ''); --#7Z8V8, 2
INSERT INTO appointment (id, date_time, employee_id, patient_id, therapy_id, session_notes) VALUES (166, '2023-05-01T15:00', 141, 39, 3, ''); --#7Z8V8, 2
INSERT INTO appointment (id, date_time, employee_id, patient_id, therapy_id, session_notes) VALUES (167, '2023-05-08T15:00', 146, 39, 3, ''); --#7Z8V8, 2
INSERT INTO appointment (id, date_time, employee_id, patient_id, therapy_id, session_notes) VALUES (168, '2023-05-11T15:00', 139, 39, 3, ''); --#7Z8V8, 2
INSERT INTO appointment (id, date_time, employee_id, patient_id, therapy_id, session_notes) VALUES (169, '2023-05-16T15:00', 137, 39, 3, ''); --#7Z8V8, 2
INSERT INTO appointment (id, date_time, employee_id, patient_id, therapy_id, session_notes) VALUES (170, '2023-05-22T15:00', 146, 39, 3, ''); --#7Z8V8, 2
INSERT INTO appointment (id, date_time, employee_id, patient_id, therapy_id, session_notes) VALUES (171, '2023-05-25T15:00', 143, 39, 3, ''); --#7Z8V8, 2
INSERT INTO appointment (id, date_time, employee_id, patient_id, therapy_id, session_notes) VALUES (172, '2022-08-24T10:00', 135, 37, 4, ''); --#6B5Q3, 19
INSERT INTO appointment (id, date_time, employee_id, patient_id, therapy_id, session_notes) VALUES (173, '2022-08-29T10:00', 145, 37, 4, ''); --#6B5Q3, 19
INSERT INTO appointment (id, date_time, employee_id, patient_id, therapy_id, session_notes) VALUES (174, '2022-09-05T10:00', 140, 37, 4, ''); --#6B5Q3, 19
INSERT INTO appointment (id, date_time, employee_id, patient_id, therapy_id, session_notes) VALUES (175, '2022-09-08T10:00', 141, 37, 4, ''); --#6B5Q3, 19
INSERT INTO appointment (id, date_time, employee_id, patient_id, therapy_id, session_notes) VALUES (176, '2022-09-12T10:00', 140, 37, 4, ''); --#6B5Q3, 19
INSERT INTO appointment (id, date_time, employee_id, patient_id, therapy_id, session_notes) VALUES (177, '2022-09-15T10:00', 140, 37, 4, ''); --#6B5Q3, 19
INSERT INTO appointment (id, date_time, employee_id, patient_id, therapy_id, session_notes) VALUES (178, '2022-09-19T10:00', 142, 37, 4, ''); --#6B5Q3, 19
INSERT INTO appointment (id, date_time, employee_id, patient_id, therapy_id, session_notes) VALUES (179, '2022-09-23T10:00', 142, 37, 4, ''); --#6B5Q3, 19
INSERT INTO appointment (id, date_time, employee_id, patient_id, therapy_id, session_notes) VALUES (180, '2022-11-08T08:00', 136, 29, 14, ''); --#2J6Z7, 30
INSERT INTO appointment (id, date_time, employee_id, patient_id, therapy_id, session_notes) VALUES (181, '2022-11-14T08:00', 127, 29, 14, ''); --#2J6Z7, 30
INSERT INTO appointment (id, date_time, employee_id, patient_id, therapy_id, session_notes) VALUES (182, '2022-11-21T08:00', 136, 29, 14, ''); --#2J6Z7, 30
INSERT INTO appointment (id, date_time, employee_id, patient_id, therapy_id, session_notes) VALUES (183, '2022-11-25T08:00', 136, 29, 14, ''); --#2J6Z7, 30
INSERT INTO appointment (id, date_time, employee_id, patient_id, therapy_id, session_notes) VALUES (184, '2022-11-30T08:00', 136, 29, 14, ''); --#2J6Z7, 30
INSERT INTO appointment (id, date_time, employee_id, patient_id, therapy_id, session_notes) VALUES (185, '2022-12-05T08:00', 127, 29, 14, ''); --#2J6Z7, 30
INSERT INTO appointment (id, date_time, employee_id, patient_id, therapy_id, session_notes) VALUES (186, '2022-12-08T08:00', 127, 29, 14, ''); --#2J6Z7, 30
INSERT INTO appointment (id, date_time, employee_id, patient_id, therapy_id, session_notes) VALUES (187, '2022-12-12T08:00', 136, 29, 14, ''); --#2J6Z7, 30
INSERT INTO appointment (id, date_time, employee_id, patient_id, therapy_id, session_notes) VALUES (188, '2023-03-20T08:00', 137, 60, 15, ''); --#3H4O2, 12
INSERT INTO appointment (id, date_time, employee_id, patient_id, therapy_id, session_notes) VALUES (189, '2023-03-24T08:00', 140, 60, 15, ''); --#3H4O2, 12
INSERT INTO appointment (id, date_time, employee_id, patient_id, therapy_id, session_notes) VALUES (190, '2023-03-27T08:00', 144, 60, 15, ''); --#3H4O2, 12
INSERT INTO appointment (id, date_time, employee_id, patient_id, therapy_id, session_notes) VALUES (191, '2023-03-31T08:00', 143, 60, 15, ''); --#3H4O2, 12
INSERT INTO appointment (id, date_time, employee_id, patient_id, therapy_id, session_notes) VALUES (192, '2023-04-04T08:00', 148, 60, 15, ''); --#3H4O2, 12
INSERT INTO appointment (id, date_time, employee_id, patient_id, therapy_id, session_notes) VALUES (193, '2023-04-07T08:00', 143, 60, 15, ''); --#3H4O2, 12
INSERT INTO appointment (id, date_time, employee_id, patient_id, therapy_id, session_notes) VALUES (194, '2023-04-11T08:00', 130, 60, 15, ''); --#3H4O2, 12
INSERT INTO appointment (id, date_time, employee_id, patient_id, therapy_id, session_notes) VALUES (195, '2023-04-17T08:00', 145, 60, 15, ''); --#3H4O2, 12
INSERT INTO appointment (id, date_time, employee_id, patient_id, therapy_id, session_notes) VALUES (196, '2023-04-21T08:00', 140, 60, 15, ''); --#3H4O2, 12
INSERT INTO appointment (id, date_time, employee_id, patient_id, therapy_id, session_notes) VALUES (197, '2023-04-25T08:00', 140, 60, 15, ''); --#3H4O2, 12
INSERT INTO appointment (id, date_time, employee_id, patient_id, therapy_id, session_notes) VALUES (198, '2023-05-01T08:00', 132, 60, 15, ''); --#3H4O2, 12
INSERT INTO appointment (id, date_time, employee_id, patient_id, therapy_id, session_notes) VALUES (199, '2023-05-05T08:00', 144, 60, 15, ''); --#3H4O2, 12
INSERT INTO appointment (id, date_time, employee_id, patient_id, therapy_id, session_notes) VALUES (200, '2023-05-09T08:00', 143, 60, 15, ''); --#3H4O2, 12
INSERT INTO appointment (id, date_time, employee_id, patient_id, therapy_id, session_notes) VALUES (201, '2023-05-15T08:00', 142, 60, 15, ''); --#3H4O2, 12
INSERT INTO appointment (id, date_time, employee_id, patient_id, therapy_id, session_notes) VALUES (202, '2023-05-18T08:00', 146, 60, 15, ''); --#3H4O2, 12
INSERT INTO appointment (id, date_time, employee_id, patient_id, therapy_id, session_notes) VALUES (203, '2023-05-22T08:00', 144, 60, 15, ''); --#3H4O2, 12
INSERT INTO appointment (id, date_time, employee_id, patient_id, therapy_id, session_notes) VALUES (204, '2023-05-25T08:00', 132, 60, 15, ''); --#3H4O2, 12
INSERT INTO appointment (id, date_time, employee_id, patient_id, therapy_id, session_notes) VALUES (205, '2023-05-30T08:00', 141, 60, 15, ''); --#3H4O2, 12
INSERT INTO appointment (id, date_time, employee_id, patient_id, therapy_id, session_notes) VALUES (206, '2023-06-02T08:00', 148, 60, 15, ''); --#3H4O2, 12
INSERT INTO appointment (id, date_time, employee_id, patient_id, therapy_id, session_notes) VALUES (207, '2023-06-07T08:00', 130, 60, 15, ''); --#3H4O2, 12
INSERT INTO appointment (id, date_time, employee_id, patient_id, therapy_id, session_notes) VALUES (208, '2023-01-10T15:00', 138, 24, 16, ''); --#5I9K8, 35
INSERT INTO appointment (id, date_time, employee_id, patient_id, therapy_id, session_notes) VALUES (209, '2023-01-16T15:00', 131, 24, 16, ''); --#5I9K8, 35
INSERT INTO appointment (id, date_time, employee_id, patient_id, therapy_id, session_notes) VALUES (210, '2023-01-19T15:00', 138, 24, 16, ''); --#5I9K8, 35
INSERT INTO appointment (id, date_time, employee_id, patient_id, therapy_id, session_notes) VALUES (211, '2023-01-23T15:00', 129, 24, 16, ''); --#5I9K8, 35
INSERT INTO appointment (id, date_time, employee_id, patient_id, therapy_id, session_notes) VALUES (212, '2023-01-26T15:00', 134, 24, 16, ''); --#5I9K8, 35
INSERT INTO appointment (id, date_time, employee_id, patient_id, therapy_id, session_notes) VALUES (213, '2023-01-31T15:00', 134, 24, 16, ''); --#5I9K8, 35
INSERT INTO appointment (id, date_time, employee_id, patient_id, therapy_id, session_notes) VALUES (214, '2023-02-06T15:00', 129, 24, 16, ''); --#5I9K8, 35
INSERT INTO appointment (id, date_time, employee_id, patient_id, therapy_id, session_notes) VALUES (215, '2023-02-09T15:00', 131, 24, 16, ''); --#5I9K8, 35
INSERT INTO appointment (id, date_time, employee_id, patient_id, therapy_id, session_notes) VALUES (216, '2023-02-14T15:00', 131, 24, 16, ''); --#5I9K8, 35
INSERT INTO appointment (id, date_time, employee_id, patient_id, therapy_id, session_notes) VALUES (217, '2023-02-20T15:00', 131, 24, 16, ''); --#5I9K8, 35
INSERT INTO appointment (id, date_time, employee_id, patient_id, therapy_id, session_notes) VALUES (218, '2023-02-24T15:00', 138, 24, 16, ''); --#5I9K8, 35
INSERT INTO appointment (id, date_time, employee_id, patient_id, therapy_id, session_notes) VALUES (219, '2023-02-27T15:00', 131, 24, 16, ''); --#5I9K8, 35
INSERT INTO appointment (id, date_time, employee_id, patient_id, therapy_id, session_notes) VALUES (220, '2022-11-24T17:00', 139, 42, 17, ''); --#7P3Y5, 15
INSERT INTO appointment (id, date_time, employee_id, patient_id, therapy_id, session_notes) VALUES (221, '2022-11-28T17:00', 135, 42, 17, ''); --#7P3Y5, 15
INSERT INTO appointment (id, date_time, employee_id, patient_id, therapy_id, session_notes) VALUES (222, '2022-12-05T17:00', 143, 42, 17, ''); --#7P3Y5, 15
INSERT INTO appointment (id, date_time, employee_id, patient_id, therapy_id, session_notes) VALUES (223, '2022-12-08T17:00', 143, 42, 17, ''); --#7P3Y5, 15
INSERT INTO appointment (id, date_time, employee_id, patient_id, therapy_id, session_notes) VALUES (224, '2022-12-12T17:00', 137, 42, 17, ''); --#7P3Y5, 15
INSERT INTO appointment (id, date_time, employee_id, patient_id, therapy_id, session_notes) VALUES (225, '2022-12-16T17:00', 144, 42, 17, ''); --#7P3Y5, 15
INSERT INTO appointment (id, date_time, employee_id, patient_id, therapy_id, session_notes) VALUES (226, '2023-11-13T17:00', 140, 14, 18, ''); --#5C3G3, 20
INSERT INTO appointment (id, date_time, employee_id, patient_id, therapy_id, session_notes) VALUES (227, '2023-11-16T17:00', 132, 14, 18, ''); --#5C3G3, 20
INSERT INTO appointment (id, date_time, employee_id, patient_id, therapy_id, session_notes) VALUES (228, '2023-11-21T17:00', 146, 14, 18, ''); --#5C3G3, 20
INSERT INTO appointment (id, date_time, employee_id, patient_id, therapy_id, session_notes) VALUES (229, '2023-11-27T17:00', 132, 14, 18, ''); --#5C3G3, 20
INSERT INTO appointment (id, date_time, employee_id, patient_id, therapy_id, session_notes) VALUES (230, '2023-11-30T17:00', 141, 14, 18, ''); --#5C3G3, 20
INSERT INTO appointment (id, date_time, employee_id, patient_id, therapy_id, session_notes) VALUES (231, '2023-12-04T17:00', 148, 14, 18, ''); --#5C3G3, 20
INSERT INTO appointment (id, date_time, employee_id, patient_id, therapy_id, session_notes) VALUES (232, '2023-12-07T17:00', 132, 14, 18, ''); --#5C3G3, 20
INSERT INTO appointment (id, date_time, employee_id, patient_id, therapy_id, session_notes) VALUES (233, '2023-12-11T17:00', 146, 14, 18, ''); --#5C3G3, 20
INSERT INTO appointment (id, date_time, employee_id, patient_id, therapy_id, session_notes) VALUES (234, '2023-12-18T17:00', 143, 14, 18, ''); --#5C3G3, 20
INSERT INTO appointment (id, date_time, employee_id, patient_id, therapy_id, session_notes) VALUES (235, '2023-12-25T17:00', 126, 14, 18, ''); --#5C3G3, 20
INSERT INTO appointment (id, date_time, employee_id, patient_id, therapy_id, session_notes) VALUES (236, '2023-12-28T17:00', 141, 14, 18, ''); --#5C3G3, 20
INSERT INTO appointment (id, date_time, employee_id, patient_id, therapy_id, session_notes) VALUES (237, '2024-01-02T17:00', 145, 14, 18, ''); --#5C3G3, 20
INSERT INTO appointment (id, date_time, employee_id, patient_id, therapy_id, session_notes) VALUES (238, '2023-12-08T08:00', 141, 97, 19, ''); --#1V2V2, 3
INSERT INTO appointment (id, date_time, employee_id, patient_id, therapy_id, session_notes) VALUES (239, '2023-12-13T08:00', 142, 97, 19, ''); --#1V2V2, 3
INSERT INTO appointment (id, date_time, employee_id, patient_id, therapy_id, session_notes) VALUES (240, '2023-12-18T08:00', 132, 97, 19, ''); --#1V2V2, 3
INSERT INTO appointment (id, date_time, employee_id, patient_id, therapy_id, session_notes) VALUES (241, '2023-12-22T08:00', 143, 97, 19, ''); --#1V2V2, 3
INSERT INTO appointment (id, date_time, employee_id, patient_id, therapy_id, session_notes) VALUES (242, '2023-12-27T08:00', 141, 97, 19, ''); --#1V2V2, 3
INSERT INTO appointment (id, date_time, employee_id, patient_id, therapy_id, session_notes) VALUES (243, '2024-01-01T08:00', 148, 97, 19, ''); --#1V2V2, 3
INSERT INTO appointment (id, date_time, employee_id, patient_id, therapy_id, session_notes) VALUES (244, '2024-01-05T08:00', 139, 97, 19, ''); --#1V2V2, 3
INSERT INTO appointment (id, date_time, employee_id, patient_id, therapy_id, session_notes) VALUES (245, '2024-01-08T08:00', 144, 97, 19, ''); --#1V2V2, 3
INSERT INTO appointment (id, date_time, employee_id, patient_id, therapy_id, session_notes) VALUES (246, '2023-10-03T09:00', 142, 95, 6, ''); --#9M8D2, 16
INSERT INTO appointment (id, date_time, employee_id, patient_id, therapy_id, session_notes) VALUES (247, '2023-10-06T09:00', 143, 95, 6, ''); --#9M8D2, 16
INSERT INTO appointment (id, date_time, employee_id, patient_id, therapy_id, session_notes) VALUES (248, '2023-10-11T09:00', 144, 95, 6, ''); --#9M8D2, 16
INSERT INTO appointment (id, date_time, employee_id, patient_id, therapy_id, session_notes) VALUES (249, '2023-10-16T09:00', 141, 95, 6, ''); --#9M8D2, 16
INSERT INTO appointment (id, date_time, employee_id, patient_id, therapy_id, session_notes) VALUES (250, '2023-10-20T09:00', 144, 95, 6, ''); --#9M8D2, 16
INSERT INTO appointment (id, date_time, employee_id, patient_id, therapy_id, session_notes) VALUES (251, '2023-10-24T09:00', 145, 95, 6, ''); --#9M8D2, 16
INSERT INTO appointment (id, date_time, employee_id, patient_id, therapy_id, session_notes) VALUES (252, '2023-10-30T09:00', 132, 95, 6, ''); --#9M8D2, 16
INSERT INTO appointment (id, date_time, employee_id, patient_id, therapy_id, session_notes) VALUES (253, '2023-11-06T09:00', 145, 95, 6, ''); --#9M8D2, 16
INSERT INTO appointment (id, date_time, employee_id, patient_id, therapy_id, session_notes) VALUES (254, '2023-11-10T09:00', 148, 95, 6, ''); --#9M8D2, 16
INSERT INTO appointment (id, date_time, employee_id, patient_id, therapy_id, session_notes) VALUES (255, '2023-11-14T09:00', 137, 95, 6, ''); --#9M8D2, 16
INSERT INTO appointment (id, date_time, employee_id, patient_id, therapy_id, session_notes) VALUES (256, '2023-06-12T16:00', 143, 33, 21, ''); --#6F2G1, 13
INSERT INTO appointment (id, date_time, employee_id, patient_id, therapy_id, session_notes) VALUES (257, '2023-06-19T16:00', 145, 33, 21, ''); --#6F2G1, 13
INSERT INTO appointment (id, date_time, employee_id, patient_id, therapy_id, session_notes) VALUES (258, '2023-06-23T16:00', 142, 33, 21, ''); --#6F2G1, 13
INSERT INTO appointment (id, date_time, employee_id, patient_id, therapy_id, session_notes) VALUES (259, '2023-06-27T16:00', 146, 33, 21, ''); --#6F2G1, 13
INSERT INTO appointment (id, date_time, employee_id, patient_id, therapy_id, session_notes) VALUES (260, '2023-07-03T16:00', 137, 33, 21, ''); --#6F2G1, 13
INSERT INTO appointment (id, date_time, employee_id, patient_id, therapy_id, session_notes) VALUES (261, '2023-07-06T16:00', 139, 33, 21, ''); --#6F2G1, 13
INSERT INTO appointment (id, date_time, employee_id, patient_id, therapy_id, session_notes) VALUES (262, '2023-07-10T16:00', 130, 33, 21, ''); --#6F2G1, 13
INSERT INTO appointment (id, date_time, employee_id, patient_id, therapy_id, session_notes) VALUES (263, '2023-07-17T16:00', 137, 33, 21, ''); --#6F2G1, 13
INSERT INTO appointment (id, date_time, employee_id, patient_id, therapy_id, session_notes) VALUES (264, '2023-05-24T10:00', 144, 47, 22, ''); --#5G3Y4, 1
INSERT INTO appointment (id, date_time, employee_id, patient_id, therapy_id, session_notes) VALUES (265, '2023-05-29T10:00', 140, 47, 22, ''); --#5G3Y4, 1
INSERT INTO appointment (id, date_time, employee_id, patient_id, therapy_id, session_notes) VALUES (266, '2023-06-05T10:00', 130, 47, 22, ''); --#5G3Y4, 1
INSERT INTO appointment (id, date_time, employee_id, patient_id, therapy_id, session_notes) VALUES (267, '2023-06-09T10:00', 144, 47, 22, ''); --#5G3Y4, 1
INSERT INTO appointment (id, date_time, employee_id, patient_id, therapy_id, session_notes) VALUES (268, '2023-06-12T10:00', 130, 47, 22, ''); --#5G3Y4, 1
INSERT INTO appointment (id, date_time, employee_id, patient_id, therapy_id, session_notes) VALUES (269, '2023-06-19T10:00', 141, 47, 22, ''); --#5G3Y4, 1
INSERT INTO appointment (id, date_time, employee_id, patient_id, therapy_id, session_notes) VALUES (270, '2023-06-26T10:00', 135, 47, 22, ''); --#5G3Y4, 1
INSERT INTO appointment (id, date_time, employee_id, patient_id, therapy_id, session_notes) VALUES (271, '2023-06-29T10:00', 148, 47, 22, ''); --#5G3Y4, 1
INSERT INTO appointment (id, date_time, employee_id, patient_id, therapy_id, session_notes) VALUES (272, '2023-07-03T10:00', 145, 47, 22, ''); --#5G3Y4, 1
INSERT INTO appointment (id, date_time, employee_id, patient_id, therapy_id, session_notes) VALUES (273, '2023-07-06T10:00', 140, 47, 22, ''); --#5G3Y4, 1
INSERT INTO appointment (id, date_time, employee_id, patient_id, therapy_id, session_notes) VALUES (274, '2023-07-10T10:00', 132, 47, 22, ''); --#5G3Y4, 1
INSERT INTO appointment (id, date_time, employee_id, patient_id, therapy_id, session_notes) VALUES (275, '2023-07-14T10:00', 143, 47, 22, ''); --#5G3Y4, 1
INSERT INTO appointment (id, date_time, employee_id, patient_id, therapy_id, session_notes) VALUES (276, '2023-02-03T11:00', 145, 81, 23, ''); --#1R2Y1, 6
INSERT INTO appointment (id, date_time, employee_id, patient_id, therapy_id, session_notes) VALUES (277, '2023-02-07T11:00', 139, 81, 23, ''); --#1R2Y1, 6
INSERT INTO appointment (id, date_time, employee_id, patient_id, therapy_id, session_notes) VALUES (278, '2023-02-13T11:00', 141, 81, 23, ''); --#1R2Y1, 6
INSERT INTO appointment (id, date_time, employee_id, patient_id, therapy_id, session_notes) VALUES (279, '2023-02-17T11:00', 130, 81, 23, ''); --#1R2Y1, 6
INSERT INTO appointment (id, date_time, employee_id, patient_id, therapy_id, session_notes) VALUES (280, '2023-02-22T11:00', 132, 81, 23, ''); --#1R2Y1, 6
INSERT INTO appointment (id, date_time, employee_id, patient_id, therapy_id, session_notes) VALUES (281, '2023-02-27T11:00', 140, 81, 23, ''); --#1R2Y1, 6
INSERT INTO appointment (id, date_time, employee_id, patient_id, therapy_id, session_notes) VALUES (282, '2023-03-06T11:00', 145, 81, 23, ''); --#1R2Y1, 6
INSERT INTO appointment (id, date_time, employee_id, patient_id, therapy_id, session_notes) VALUES (283, '2023-03-10T11:00', 141, 81, 23, ''); --#1R2Y1, 6
INSERT INTO appointment (id, date_time, employee_id, patient_id, therapy_id, session_notes) VALUES (284, '2023-11-10T18:00', 146, 74, 24, ''); --#8K1H7, 25
INSERT INTO appointment (id, date_time, employee_id, patient_id, therapy_id, session_notes) VALUES (285, '2023-11-13T18:00', 143, 74, 24, ''); --#8K1H7, 25
INSERT INTO appointment (id, date_time, employee_id, patient_id, therapy_id, session_notes) VALUES (286, '2023-11-17T18:00', 148, 74, 24, ''); --#8K1H7, 25
INSERT INTO appointment (id, date_time, employee_id, patient_id, therapy_id, session_notes) VALUES (287, '2023-11-20T18:00', 143, 74, 24, ''); --#8K1H7, 25
INSERT INTO appointment (id, date_time, employee_id, patient_id, therapy_id, session_notes) VALUES (288, '2023-11-24T18:00', 126, 74, 24, ''); --#8K1H7, 25
INSERT INTO appointment (id, date_time, employee_id, patient_id, therapy_id, session_notes) VALUES (289, '2023-11-29T18:00', 142, 74, 24, ''); --#8K1H7, 25
INSERT INTO appointment (id, date_time, employee_id, patient_id, therapy_id, session_notes) VALUES (290, '2023-12-04T18:00', 142, 74, 24, ''); --#8K1H7, 25
INSERT INTO appointment (id, date_time, employee_id, patient_id, therapy_id, session_notes) VALUES (291, '2023-05-22T08:00', 147, 18, 5, ''); --#2K6H8, 37
INSERT INTO appointment (id, date_time, employee_id, patient_id, therapy_id, session_notes) VALUES (292, '2023-05-29T08:00', 147, 18, 5, ''); --#2K6H8, 37
INSERT INTO appointment (id, date_time, employee_id, patient_id, therapy_id, session_notes) VALUES (293, '2023-06-05T08:00', 147, 18, 5, ''); --#2K6H8, 37
INSERT INTO appointment (id, date_time, employee_id, patient_id, therapy_id, session_notes) VALUES (294, '2023-06-08T08:00', 128, 18, 5, ''); --#2K6H8, 37
INSERT INTO appointment (id, date_time, employee_id, patient_id, therapy_id, session_notes) VALUES (295, '2023-06-12T08:00', 128, 18, 5, ''); --#2K6H8, 37
INSERT INTO appointment (id, date_time, employee_id, patient_id, therapy_id, session_notes) VALUES (296, '2023-06-16T08:00', 147, 18, 5, ''); --#2K6H8, 37
INSERT INTO appointment (id, date_time, employee_id, patient_id, therapy_id, session_notes) VALUES (297, '2023-06-20T08:00', 147, 18, 5, ''); --#2K6H8, 37