INSERT INTO _user (status, id, email, first_name, last_name, password, role) VALUES ('ACTIVE', 6000, 'admin@gmail.com', 'John', 'Doe', '$2a$12$AgOr5O5nmLlIgsBgHrP57eouuZ9XRgOX.evYytR7oZ.XRBrgCS65W', 'ADMIN');
--password : password
INSERT INTO _user (created_at, id, email, first_name, last_name, password, role, status) VALUES ('2022-12-30T16:55', 1, 'lorena.crnković@gmail.com', 'Lorena', 'Crnković', '$2a$12$MlnyH21ePO39K3ufi9qxO.MXpbIJqThmjnuR0J8mqqhxizKIeqeC6', 'PATIENT', 'ACTIVE');
INSERT INTO patient (id, date_of_birth, address, mbo, oib, phone_number) VALUES (1, '1976-12-11', 'Erdodyeva 10', '6537178932', '737857884', '0928843611');
INSERT INTO _user (created_at, id, email, first_name, last_name, password, role, status) VALUES ('2023-04-26T01:26', 2, 'matilda.bašić@outlook.com', 'Matilda', 'Bašić', '$2a$12$MlnyH21ePO39K3ufi9qxO.MXpbIJqThmjnuR0J8mqqhxizKIeqeC6', 'PATIENT', 'ACTIVE');
INSERT INTO patient (id, date_of_birth, address, mbo, oib, phone_number) VALUES (2, '1970-11-08', 'Livadićeva 02', '1772665500', '407964028', '0918004773');
INSERT INTO _user (created_at, id, email, first_name, last_name, password, role, status) VALUES ('2022-10-01T05:38', 3, 'vedrana.đurić@outlook.com', 'Vedrana', 'Đurić', '$2a$12$MlnyH21ePO39K3ufi9qxO.MXpbIJqThmjnuR0J8mqqhxizKIeqeC6', 'PATIENT', 'ACTIVE');
INSERT INTO patient (id, date_of_birth, address, mbo, oib, phone_number) VALUES (3, '1964-03-30', 'Gajeva 42', '8591800096', '167108812', '0911205044');
INSERT INTO _user (created_at, id, email, first_name, last_name, password, role, status) VALUES ('2023-08-17T07:34', 4, 'pavica.andrić@gmail.com', 'Pavica', 'Andrić', '$2a$12$MlnyH21ePO39K3ufi9qxO.MXpbIJqThmjnuR0J8mqqhxizKIeqeC6', 'PATIENT', 'ACTIVE');
INSERT INTO patient (id, date_of_birth, address, mbo, oib, phone_number) VALUES (4, '1983-08-28', 'Pierottijeva 48', '3419440963', '299565063', '0984627701');
INSERT INTO _user (created_at, id, email, first_name, last_name, password, role, status) VALUES ('2022-12-24T13:15', 5, 'franica.lukić@yahoo.com', 'Franica', 'Lukić', '$2a$12$MlnyH21ePO39K3ufi9qxO.MXpbIJqThmjnuR0J8mqqhxizKIeqeC6', 'PATIENT', 'ACTIVE');
INSERT INTO patient (id, date_of_birth, address, mbo, oib, phone_number) VALUES (5, '1996-04-07', 'Tkalčićeva 02', '4658326649', '945047932', '0958761840');
INSERT INTO _user (created_at, id, email, first_name, last_name, password, role, status) VALUES ('2023-04-12T15:30', 6, 'silvija.radošević@icloud.com', 'Silvija', 'Radošević', '$2a$12$MlnyH21ePO39K3ufi9qxO.MXpbIJqThmjnuR0J8mqqhxizKIeqeC6', 'PATIENT', 'ACTIVE');
INSERT INTO patient (id, date_of_birth, address, mbo, oib, phone_number) VALUES (6, '1976-06-16', 'Petrićeva 01', '6711248240', '605738131', '0986532103');
INSERT INTO _user (created_at, id, email, first_name, last_name, password, role, status) VALUES ('2022-10-12T20:08', 7, 'tereza.pintarić@yahoo.com', 'Tereza', 'Pintarić', '$2a$12$MlnyH21ePO39K3ufi9qxO.MXpbIJqThmjnuR0J8mqqhxizKIeqeC6', 'PATIENT', 'ACTIVE');
INSERT INTO patient (id, date_of_birth, address, mbo, oib, phone_number) VALUES (7, '1993-10-19', 'Boškovićeva 13', '1598567925', '543381904', '0915260415');
INSERT INTO _user (created_at, id, email, first_name, last_name, password, role, status) VALUES ('2022-09-22T02:44', 8, 'franka.gregurić@outlook.com', 'Franka', 'Gregurić', '$2a$12$MlnyH21ePO39K3ufi9qxO.MXpbIJqThmjnuR0J8mqqhxizKIeqeC6', 'PATIENT', 'ACTIVE');
INSERT INTO patient (id, date_of_birth, address, mbo, oib, phone_number) VALUES (8, '1962-08-07', 'Bauerova 11', '4004138126', '016142041', '0983905228');
INSERT INTO _user (created_at, id, email, first_name, last_name, password, role, status) VALUES ('2023-05-29T06:29', 9, 'nada.dragičević@gmail.com', 'Nada', 'Dragičević', '$2a$12$MlnyH21ePO39K3ufi9qxO.MXpbIJqThmjnuR0J8mqqhxizKIeqeC6', 'PATIENT', 'ACTIVE');
INSERT INTO patient (id, date_of_birth, address, mbo, oib, phone_number) VALUES (9, '1964-09-16', 'Plemićeva 29', '8259507459', '680759779', '0957706194');
INSERT INTO _user (created_at, id, email, first_name, last_name, password, role, status) VALUES ('2023-06-16T17:16', 10, 'korina.katić@outlook.com', 'Korina', 'Katić', '$2a$12$MlnyH21ePO39K3ufi9qxO.MXpbIJqThmjnuR0J8mqqhxizKIeqeC6', 'PATIENT', 'ACTIVE');
INSERT INTO patient (id, date_of_birth, address, mbo, oib, phone_number) VALUES (10, '1967-01-05', 'Tkalčićeva 16', '6861272403', '908166761', '0982510830');
INSERT INTO _user (created_at, id, email, first_name, last_name, password, role, status) VALUES ('2023-10-31T07:56', 11, 'tonka.petrović@icloud.com', 'Tonka', 'Petrović', '$2a$12$MlnyH21ePO39K3ufi9qxO.MXpbIJqThmjnuR0J8mqqhxizKIeqeC6', 'PATIENT', 'ACTIVE');
INSERT INTO patient (id, date_of_birth, address, mbo, oib, phone_number) VALUES (11, '1992-07-05', 'Ožegovićeva 46', '4307549393', '137861708', '0977097129');
INSERT INTO _user (created_at, id, email, first_name, last_name, password, role, status) VALUES ('2022-11-02T05:57', 12, 'goranka.jakovljević@outlook.com', 'Goranka', 'Jakovljević', '$2a$12$MlnyH21ePO39K3ufi9qxO.MXpbIJqThmjnuR0J8mqqhxizKIeqeC6', 'PATIENT', 'ACTIVE');
INSERT INTO patient (id, date_of_birth, address, mbo, oib, phone_number) VALUES (12, '1974-06-30', 'Kožarska 07', '4038471738', '999999943', '0915724983');
INSERT INTO _user (created_at, id, email, first_name, last_name, password, role, status) VALUES ('2022-12-19T13:43', 13, 'željkica.vukelić@icloud.com', 'Željkica', 'Vukelić', '$2a$12$MlnyH21ePO39K3ufi9qxO.MXpbIJqThmjnuR0J8mqqhxizKIeqeC6', 'PATIENT', 'ACTIVE');
INSERT INTO patient (id, date_of_birth, address, mbo, oib, phone_number) VALUES (13, '1997-11-07', 'Ulica Bartola Kašića 08', '0932646581', '492387117', '0970164441');
INSERT INTO _user (created_at, id, email, first_name, last_name, password, role, status) VALUES ('2023-08-31T01:14', 14, 'violeta.benčić@gmail.com', 'Violeta', 'Benčić', '$2a$12$MlnyH21ePO39K3ufi9qxO.MXpbIJqThmjnuR0J8mqqhxizKIeqeC6', 'PATIENT', 'ACTIVE');
INSERT INTO patient (id, date_of_birth, address, mbo, oib, phone_number) VALUES (14, '1973-06-26', 'Kačićeva 32', '5935565968', '343804676', '0913869883');
INSERT INTO _user (created_at, id, email, first_name, last_name, password, role, status) VALUES ('2023-04-05T21:08', 15, 'štefica.perković@yahoo.com', 'Štefica', 'Perković', '$2a$12$MlnyH21ePO39K3ufi9qxO.MXpbIJqThmjnuR0J8mqqhxizKIeqeC6', 'PATIENT', 'ACTIVE');
INSERT INTO patient (id, date_of_birth, address, mbo, oib, phone_number) VALUES (15, '1974-05-26', 'Ulica Šandora Brešćenskog 29', '5178335222', '425514718', '0928169495');
INSERT INTO _user (created_at, id, email, first_name, last_name, password, role, status) VALUES ('2023-12-21T15:01', 16, 'stana.mikulić@icloud.com', 'Stana', 'Mikulić', '$2a$12$MlnyH21ePO39K3ufi9qxO.MXpbIJqThmjnuR0J8mqqhxizKIeqeC6', 'PATIENT', 'ACTIVE');
INSERT INTO patient (id, date_of_birth, address, mbo, oib, phone_number) VALUES (16, '1952-04-20', 'Laginjina 32', '9813595048', '560827424', '0975902919');
INSERT INTO _user (created_at, id, email, first_name, last_name, password, role, status) VALUES ('2022-11-06T05:41', 17, 'anja.pranjić@outlook.com', 'Anja', 'Pranjić', '$2a$12$MlnyH21ePO39K3ufi9qxO.MXpbIJqThmjnuR0J8mqqhxizKIeqeC6', 'PATIENT', 'ACTIVE');
INSERT INTO patient (id, date_of_birth, address, mbo, oib, phone_number) VALUES (17, '1952-01-11', 'Novakova 17', '3462022103', '558911457', '0926006906');
INSERT INTO _user (created_at, id, email, first_name, last_name, password, role, status) VALUES ('2023-04-08T12:47', 18, 'neda.turković@outlook.com', 'Neda', 'Turković', '$2a$12$MlnyH21ePO39K3ufi9qxO.MXpbIJqThmjnuR0J8mqqhxizKIeqeC6', 'PATIENT', 'ACTIVE');
INSERT INTO patient (id, date_of_birth, address, mbo, oib, phone_number) VALUES (18, '1990-12-11', 'Ulica Elenore Patačić 29', '5219162067', '607255515', '0923144423');
INSERT INTO _user (created_at, id, email, first_name, last_name, password, role, status) VALUES ('2024-01-09T17:33', 19, 'božana.savić@outlook.com', 'Božana', 'Savić', '$2a$12$MlnyH21ePO39K3ufi9qxO.MXpbIJqThmjnuR0J8mqqhxizKIeqeC6', 'PATIENT', 'ACTIVE');
INSERT INTO patient (id, date_of_birth, address, mbo, oib, phone_number) VALUES (19, '1957-08-28', 'Mala ulica 24', '2597272874', '130709628', '0982443967');
INSERT INTO _user (created_at, id, email, first_name, last_name, password, role, status) VALUES ('2022-09-16T12:50', 20, 'anamarija.popović@icloud.com', 'Anamarija', 'Popović', '$2a$12$MlnyH21ePO39K3ufi9qxO.MXpbIJqThmjnuR0J8mqqhxizKIeqeC6', 'PATIENT', 'ACTIVE');
INSERT INTO patient (id, date_of_birth, address, mbo, oib, phone_number) VALUES (20, '1999-09-03', 'Bakačeva 31', '8626499099', '266566108', '0954547409');
INSERT INTO _user (created_at, id, email, first_name, last_name, password, role, status) VALUES ('2023-01-01T06:20', 21, 'vjekoslava.tomašić@gmail.com', 'Vjekoslava', 'Tomašić', '$2a$12$MlnyH21ePO39K3ufi9qxO.MXpbIJqThmjnuR0J8mqqhxizKIeqeC6', 'PATIENT', 'ACTIVE');
INSERT INTO patient (id, date_of_birth, address, mbo, oib, phone_number) VALUES (21, '1982-11-07', 'Trg Petra Krešimira IV. 08', '9703651439', '461631195', '0922496386');
INSERT INTO _user (created_at, id, email, first_name, last_name, password, role, status) VALUES ('2022-11-28T15:21', 22, 'mare.petrić@yahoo.com', 'Mare', 'Petrić', '$2a$12$MlnyH21ePO39K3ufi9qxO.MXpbIJqThmjnuR0J8mqqhxizKIeqeC6', 'PATIENT', 'ACTIVE');
INSERT INTO patient (id, date_of_birth, address, mbo, oib, phone_number) VALUES (22, '1999-06-17', 'Kordunska 46', '9265455412', '178498027', '0916278824');
INSERT INTO _user (created_at, id, email, first_name, last_name, password, role, status) VALUES ('2023-01-29T03:07', 23, 'brigita.đurđević@icloud.com', 'Brigita', 'Đurđević', '$2a$12$MlnyH21ePO39K3ufi9qxO.MXpbIJqThmjnuR0J8mqqhxizKIeqeC6', 'PATIENT', 'ACTIVE');
INSERT INTO patient (id, date_of_birth, address, mbo, oib, phone_number) VALUES (23, '1970-04-04', 'Preobraženska 38', '2366893966', '183907396', '0982637412');
INSERT INTO _user (created_at, id, email, first_name, last_name, password, role, status) VALUES ('2023-09-06T09:40', 24, 'ema.marković@outlook.com', 'Ema', 'Marković', '$2a$12$MlnyH21ePO39K3ufi9qxO.MXpbIJqThmjnuR0J8mqqhxizKIeqeC6', 'PATIENT', 'ACTIVE');
INSERT INTO patient (id, date_of_birth, address, mbo, oib, phone_number) VALUES (24, '1987-12-09', 'Dolac 10', '8988434197', '106803677', '0987301399');
INSERT INTO _user (created_at, id, email, first_name, last_name, password, role, status) VALUES ('2023-11-23T06:58', 25, 'marta.lončar@yahoo.com', 'Marta', 'Lončar', '$2a$12$MlnyH21ePO39K3ufi9qxO.MXpbIJqThmjnuR0J8mqqhxizKIeqeC6', 'PATIENT', 'ACTIVE');
INSERT INTO patient (id, date_of_birth, address, mbo, oib, phone_number) VALUES (25, '1992-12-30', 'Jagićeva 47', '8268147780', '907722519', '0981919357');
INSERT INTO _user (created_at, id, email, first_name, last_name, password, role, status) VALUES ('2023-11-09T02:48', 26, 'majda.lukić@gmail.com', 'Majda', 'Lukić', '$2a$12$MlnyH21ePO39K3ufi9qxO.MXpbIJqThmjnuR0J8mqqhxizKIeqeC6', 'PATIENT', 'ACTIVE');
INSERT INTO patient (id, date_of_birth, address, mbo, oib, phone_number) VALUES (26, '1965-02-17', 'Mrazovićeva 23', '1729617690', '417139837', '0913245875');
INSERT INTO _user (created_at, id, email, first_name, last_name, password, role, status) VALUES ('2023-12-19T00:50', 27, 'stoja.stanić@gmail.com', 'Stoja', 'Stanić', '$2a$12$MlnyH21ePO39K3ufi9qxO.MXpbIJqThmjnuR0J8mqqhxizKIeqeC6', 'PATIENT', 'ACTIVE');
INSERT INTO patient (id, date_of_birth, address, mbo, oib, phone_number) VALUES (27, '1971-06-06', 'Dalmatinska 01', '5340938635', '373531192', '0957287866');
INSERT INTO _user (created_at, id, email, first_name, last_name, password, role, status) VALUES ('2023-02-09T00:56', 28, 'ljubica.martić@gmail.com', 'Ljubica', 'Martić', '$2a$12$MlnyH21ePO39K3ufi9qxO.MXpbIJqThmjnuR0J8mqqhxizKIeqeC6', 'PATIENT', 'ACTIVE');
INSERT INTO patient (id, date_of_birth, address, mbo, oib, phone_number) VALUES (28, '1990-05-19', 'Šubićeva 49', '1572935393', '599616474', '0975421549');
INSERT INTO _user (created_at, id, email, first_name, last_name, password, role, status) VALUES ('2023-02-06T19:56', 29, 'nediljka.karlović@icloud.com', 'Nediljka', 'Karlović', '$2a$12$MlnyH21ePO39K3ufi9qxO.MXpbIJqThmjnuR0J8mqqhxizKIeqeC6', 'PATIENT', 'ACTIVE');
INSERT INTO patient (id, date_of_birth, address, mbo, oib, phone_number) VALUES (29, '1984-05-05', 'Račkoga 06', '7332789477', '439120826', '0955986028');
INSERT INTO _user (created_at, id, email, first_name, last_name, password, role, status) VALUES ('2022-10-15T16:31', 30, 'margareta.erceg@icloud.com', 'Margareta', 'Erceg', '$2a$12$MlnyH21ePO39K3ufi9qxO.MXpbIJqThmjnuR0J8mqqhxizKIeqeC6', 'PATIENT', 'ACTIVE');
INSERT INTO patient (id, date_of_birth, address, mbo, oib, phone_number) VALUES (30, '1952-02-22', 'Savska 18', '2380016652', '221434949', '0983698204');
INSERT INTO _user (created_at, id, email, first_name, last_name, password, role, status) VALUES ('2023-04-17T08:02', 31, 'anita.martić@gmail.com', 'Anita', 'Martić', '$2a$12$MlnyH21ePO39K3ufi9qxO.MXpbIJqThmjnuR0J8mqqhxizKIeqeC6', 'PATIENT', 'ACTIVE');
INSERT INTO patient (id, date_of_birth, address, mbo, oib, phone_number) VALUES (31, '1973-05-18', 'Splavnica 10', '1933127411', '771058383', '0919128398');
INSERT INTO _user (created_at, id, email, first_name, last_name, password, role, status) VALUES ('2023-02-22T05:16', 32, 'ema.lončar@yahoo.com', 'Ema', 'Lončar', '$2a$12$MlnyH21ePO39K3ufi9qxO.MXpbIJqThmjnuR0J8mqqhxizKIeqeC6', 'PATIENT', 'ACTIVE');
INSERT INTO patient (id, date_of_birth, address, mbo, oib, phone_number) VALUES (32, '1967-01-21', 'Degenova 30', '7868124352', '873739885', '0980483827');
INSERT INTO _user (created_at, id, email, first_name, last_name, password, role, status) VALUES ('2022-09-08T21:58', 33, 'slobodanka.filipović@icloud.com', 'Slobodanka', 'Filipović', '$2a$12$MlnyH21ePO39K3ufi9qxO.MXpbIJqThmjnuR0J8mqqhxizKIeqeC6', 'PATIENT', 'ACTIVE');
INSERT INTO patient (id, date_of_birth, address, mbo, oib, phone_number) VALUES (33, '2000-07-29', 'Primorska 30', '4463237022', '811190925', '0974637978');
INSERT INTO _user (created_at, id, email, first_name, last_name, password, role, status) VALUES ('2023-03-15T15:23', 34, 'bruna.dujmović@gmail.com', 'Bruna', 'Dujmović', '$2a$12$MlnyH21ePO39K3ufi9qxO.MXpbIJqThmjnuR0J8mqqhxizKIeqeC6', 'PATIENT', 'ACTIVE');
INSERT INTO patient (id, date_of_birth, address, mbo, oib, phone_number) VALUES (34, '1976-05-26', 'Vojnovićeva 03', '2788393086', '364786150', '0922263862');
INSERT INTO _user (created_at, id, email, first_name, last_name, password, role, status) VALUES ('2023-09-21T03:44', 35, 'tomislava.pavić@outlook.com', 'Tomislava', 'Pavić', '$2a$12$MlnyH21ePO39K3ufi9qxO.MXpbIJqThmjnuR0J8mqqhxizKIeqeC6', 'PATIENT', 'ACTIVE');
INSERT INTO patient (id, date_of_birth, address, mbo, oib, phone_number) VALUES (35, '1961-07-03', 'Ulica Vladimira Nazora 02', '3076602879', '023597665', '0972439839');
INSERT INTO _user (created_at, id, email, first_name, last_name, password, role, status) VALUES ('2023-01-10T01:38', 36, 'stela.jovanović@icloud.com', 'Stela', 'Jovanović', '$2a$12$MlnyH21ePO39K3ufi9qxO.MXpbIJqThmjnuR0J8mqqhxizKIeqeC6', 'PATIENT', 'ACTIVE');
INSERT INTO patient (id, date_of_birth, address, mbo, oib, phone_number) VALUES (36, '2002-06-02', 'Arnoldova 24', '3143205539', '970909335', '0927744293');
INSERT INTO _user (created_at, id, email, first_name, last_name, password, role, status) VALUES ('2023-12-05T19:44', 37, 'erika.jurjević@outlook.com', 'Erika', 'Jurjević', '$2a$12$MlnyH21ePO39K3ufi9qxO.MXpbIJqThmjnuR0J8mqqhxizKIeqeC6', 'PATIENT', 'ACTIVE');
INSERT INTO patient (id, date_of_birth, address, mbo, oib, phone_number) VALUES (37, '1992-03-24', 'Vodnikova 42', '3556047082', '132418734', '0914044632');
INSERT INTO _user (created_at, id, email, first_name, last_name, password, role, status) VALUES ('2023-12-09T17:57', 38, 'paola.pavlić@outlook.com', 'Paola', 'Pavlić', '$2a$12$MlnyH21ePO39K3ufi9qxO.MXpbIJqThmjnuR0J8mqqhxizKIeqeC6', 'PATIENT', 'ACTIVE');
INSERT INTO patient (id, date_of_birth, address, mbo, oib, phone_number) VALUES (38, '1965-01-17', 'Bauerova 49', '6360738317', '231052673', '0922028539');
INSERT INTO _user (created_at, id, email, first_name, last_name, password, role, status) VALUES ('2023-11-06T20:44', 39, 'emina.pranjić@outlook.com', 'Emina', 'Pranjić', '$2a$12$MlnyH21ePO39K3ufi9qxO.MXpbIJqThmjnuR0J8mqqhxizKIeqeC6', 'PATIENT', 'ACTIVE');
INSERT INTO patient (id, date_of_birth, address, mbo, oib, phone_number) VALUES (39, '1978-03-30', 'Teslina 09', '9204229118', '721157640', '0957981535');
INSERT INTO _user (created_at, id, email, first_name, last_name, password, role, status) VALUES ('2023-10-06T10:47', 40, 'erika.andrić@outlook.com', 'Erika', 'Andrić', '$2a$12$MlnyH21ePO39K3ufi9qxO.MXpbIJqThmjnuR0J8mqqhxizKIeqeC6', 'PATIENT', 'ACTIVE');
INSERT INTO patient (id, date_of_birth, address, mbo, oib, phone_number) VALUES (40, '1950-04-13', 'Laginjina 43', '3829388475', '087386536', '0920814202');
INSERT INTO _user (created_at, id, email, first_name, last_name, password, role, status) VALUES ('2023-03-14T13:11', 41, 'nedjeljka.živković@outlook.com', 'Nedjeljka', 'Živković', '$2a$12$MlnyH21ePO39K3ufi9qxO.MXpbIJqThmjnuR0J8mqqhxizKIeqeC6', 'PATIENT', 'ACTIVE');
INSERT INTO patient (id, date_of_birth, address, mbo, oib, phone_number) VALUES (41, '1961-11-12', 'Nova Ves 12', '6868287608', '431879751', '0922179668');
INSERT INTO _user (created_at, id, email, first_name, last_name, password, role, status) VALUES ('2024-01-05T16:09', 42, 'jovanka.đukić@gmail.com', 'Jovanka', 'Đukić', '$2a$12$MlnyH21ePO39K3ufi9qxO.MXpbIJqThmjnuR0J8mqqhxizKIeqeC6', 'PATIENT', 'ACTIVE');
INSERT INTO patient (id, date_of_birth, address, mbo, oib, phone_number) VALUES (42, '1962-06-21', 'Savska 29', '3518477013', '766544571', '0924046101');
INSERT INTO _user (created_at, id, email, first_name, last_name, password, role, status) VALUES ('2023-07-08T21:24', 43, 'božena.vojnović@icloud.com', 'Božena', 'Vojnović', '$2a$12$MlnyH21ePO39K3ufi9qxO.MXpbIJqThmjnuR0J8mqqhxizKIeqeC6', 'PATIENT', 'ACTIVE');
INSERT INTO patient (id, date_of_birth, address, mbo, oib, phone_number) VALUES (43, '1971-10-11', 'Petrićeva 21', '4628030284', '855647451', '0914682774');
INSERT INTO _user (created_at, id, email, first_name, last_name, password, role, status) VALUES ('2022-09-23T21:01', 44, 'leonarda.abramović@yahoo.com', 'Leonarda', 'Abramović', '$2a$12$MlnyH21ePO39K3ufi9qxO.MXpbIJqThmjnuR0J8mqqhxizKIeqeC6', 'PATIENT', 'ACTIVE');
INSERT INTO patient (id, date_of_birth, address, mbo, oib, phone_number) VALUES (44, '1955-05-10', 'Cesarčeva 21', '1771771702', '903056506', '0918702361');
INSERT INTO _user (created_at, id, email, first_name, last_name, password, role, status) VALUES ('2023-11-01T20:16', 45, 'ankica.abramović@icloud.com', 'Ankica', 'Abramović', '$2a$12$MlnyH21ePO39K3ufi9qxO.MXpbIJqThmjnuR0J8mqqhxizKIeqeC6', 'PATIENT', 'ACTIVE');
INSERT INTO patient (id, date_of_birth, address, mbo, oib, phone_number) VALUES (45, '1959-07-19', 'Marulićev trg 35', '9728500563', '950912970', '0917262222');
INSERT INTO _user (created_at, id, email, first_name, last_name, password, role, status) VALUES ('2023-09-11T19:46', 46, 'dora.barbarić@icloud.com', 'Dora', 'Barbarić', '$2a$12$MlnyH21ePO39K3ufi9qxO.MXpbIJqThmjnuR0J8mqqhxizKIeqeC6', 'PATIENT', 'ACTIVE');
INSERT INTO patient (id, date_of_birth, address, mbo, oib, phone_number) VALUES (46, '1974-03-31', 'Žigrovićeva 31', '9780427575', '254149834', '0955778749');
INSERT INTO _user (created_at, id, email, first_name, last_name, password, role, status) VALUES ('2022-08-14T13:17', 47, 'smiljana.mandić@gmail.com', 'Smiljana', 'Mandić', '$2a$12$MlnyH21ePO39K3ufi9qxO.MXpbIJqThmjnuR0J8mqqhxizKIeqeC6', 'PATIENT', 'ACTIVE');
INSERT INTO patient (id, date_of_birth, address, mbo, oib, phone_number) VALUES (47, '1981-11-20', 'Hrvojeva 23', '4650538371', '510497410', '0914643895');
INSERT INTO _user (created_at, id, email, first_name, last_name, password, role, status) VALUES ('2022-12-11T16:26', 48, 'božana.glavaš@icloud.com', 'Božana', 'Glavaš', '$2a$12$MlnyH21ePO39K3ufi9qxO.MXpbIJqThmjnuR0J8mqqhxizKIeqeC6', 'PATIENT', 'ACTIVE');
INSERT INTO patient (id, date_of_birth, address, mbo, oib, phone_number) VALUES (48, '1954-04-04', 'Šubićeva 10', '4057234503', '261804703', '0974241997');
INSERT INTO _user (created_at, id, email, first_name, last_name, password, role, status) VALUES ('2023-07-25T13:30', 49, 'jasminka.tomašević@outlook.com', 'Jasminka', 'Tomašević', '$2a$12$MlnyH21ePO39K3ufi9qxO.MXpbIJqThmjnuR0J8mqqhxizKIeqeC6', 'PATIENT', 'ACTIVE');
INSERT INTO patient (id, date_of_birth, address, mbo, oib, phone_number) VALUES (49, '1989-01-20', 'Vlaška 10', '7721490790', '427502133', '0911337052');
INSERT INTO _user (created_at, id, email, first_name, last_name, password, role, status) VALUES ('2022-08-14T05:38', 50, 'violeta.josipović@gmail.com', 'Violeta', 'Josipović', '$2a$12$MlnyH21ePO39K3ufi9qxO.MXpbIJqThmjnuR0J8mqqhxizKIeqeC6', 'PATIENT', 'ACTIVE');
INSERT INTO patient (id, date_of_birth, address, mbo, oib, phone_number) VALUES (50, '1961-12-27', 'Ulica kraljice Jelene 37', '2790574391', '875647273', '0926851668');
INSERT INTO _user (created_at, id, email, first_name, last_name, password, role, status) VALUES ('2023-11-24T10:42', 51, 'branislava.mihaljević@gmail.com', 'Branislava', 'Mihaljević', '$2a$12$MlnyH21ePO39K3ufi9qxO.MXpbIJqThmjnuR0J8mqqhxizKIeqeC6', 'PATIENT', 'ACTIVE');
INSERT INTO patient (id, date_of_birth, address, mbo, oib, phone_number) VALUES (51, '1983-04-19', 'Kvaternikov trg 36', '1208356152', '267681971', '0957280391');
INSERT INTO _user (created_at, id, email, first_name, last_name, password, role, status) VALUES ('2022-12-23T18:02', 52, 'dušanka.medved@yahoo.com', 'Dušanka', 'Medved', '$2a$12$MlnyH21ePO39K3ufi9qxO.MXpbIJqThmjnuR0J8mqqhxizKIeqeC6', 'PATIENT', 'PENDING');
INSERT INTO patient (id, date_of_birth, address, mbo, oib, phone_number) VALUES (52, '1985-11-17', 'Frankopanska 03', '0112712264', '205982675', '0972982650');
INSERT INTO _user (created_at, id, email, first_name, last_name, password, role, status) VALUES ('2023-08-27T23:37', 53, 'valerija.bilić@icloud.com', 'Valerija', 'Bilić', '$2a$12$MlnyH21ePO39K3ufi9qxO.MXpbIJqThmjnuR0J8mqqhxizKIeqeC6', 'PATIENT', 'PENDING');
INSERT INTO patient (id, date_of_birth, address, mbo, oib, phone_number) VALUES (53, '1995-06-04', 'Pod zidom 48', '6657905309', '037682571', '0924206024');
INSERT INTO _user (created_at, id, email, first_name, last_name, password, role, status) VALUES ('2022-12-24T04:51', 54, 'dubravka.barišić@yahoo.com', 'Dubravka', 'Barišić', '$2a$12$MlnyH21ePO39K3ufi9qxO.MXpbIJqThmjnuR0J8mqqhxizKIeqeC6', 'PATIENT', 'PENDING');
INSERT INTO patient (id, date_of_birth, address, mbo, oib, phone_number) VALUES (54, '1955-04-10', 'Savska 35', '6798490579', '392536647', '0982990135');
INSERT INTO _user (created_at, id, email, first_name, last_name, password, role, status) VALUES ('2023-01-28T07:36', 55, 'nikica.dukić@gmail.com', 'Nikica', 'Dukić', '$2a$12$MlnyH21ePO39K3ufi9qxO.MXpbIJqThmjnuR0J8mqqhxizKIeqeC6', 'PATIENT', 'PENDING');
INSERT INTO patient (id, date_of_birth, address, mbo, oib, phone_number) VALUES (55, '1968-03-14', 'Ivana Belostenca 21', '3539694840', '465849352', '0955471358');
INSERT INTO _user (created_at, id, email, first_name, last_name, password, role, status) VALUES ('2023-02-03T20:36', 56, 'nadica.cindrić@yahoo.com', 'Nadica', 'Cindrić', '$2a$12$MlnyH21ePO39K3ufi9qxO.MXpbIJqThmjnuR0J8mqqhxizKIeqeC6', 'PATIENT', 'PENDING');
INSERT INTO patient (id, date_of_birth, address, mbo, oib, phone_number) VALUES (56, '1988-02-18', 'Ulica Elenore Patačić 01', '4144371967', '648343837', '0989569470');
INSERT INTO _user (created_at, id, email, first_name, last_name, password, role, status) VALUES ('2023-04-21T18:21', 57, 'stanka.matić@yahoo.com', 'Stanka', 'Matić', '$2a$12$MlnyH21ePO39K3ufi9qxO.MXpbIJqThmjnuR0J8mqqhxizKIeqeC6', 'PATIENT', 'PENDING');
INSERT INTO patient (id, date_of_birth, address, mbo, oib, phone_number) VALUES (57, '1970-01-17', 'Trg Petra Krešimira IV. 03', '2575015648', '568899115', '0922836328');
INSERT INTO _user (created_at, id, email, first_name, last_name, password, role, status) VALUES ('2023-01-02T12:42', 58, 'selma.ivanović@gmail.com', 'Selma', 'Ivanović', '$2a$12$MlnyH21ePO39K3ufi9qxO.MXpbIJqThmjnuR0J8mqqhxizKIeqeC6', 'PATIENT', 'DEACTIVATED');
INSERT INTO patient (id, date_of_birth, address, mbo, oib, phone_number) VALUES (58, '1993-11-21', 'Hochmannova 06', '9157277643', '347777548', '0984881370');
INSERT INTO _user (created_at, id, email, first_name, last_name, password, role, status) VALUES ('2022-08-20T09:07', 59, 'marina.ivanović@outlook.com', 'Marina', 'Ivanović', '$2a$12$MlnyH21ePO39K3ufi9qxO.MXpbIJqThmjnuR0J8mqqhxizKIeqeC6', 'PATIENT', 'DEACTIVATED');
INSERT INTO patient (id, date_of_birth, address, mbo, oib, phone_number) VALUES (59, '1968-07-22', 'Dežmanova 19', '1794331498', '239595983', '0976822555');
INSERT INTO _user (created_at, id, email, first_name, last_name, password, role, status) VALUES ('2023-02-02T15:48', 60, 'ksenija.pranjić@gmail.com', 'Ksenija', 'Pranjić', '$2a$12$MlnyH21ePO39K3ufi9qxO.MXpbIJqThmjnuR0J8mqqhxizKIeqeC6', 'PATIENT', 'DEACTIVATED');
INSERT INTO patient (id, date_of_birth, address, mbo, oib, phone_number) VALUES (60, '1999-12-27', 'Ulica Vladimira Nazora 39', '2090494796', '913536901', '0976027350');
INSERT INTO _user (created_at, id, email, first_name, last_name, password, role, status) VALUES ('2023-03-17T01:35', 61, 'tea.budimir@yahoo.com', 'Tea', 'Budimir', '$2a$12$MlnyH21ePO39K3ufi9qxO.MXpbIJqThmjnuR0J8mqqhxizKIeqeC6', 'PATIENT', 'DEACTIVATED');
INSERT INTO patient (id, date_of_birth, address, mbo, oib, phone_number) VALUES (61, '1979-08-23', 'Antuna Vrančića 32', '0166286230', '929884145', '0958472134');
INSERT INTO _user (created_at, id, email, first_name, last_name, password, role, status) VALUES ('2022-11-25T18:01', 62, 'ingrid.pavlović@outlook.com', 'Ingrid', 'Pavlović', '$2a$12$MlnyH21ePO39K3ufi9qxO.MXpbIJqThmjnuR0J8mqqhxizKIeqeC6', 'PATIENT', 'DEACTIVATED');
INSERT INTO patient (id, date_of_birth, address, mbo, oib, phone_number) VALUES (62, '1952-04-05', 'Matice hrvatske 46', '9713649579', '173931143', '0971099264');
INSERT INTO _user (created_at, id, email, first_name, last_name, password, role, status) VALUES ('2022-09-08T05:16', 63, 'tatjana.tomašević@icloud.com', 'Tatjana', 'Tomašević', '$2a$12$MlnyH21ePO39K3ufi9qxO.MXpbIJqThmjnuR0J8mqqhxizKIeqeC6', 'PATIENT', 'DEACTIVATED');
INSERT INTO patient (id, date_of_birth, address, mbo, oib, phone_number) VALUES (63, '1956-10-06', 'Jurišićeva 25', '3697930381', '889925064', '0927062427');
INSERT INTO _user (created_at, id, email, first_name, last_name, password, role, status) VALUES ('2023-03-01T06:26', 64, 'stella.kozina@outlook.com', 'Stella', 'Kozina', '$2a$12$MlnyH21ePO39K3ufi9qxO.MXpbIJqThmjnuR0J8mqqhxizKIeqeC6', 'PATIENT', 'DEACTIVATED');
INSERT INTO patient (id, date_of_birth, address, mbo, oib, phone_number) VALUES (64, '2004-10-19', 'Rokov perivoj 16', '1942402170', '226526845', '0977299792');
INSERT INTO _user (created_at, id, email, first_name, last_name, password, role, status) VALUES ('2022-11-13T09:57', 65, 'ivona.šimunić@outlook.com', 'Ivona', 'Šimunić', '$2a$12$MlnyH21ePO39K3ufi9qxO.MXpbIJqThmjnuR0J8mqqhxizKIeqeC6', 'PATIENT', 'DEACTIVATED');
INSERT INTO patient (id, date_of_birth, address, mbo, oib, phone_number) VALUES (65, '1975-04-30', 'Strossmayerov trg 21', '4394587200', '961996385', '0978924745');
INSERT INTO _user (created_at, id, email, first_name, last_name, password, role, status) VALUES ('2022-11-28T16:24', 66, 'mislav.turković@outlook.com', 'Mislav', 'Turković', '$2a$12$MlnyH21ePO39K3ufi9qxO.MXpbIJqThmjnuR0J8mqqhxizKIeqeC6', 'PATIENT', 'ACTIVE');
INSERT INTO patient (id, date_of_birth, address, mbo, oib, phone_number) VALUES (66, '1996-02-09', 'Mije Sinkovića 03', '2747302846', '491823103', '0952780035');
INSERT INTO _user (created_at, id, email, first_name, last_name, password, role, status) VALUES ('2023-01-08T22:52', 67, 'edi.novak@gmail.com', 'Edi', 'Novak', '$2a$12$MlnyH21ePO39K3ufi9qxO.MXpbIJqThmjnuR0J8mqqhxizKIeqeC6', 'PATIENT', 'ACTIVE');
INSERT INTO patient (id, date_of_birth, address, mbo, oib, phone_number) VALUES (67, '2002-12-13', 'Zavojna 36', '0824313912', '780818400', '0989633684');
INSERT INTO _user (created_at, id, email, first_name, last_name, password, role, status) VALUES ('2022-10-21T06:49', 68, 'nedjeljko.pavković@outlook.com', 'Nedjeljko', 'Pavković', '$2a$12$MlnyH21ePO39K3ufi9qxO.MXpbIJqThmjnuR0J8mqqhxizKIeqeC6', 'PATIENT', 'ACTIVE');
INSERT INTO patient (id, date_of_birth, address, mbo, oib, phone_number) VALUES (68, '1996-10-09', 'Širolina 27', '5744221416', '645247053', '0985481756');
INSERT INTO _user (created_at, id, email, first_name, last_name, password, role, status) VALUES ('2023-07-09T23:12', 69, 'milorad.meštrović@gmail.com', 'Milorad', 'Meštrović', '$2a$12$MlnyH21ePO39K3ufi9qxO.MXpbIJqThmjnuR0J8mqqhxizKIeqeC6', 'PATIENT', 'ACTIVE');
INSERT INTO patient (id, date_of_birth, address, mbo, oib, phone_number) VALUES (69, '1985-04-06', 'Arnoldova 35', '2613547372', '442278966', '0951078335');
INSERT INTO _user (created_at, id, email, first_name, last_name, password, role, status) VALUES ('2023-03-11T14:39', 70, 'lovro.poljak@gmail.com', 'Lovro', 'Poljak', '$2a$12$MlnyH21ePO39K3ufi9qxO.MXpbIJqThmjnuR0J8mqqhxizKIeqeC6', 'PATIENT', 'ACTIVE');
INSERT INTO patient (id, date_of_birth, address, mbo, oib, phone_number) VALUES (70, '2000-01-29', 'Svačićev trg 04', '7561605920', '510800791', '0912600710');
INSERT INTO _user (created_at, id, email, first_name, last_name, password, role, status) VALUES ('2023-08-23T16:40', 71, 'zoran.dujmović@outlook.com', 'Zoran', 'Dujmović', '$2a$12$MlnyH21ePO39K3ufi9qxO.MXpbIJqThmjnuR0J8mqqhxizKIeqeC6', 'PATIENT', 'ACTIVE');
INSERT INTO patient (id, date_of_birth, address, mbo, oib, phone_number) VALUES (71, '1960-12-06', 'Trg žrtava fašizma 02', '0280446332', '748539609', '0987099831');
INSERT INTO _user (created_at, id, email, first_name, last_name, password, role, status) VALUES ('2023-04-30T03:12', 72, 'jure.martić@gmail.com', 'Jure', 'Martić', '$2a$12$MlnyH21ePO39K3ufi9qxO.MXpbIJqThmjnuR0J8mqqhxizKIeqeC6', 'PATIENT', 'ACTIVE');
INSERT INTO patient (id, date_of_birth, address, mbo, oib, phone_number) VALUES (72, '1966-10-17', 'Bauerova 08', '2379956734', '877073156', '0920343458');
INSERT INTO _user (created_at, id, email, first_name, last_name, password, role, status) VALUES ('2024-01-03T15:12', 73, 'dorijan.brčić@icloud.com', 'Dorijan', 'Brčić', '$2a$12$MlnyH21ePO39K3ufi9qxO.MXpbIJqThmjnuR0J8mqqhxizKIeqeC6', 'PATIENT', 'ACTIVE');
INSERT INTO patient (id, date_of_birth, address, mbo, oib, phone_number) VALUES (73, '1961-04-10', 'Petrinjska 01', '2481512102', '616306274', '0989238717');
INSERT INTO _user (created_at, id, email, first_name, last_name, password, role, status) VALUES ('2023-10-22T17:17', 74, 'alan.pavić@outlook.com', 'Alan', 'Pavić', '$2a$12$MlnyH21ePO39K3ufi9qxO.MXpbIJqThmjnuR0J8mqqhxizKIeqeC6', 'PATIENT', 'ACTIVE');
INSERT INTO patient (id, date_of_birth, address, mbo, oib, phone_number) VALUES (74, '1964-07-02', 'Križanićeva 12', '7410355157', '654549840', '0986176879');
INSERT INTO _user (created_at, id, email, first_name, last_name, password, role, status) VALUES ('2023-04-15T03:06', 75, 'igor.horvat@yahoo.com', 'Igor', 'Horvat', '$2a$12$MlnyH21ePO39K3ufi9qxO.MXpbIJqThmjnuR0J8mqqhxizKIeqeC6', 'PATIENT', 'ACTIVE');
INSERT INTO patient (id, date_of_birth, address, mbo, oib, phone_number) VALUES (75, '1984-11-25', 'Frankopanska 04', '9196445253', '794695800', '0973545240');
INSERT INTO _user (created_at, id, email, first_name, last_name, password, role, status) VALUES ('2023-05-09T15:55', 76, 'tomo.ivanišević@yahoo.com', 'Tomo', 'Ivanišević', '$2a$12$MlnyH21ePO39K3ufi9qxO.MXpbIJqThmjnuR0J8mqqhxizKIeqeC6', 'PATIENT', 'ACTIVE');
INSERT INTO patient (id, date_of_birth, address, mbo, oib, phone_number) VALUES (76, '1978-06-30', 'Botićev trg 42', '5122439404', '171617894', '0973079560');
INSERT INTO _user (created_at, id, email, first_name, last_name, password, role, status) VALUES ('2023-09-18T22:55', 77, 'teo.kozina@icloud.com', 'Teo', 'Kozina', '$2a$12$MlnyH21ePO39K3ufi9qxO.MXpbIJqThmjnuR0J8mqqhxizKIeqeC6', 'PATIENT', 'ACTIVE');
INSERT INTO patient (id, date_of_birth, address, mbo, oib, phone_number) VALUES (77, '2003-05-19', 'Antuna Vrančića 12', '2224243669', '407925867', '0958638344');
INSERT INTO _user (created_at, id, email, first_name, last_name, password, role, status) VALUES ('2023-08-07T11:53', 78, 'mario.martić@icloud.com', 'Mario', 'Martić', '$2a$12$MlnyH21ePO39K3ufi9qxO.MXpbIJqThmjnuR0J8mqqhxizKIeqeC6', 'PATIENT', 'ACTIVE');
INSERT INTO patient (id, date_of_birth, address, mbo, oib, phone_number) VALUES (78, '1970-09-22', 'Petrićeva 31', '9359701198', '072681541', '0985888802');
INSERT INTO _user (created_at, id, email, first_name, last_name, password, role, status) VALUES ('2023-03-01T00:57', 79, 'marinko.radočaj@icloud.com', 'Marinko', 'Radočaj', '$2a$12$MlnyH21ePO39K3ufi9qxO.MXpbIJqThmjnuR0J8mqqhxizKIeqeC6', 'PATIENT', 'ACTIVE');
INSERT INTO patient (id, date_of_birth, address, mbo, oib, phone_number) VALUES (79, '1954-10-21', 'Stančićeva 09', '9699964109', '674952945', '0974155735');
INSERT INTO _user (created_at, id, email, first_name, last_name, password, role, status) VALUES ('2022-10-22T18:39', 80, 'danko.blažević@yahoo.com', 'Danko', 'Blažević', '$2a$12$MlnyH21ePO39K3ufi9qxO.MXpbIJqThmjnuR0J8mqqhxizKIeqeC6', 'PATIENT', 'ACTIVE');
INSERT INTO patient (id, date_of_birth, address, mbo, oib, phone_number) VALUES (80, '1958-09-20', 'Trg Petra Krešimira IV. 23', '4059393902', '284722528', '0925402576');
INSERT INTO _user (created_at, id, email, first_name, last_name, password, role, status) VALUES ('2022-12-07T14:05', 81, 'nikša.antunović@yahoo.com', 'Nikša', 'Antunović', '$2a$12$MlnyH21ePO39K3ufi9qxO.MXpbIJqThmjnuR0J8mqqhxizKIeqeC6', 'PATIENT', 'ACTIVE');
INSERT INTO patient (id, date_of_birth, address, mbo, oib, phone_number) VALUES (81, '1983-02-19', 'Praška 42', '2823533879', '564473698', '0915637846');
INSERT INTO _user (created_at, id, email, first_name, last_name, password, role, status) VALUES ('2023-10-02T18:20', 82, 'ante.ilić@outlook.com', 'Ante', 'Ilić', '$2a$12$MlnyH21ePO39K3ufi9qxO.MXpbIJqThmjnuR0J8mqqhxizKIeqeC6', 'PATIENT', 'ACTIVE');
INSERT INTO patient (id, date_of_birth, address, mbo, oib, phone_number) VALUES (82, '1963-10-03', 'Ulica Šandora Brešćenskog 26', '9784493282', '411065938', '0958637042');
INSERT INTO _user (created_at, id, email, first_name, last_name, password, role, status) VALUES ('2023-08-26T13:46', 83, 'drago.jakovljević@gmail.com', 'Drago', 'Jakovljević', '$2a$12$MlnyH21ePO39K3ufi9qxO.MXpbIJqThmjnuR0J8mqqhxizKIeqeC6', 'PATIENT', 'ACTIVE');
INSERT INTO patient (id, date_of_birth, address, mbo, oib, phone_number) VALUES (83, '1972-02-18', 'Hrvojeva 05', '2126846152', '706503993', '0975097634');
INSERT INTO _user (created_at, id, email, first_name, last_name, password, role, status) VALUES ('2023-07-06T12:15', 84, 'danijel.petričević@yahoo.com', 'Danijel', 'Petričević', '$2a$12$MlnyH21ePO39K3ufi9qxO.MXpbIJqThmjnuR0J8mqqhxizKIeqeC6', 'PATIENT', 'ACTIVE');
INSERT INTO patient (id, date_of_birth, address, mbo, oib, phone_number) VALUES (84, '1999-05-15', 'Derenčinova 45', '2704645136', '864186264', '0914579225');
INSERT INTO _user (created_at, id, email, first_name, last_name, password, role, status) VALUES ('2022-12-22T09:18', 85, 'miljenko.budimir@icloud.com', 'Miljenko', 'Budimir', '$2a$12$MlnyH21ePO39K3ufi9qxO.MXpbIJqThmjnuR0J8mqqhxizKIeqeC6', 'PATIENT', 'ACTIVE');
INSERT INTO patient (id, date_of_birth, address, mbo, oib, phone_number) VALUES (85, '1994-12-04', 'Ulica Ante Kovačića 41', '0809630159', '029878359', '0981141852');
INSERT INTO _user (created_at, id, email, first_name, last_name, password, role, status) VALUES ('2022-09-19T01:15', 86, 'igor.perić@outlook.com', 'Igor', 'Perić', '$2a$12$MlnyH21ePO39K3ufi9qxO.MXpbIJqThmjnuR0J8mqqhxizKIeqeC6', 'PATIENT', 'ACTIVE');
INSERT INTO patient (id, date_of_birth, address, mbo, oib, phone_number) VALUES (86, '1973-11-09', 'Bulićeva 43', '9575324614', '431731438', '0928772028');
INSERT INTO _user (created_at, id, email, first_name, last_name, password, role, status) VALUES ('2022-11-14T22:17', 87, 'mate.cvetković@outlook.com', 'Mate', 'Cvetković', '$2a$12$MlnyH21ePO39K3ufi9qxO.MXpbIJqThmjnuR0J8mqqhxizKIeqeC6', 'PATIENT', 'ACTIVE');
INSERT INTO patient (id, date_of_birth, address, mbo, oib, phone_number) VALUES (87, '1989-05-25', 'Ulica kneza Borne 10', '1153766069', '510852005', '0981594788');
INSERT INTO _user (created_at, id, email, first_name, last_name, password, role, status) VALUES ('2023-10-10T13:50', 88, 'anto.brčić@outlook.com', 'Anto', 'Brčić', '$2a$12$MlnyH21ePO39K3ufi9qxO.MXpbIJqThmjnuR0J8mqqhxizKIeqeC6', 'PATIENT', 'ACTIVE');
INSERT INTO patient (id, date_of_birth, address, mbo, oib, phone_number) VALUES (88, '1985-06-02', 'Ulica Ljudevita Posavskog 48', '0439388948', '624449746', '0981260632');
INSERT INTO _user (created_at, id, email, first_name, last_name, password, role, status) VALUES ('2023-11-02T18:36', 89, 'marin.kujundžić@yahoo.com', 'Marin', 'Kujundžić', '$2a$12$MlnyH21ePO39K3ufi9qxO.MXpbIJqThmjnuR0J8mqqhxizKIeqeC6', 'PATIENT', 'ACTIVE');
INSERT INTO patient (id, date_of_birth, address, mbo, oib, phone_number) VALUES (89, '1967-04-29', 'Ribnjak 43', '0915780641', '932528564', '0971659113');
INSERT INTO _user (created_at, id, email, first_name, last_name, password, role, status) VALUES ('2022-12-31T07:59', 90, 'marijan.marjanović@gmail.com', 'Marijan', 'Marjanović', '$2a$12$MlnyH21ePO39K3ufi9qxO.MXpbIJqThmjnuR0J8mqqhxizKIeqeC6', 'PATIENT', 'ACTIVE');
INSERT INTO patient (id, date_of_birth, address, mbo, oib, phone_number) VALUES (90, '1990-07-28', 'Švearova 16', '0301929911', '925238529', '0924289328');
INSERT INTO _user (created_at, id, email, first_name, last_name, password, role, status) VALUES ('2022-12-11T20:16', 91, 'mladen.jukić@outlook.com', 'Mladen', 'Jukić', '$2a$12$MlnyH21ePO39K3ufi9qxO.MXpbIJqThmjnuR0J8mqqhxizKIeqeC6', 'PATIENT', 'ACTIVE');
INSERT INTO patient (id, date_of_birth, address, mbo, oib, phone_number) VALUES (91, '1986-09-04', 'Ulica kralja Držislava 39', '3705199934', '160156608', '0913073296');
INSERT INTO _user (created_at, id, email, first_name, last_name, password, role, status) VALUES ('2023-09-12T21:18', 92, 'zdenko.golubić@icloud.com', 'Zdenko', 'Golubić', '$2a$12$MlnyH21ePO39K3ufi9qxO.MXpbIJqThmjnuR0J8mqqhxizKIeqeC6', 'PATIENT', 'ACTIVE');
INSERT INTO patient (id, date_of_birth, address, mbo, oib, phone_number) VALUES (92, '1963-08-30', 'Kvaternikov trg 06', '7456222088', '287931292', '0986595792');
INSERT INTO _user (created_at, id, email, first_name, last_name, password, role, status) VALUES ('2022-12-06T13:04', 93, 'dragan.mlinarić@yahoo.com', 'Dragan', 'Mlinarić', '$2a$12$MlnyH21ePO39K3ufi9qxO.MXpbIJqThmjnuR0J8mqqhxizKIeqeC6', 'PATIENT', 'ACTIVE');
INSERT INTO patient (id, date_of_birth, address, mbo, oib, phone_number) VALUES (93, '1999-05-09', 'Laginjina 40', '7176504957', '308208851', '0923451026');
INSERT INTO _user (created_at, id, email, first_name, last_name, password, role, status) VALUES ('2023-02-20T06:11', 94, 'bruno.vinković@icloud.com', 'Bruno', 'Vinković', '$2a$12$MlnyH21ePO39K3ufi9qxO.MXpbIJqThmjnuR0J8mqqhxizKIeqeC6', 'PATIENT', 'ACTIVE');
INSERT INTO patient (id, date_of_birth, address, mbo, oib, phone_number) VALUES (94, '1977-08-18', 'Erdodyeva 12', '5174911298', '371896570', '0919898593');
INSERT INTO _user (created_at, id, email, first_name, last_name, password, role, status) VALUES ('2023-09-11T19:31', 95, 'branislav.lučić@yahoo.com', 'Branislav', 'Lučić', '$2a$12$MlnyH21ePO39K3ufi9qxO.MXpbIJqThmjnuR0J8mqqhxizKIeqeC6', 'PATIENT', 'ACTIVE');
INSERT INTO patient (id, date_of_birth, address, mbo, oib, phone_number) VALUES (95, '1967-04-16', 'Stančićeva 33', '8863185764', '081887637', '0912892211');
INSERT INTO _user (created_at, id, email, first_name, last_name, password, role, status) VALUES ('2023-06-17T17:09', 96, 'dušan.perić@yahoo.com', 'Dušan', 'Perić', '$2a$12$MlnyH21ePO39K3ufi9qxO.MXpbIJqThmjnuR0J8mqqhxizKIeqeC6', 'PATIENT', 'ACTIVE');
INSERT INTO patient (id, date_of_birth, address, mbo, oib, phone_number) VALUES (96, '2003-04-14', 'Livadićeva 14', '1844705974', '111778200', '0957717599');
INSERT INTO _user (created_at, id, email, first_name, last_name, password, role, status) VALUES ('2023-01-12T00:47', 97, 'dragutin.bogović@outlook.com', 'Dragutin', 'Bogović', '$2a$12$MlnyH21ePO39K3ufi9qxO.MXpbIJqThmjnuR0J8mqqhxizKIeqeC6', 'PATIENT', 'ACTIVE');
INSERT INTO patient (id, date_of_birth, address, mbo, oib, phone_number) VALUES (97, '1994-03-25', 'Klaićeva 08', '0306971532', '961320734', '0976373887');
INSERT INTO _user (created_at, id, email, first_name, last_name, password, role, status) VALUES ('2023-04-02T01:51', 98, 'oliver.ivanović@yahoo.com', 'Oliver', 'Ivanović', '$2a$12$MlnyH21ePO39K3ufi9qxO.MXpbIJqThmjnuR0J8mqqhxizKIeqeC6', 'PATIENT', 'ACTIVE');
INSERT INTO patient (id, date_of_birth, address, mbo, oib, phone_number) VALUES (98, '1962-12-20', 'Biankinijeva 16', '5636032240', '086851857', '0920101653');
INSERT INTO _user (created_at, id, email, first_name, last_name, password, role, status) VALUES ('2023-08-02T15:08', 99, 'fabijan.bogović@yahoo.com', 'Fabijan', 'Bogović', '$2a$12$MlnyH21ePO39K3ufi9qxO.MXpbIJqThmjnuR0J8mqqhxizKIeqeC6', 'PATIENT', 'ACTIVE');
INSERT INTO patient (id, date_of_birth, address, mbo, oib, phone_number) VALUES (99, '2000-03-18', 'Ulica kneza Domagoja 19', '8921758480', '888549014', '0970216666');
INSERT INTO _user (created_at, id, email, first_name, last_name, password, role, status) VALUES ('2023-04-20T16:04', 100, 'tomica.sertić@icloud.com', 'Tomica', 'Sertić', '$2a$12$MlnyH21ePO39K3ufi9qxO.MXpbIJqThmjnuR0J8mqqhxizKIeqeC6', 'PATIENT', 'ACTIVE');
INSERT INTO patient (id, date_of_birth, address, mbo, oib, phone_number) VALUES (100, '1964-09-29', 'Ulica baruna Trenka 31', '1289530182', '908636633', '0929333778');
INSERT INTO _user (created_at, id, email, first_name, last_name, password, role, status) VALUES ('2023-04-01T10:49', 101, 'frane.kolarić@gmail.com', 'Frane', 'Kolarić', '$2a$12$MlnyH21ePO39K3ufi9qxO.MXpbIJqThmjnuR0J8mqqhxizKIeqeC6', 'PATIENT', 'ACTIVE');
INSERT INTO patient (id, date_of_birth, address, mbo, oib, phone_number) VALUES (101, '1997-09-21', 'Ulica kneza Višeslava 35', '5429511294', '862455953', '0955546086');
INSERT INTO _user (created_at, id, email, first_name, last_name, password, role, status) VALUES ('2023-12-28T16:47', 102, 'jovan.gregurić@icloud.com', 'Jovan', 'Gregurić', '$2a$12$MlnyH21ePO39K3ufi9qxO.MXpbIJqThmjnuR0J8mqqhxizKIeqeC6', 'PATIENT', 'ACTIVE');
INSERT INTO patient (id, date_of_birth, address, mbo, oib, phone_number) VALUES (102, '1950-01-17', 'Kružićeva 12', '7098549209', '698301657', '0916899168');
INSERT INTO _user (created_at, id, email, first_name, last_name, password, role, status) VALUES ('2023-11-08T14:14', 103, 'karlo.posavec@icloud.com', 'Karlo', 'Posavec', '$2a$12$MlnyH21ePO39K3ufi9qxO.MXpbIJqThmjnuR0J8mqqhxizKIeqeC6', 'PATIENT', 'ACTIVE');
INSERT INTO patient (id, date_of_birth, address, mbo, oib, phone_number) VALUES (103, '1979-06-28', 'Mrazovićeva 27', '6617266187', '300291779', '0921084150');
INSERT INTO _user (created_at, id, email, first_name, last_name, password, role, status) VALUES ('2023-09-01T09:38', 104, 'igor.vidović@gmail.com', 'Igor', 'Vidović', '$2a$12$MlnyH21ePO39K3ufi9qxO.MXpbIJqThmjnuR0J8mqqhxizKIeqeC6', 'PATIENT', 'ACTIVE');
INSERT INTO patient (id, date_of_birth, address, mbo, oib, phone_number) VALUES (104, '1966-09-17', 'Branimirova 01', '4759569982', '195139086', '0977296084');
INSERT INTO _user (created_at, id, email, first_name, last_name, password, role, status) VALUES ('2023-02-02T15:03', 105, 'slavko.šarić@gmail.com', 'Slavko', 'Šarić', '$2a$12$MlnyH21ePO39K3ufi9qxO.MXpbIJqThmjnuR0J8mqqhxizKIeqeC6', 'PATIENT', 'ACTIVE');
INSERT INTO patient (id, date_of_birth, address, mbo, oib, phone_number) VALUES (105, '1996-05-10', 'Ulica fra Filipa Grabovca 45', '3492510027', '953455568', '0953371515');
INSERT INTO _user (created_at, id, email, first_name, last_name, password, role, status) VALUES ('2022-12-07T15:16', 106, 'pavo.kolar@icloud.com', 'Pavo', 'Kolar', '$2a$12$MlnyH21ePO39K3ufi9qxO.MXpbIJqThmjnuR0J8mqqhxizKIeqeC6', 'PATIENT', 'PENDING');
INSERT INTO patient (id, date_of_birth, address, mbo, oib, phone_number) VALUES (106, '2001-09-02', 'Berislavićeva 39', '7874719971', '834575666', '0925669497');
INSERT INTO _user (created_at, id, email, first_name, last_name, password, role, status) VALUES ('2023-03-14T01:21', 107, 'vilim.majstorović@gmail.com', 'Vilim', 'Majstorović', '$2a$12$MlnyH21ePO39K3ufi9qxO.MXpbIJqThmjnuR0J8mqqhxizKIeqeC6', 'PATIENT', 'PENDING');
INSERT INTO patient (id, date_of_birth, address, mbo, oib, phone_number) VALUES (107, '1955-07-18', 'Palmotićeva 11', '2759449919', '748885944', '0976338951');
INSERT INTO _user (created_at, id, email, first_name, last_name, password, role, status) VALUES ('2023-08-02T10:40', 108, 'eugen.knezović@outlook.com', 'Eugen', 'Knezović', '$2a$12$MlnyH21ePO39K3ufi9qxO.MXpbIJqThmjnuR0J8mqqhxizKIeqeC6', 'PATIENT', 'PENDING');
INSERT INTO patient (id, date_of_birth, address, mbo, oib, phone_number) VALUES (108, '1991-02-04', 'Streljačka 42', '9096633024', '024714138', '0972295424');
INSERT INTO _user (created_at, id, email, first_name, last_name, password, role, status) VALUES ('2023-05-07T22:51', 109, 'erik.špoljarić@yahoo.com', 'Erik', 'Špoljarić', '$2a$12$MlnyH21ePO39K3ufi9qxO.MXpbIJqThmjnuR0J8mqqhxizKIeqeC6', 'PATIENT', 'PENDING');
INSERT INTO patient (id, date_of_birth, address, mbo, oib, phone_number) VALUES (109, '1984-03-16', 'Kvaternikov trg 18', '8362673620', '908828208', '0984211498');
INSERT INTO _user (created_at, id, email, first_name, last_name, password, role, status) VALUES ('2023-03-01T07:57', 110, 'vid.vlahović@icloud.com', 'Vid', 'Vlahović', '$2a$12$MlnyH21ePO39K3ufi9qxO.MXpbIJqThmjnuR0J8mqqhxizKIeqeC6', 'PATIENT', 'PENDING');
INSERT INTO patient (id, date_of_birth, address, mbo, oib, phone_number) VALUES (110, '1961-01-09', 'Klaićeva 42', '1466363890', '932483295', '0971201907');
INSERT INTO _user (created_at, id, email, first_name, last_name, password, role, status) VALUES ('2023-10-29T07:39', 111, 'radoslav.matković@yahoo.com', 'Radoslav', 'Matković', '$2a$12$MlnyH21ePO39K3ufi9qxO.MXpbIJqThmjnuR0J8mqqhxizKIeqeC6', 'PATIENT', 'PENDING');
INSERT INTO patient (id, date_of_birth, address, mbo, oib, phone_number) VALUES (111, '1986-10-15', 'Fabkovićeva 17', '2252270825', '925784992', '0971971129');
INSERT INTO _user (created_at, id, email, first_name, last_name, password, role, status) VALUES ('2023-07-25T01:41', 112, 'erik.kolarić@yahoo.com', 'Erik', 'Kolarić', '$2a$12$MlnyH21ePO39K3ufi9qxO.MXpbIJqThmjnuR0J8mqqhxizKIeqeC6', 'PATIENT', 'PENDING');
INSERT INTO patient (id, date_of_birth, address, mbo, oib, phone_number) VALUES (112, '1990-12-27', 'Harmica 48', '4923883592', '956501876', '0957748176');
INSERT INTO _user (created_at, id, email, first_name, last_name, password, role, status) VALUES ('2023-09-23T04:01', 113, 'srđan.ilić@gmail.com', 'Srđan', 'Ilić', '$2a$12$MlnyH21ePO39K3ufi9qxO.MXpbIJqThmjnuR0J8mqqhxizKIeqeC6', 'PATIENT', 'PENDING');
INSERT INTO patient (id, date_of_birth, address, mbo, oib, phone_number) VALUES (113, '1991-11-18', 'Bakačeva 11', '3251238552', '126649421', '0977175871');
INSERT INTO _user (created_at, id, email, first_name, last_name, password, role, status) VALUES ('2023-12-12T22:26', 114, 'stipe.krznarić@yahoo.com', 'Stipe', 'Krznarić', '$2a$12$MlnyH21ePO39K3ufi9qxO.MXpbIJqThmjnuR0J8mqqhxizKIeqeC6', 'PATIENT', 'PENDING');
INSERT INTO patient (id, date_of_birth, address, mbo, oib, phone_number) VALUES (114, '1977-05-27', 'Ulica Elenore Patačić 19', '5326924251', '416399688', '0988593666');
INSERT INTO _user (created_at, id, email, first_name, last_name, password, role, status) VALUES ('2023-09-25T12:46', 115, 'david.knežević@yahoo.com', 'David', 'Knežević', '$2a$12$MlnyH21ePO39K3ufi9qxO.MXpbIJqThmjnuR0J8mqqhxizKIeqeC6', 'PATIENT', 'PENDING');
INSERT INTO patient (id, date_of_birth, address, mbo, oib, phone_number) VALUES (115, '1981-03-19', 'Trg Petra Krešimira IV. 21', '1181303844', '449102110', '0982248258');
INSERT INTO _user (created_at, id, email, first_name, last_name, password, role, status) VALUES ('2023-06-29T06:07', 116, 'dino.grubišić@outlook.com', 'Dino', 'Grubišić', '$2a$12$MlnyH21ePO39K3ufi9qxO.MXpbIJqThmjnuR0J8mqqhxizKIeqeC6', 'PATIENT', 'PENDING');
INSERT INTO patient (id, date_of_birth, address, mbo, oib, phone_number) VALUES (116, '1981-07-15', 'Cesarčeva 29', '4201342615', '863547948', '0986495718');
INSERT INTO _user (created_at, id, email, first_name, last_name, password, role, status) VALUES ('2023-10-19T20:45', 117, 'mateo.mitrović@outlook.com', 'Mateo', 'Mitrović', '$2a$12$MlnyH21ePO39K3ufi9qxO.MXpbIJqThmjnuR0J8mqqhxizKIeqeC6', 'PATIENT', 'PENDING');
INSERT INTO patient (id, date_of_birth, address, mbo, oib, phone_number) VALUES (117, '1989-09-11', 'Ulica Republike Austrije 37', '3413166829', '911365195', '0919109627');
INSERT INTO _user (created_at, id, email, first_name, last_name, password, role, status) VALUES ('2023-09-10T03:31', 118, 'anton.budimir@icloud.com', 'Anton', 'Budimir', '$2a$12$MlnyH21ePO39K3ufi9qxO.MXpbIJqThmjnuR0J8mqqhxizKIeqeC6', 'PATIENT', 'DEACTIVATED');
INSERT INTO patient (id, date_of_birth, address, mbo, oib, phone_number) VALUES (118, '1959-04-21', 'Ulica baruna Trenka 29', '2049882213', '252476507', '0921690629');
INSERT INTO _user (created_at, id, email, first_name, last_name, password, role, status) VALUES ('2022-09-12T07:06', 119, 'oliver.milošević@gmail.com', 'Oliver', 'Milošević', '$2a$12$MlnyH21ePO39K3ufi9qxO.MXpbIJqThmjnuR0J8mqqhxizKIeqeC6', 'PATIENT', 'DEACTIVATED');
INSERT INTO patient (id, date_of_birth, address, mbo, oib, phone_number) VALUES (119, '1980-06-02', 'Teslina 00', '8644627262', '570571045', '0975520876');
INSERT INTO _user (created_at, id, email, first_name, last_name, password, role, status) VALUES ('2022-10-17T06:47', 120, 'milivoj.stanić@outlook.com', 'Milivoj', 'Stanić', '$2a$12$MlnyH21ePO39K3ufi9qxO.MXpbIJqThmjnuR0J8mqqhxizKIeqeC6', 'PATIENT', 'DEACTIVATED');
INSERT INTO patient (id, date_of_birth, address, mbo, oib, phone_number) VALUES (120, '2004-04-11', 'Novakova 14', '1436768628', '559913690', '0957091198');
INSERT INTO _user (created_at, id, email, first_name, last_name, password, role, status) VALUES ('2022-08-17T11:42', 121, 'darko.marjanović@gmail.com', 'Darko', 'Marjanović', '$2a$12$MlnyH21ePO39K3ufi9qxO.MXpbIJqThmjnuR0J8mqqhxizKIeqeC6', 'PATIENT', 'DEACTIVATED');
INSERT INTO patient (id, date_of_birth, address, mbo, oib, phone_number) VALUES (121, '1958-10-16', 'Mala ulica 30', '4143085081', '402006280', '0954372537');
INSERT INTO _user (created_at, id, email, first_name, last_name, password, role, status) VALUES ('2023-04-24T11:13', 122, 'aleksandar.knežević@icloud.com', 'Aleksandar', 'Knežević', '$2a$12$MlnyH21ePO39K3ufi9qxO.MXpbIJqThmjnuR0J8mqqhxizKIeqeC6', 'PATIENT', 'DEACTIVATED');
INSERT INTO patient (id, date_of_birth, address, mbo, oib, phone_number) VALUES (122, '1984-02-21', 'Križanićeva 24', '8423281737', '008972670', '0925322362');
INSERT INTO _user (created_at, id, email, first_name, last_name, password, role, status) VALUES ('2022-11-23T14:17', 123, 'sanjin.bašić@gmail.com', 'Sanjin', 'Bašić', '$2a$12$MlnyH21ePO39K3ufi9qxO.MXpbIJqThmjnuR0J8mqqhxizKIeqeC6', 'PATIENT', 'DEACTIVATED');
INSERT INTO patient (id, date_of_birth, address, mbo, oib, phone_number) VALUES (123, '1995-03-18', 'Bogovićeva 41', '8059154104', '028172615', '0984250626');
INSERT INTO _user (created_at, id, email, first_name, last_name, password, role, status) VALUES ('2022-10-17T18:09', 124, 'denis.bilić@yahoo.com', 'Denis', 'Bilić', '$2a$12$MlnyH21ePO39K3ufi9qxO.MXpbIJqThmjnuR0J8mqqhxizKIeqeC6', 'PATIENT', 'DEACTIVATED');
INSERT INTO patient (id, date_of_birth, address, mbo, oib, phone_number) VALUES (124, '1963-01-24', 'Teslina 04', '9602192893', '859158600', '0924516645');
INSERT INTO _user (created_at, id, email, first_name, last_name, password, role, status) VALUES ('2022-08-25T23:44', 125, 'duško.petrić@icloud.com', 'Duško', 'Petrić', '$2a$12$MlnyH21ePO39K3ufi9qxO.MXpbIJqThmjnuR0J8mqqhxizKIeqeC6', 'PATIENT', 'DEACTIVATED');
INSERT INTO patient (id, date_of_birth, address, mbo, oib, phone_number) VALUES (125, '1982-01-08', 'Ulica neznane junakinje 28', '4581799630', '984550151', '0921342474');
INSERT INTO _user (created_at, id, email, first_name, last_name, password, role, status) VALUES ('2023-07-20T15:14', 126, 'ruža.gudelj@gmail.com', 'Ruža', 'Gudelj', '$2a$12$MlnyH21ePO39K3ufi9qxO.MXpbIJqThmjnuR0J8mqqhxizKIeqeC6', 'PATIENT', 'ACTIVE');
INSERT INTO employee (id, specialization) VALUES (126, 'PHYSICAL_THERAPIST');
INSERT INTO _user (created_at, id, email, first_name, last_name, password, role, status) VALUES ('2023-02-28T22:55', 127, 'franka.novosel@outlook.com', 'Franka', 'Novosel', '$2a$12$MlnyH21ePO39K3ufi9qxO.MXpbIJqThmjnuR0J8mqqhxizKIeqeC6', 'PATIENT', 'ACTIVE');
INSERT INTO employee (id, specialization) VALUES (127, 'PHYSICAL_THERAPIST');
INSERT INTO _user (created_at, id, email, first_name, last_name, password, role, status) VALUES ('2022-10-02T04:55', 128, 'mirna.delić@yahoo.com', 'Mirna', 'Delić', '$2a$12$MlnyH21ePO39K3ufi9qxO.MXpbIJqThmjnuR0J8mqqhxizKIeqeC6', 'PATIENT', 'ACTIVE');
INSERT INTO employee (id, specialization) VALUES (128, 'PHYSICAL_THERAPIST');
INSERT INTO _user (created_at, id, email, first_name, last_name, password, role, status) VALUES ('2023-02-18T17:37', 129, 'daria.krizmanić@icloud.com', 'Daria', 'Krizmanić', '$2a$12$MlnyH21ePO39K3ufi9qxO.MXpbIJqThmjnuR0J8mqqhxizKIeqeC6', 'PATIENT', 'ACTIVE');
INSERT INTO employee (id, specialization) VALUES (129, 'PHYSICAL_THERAPIST');
INSERT INTO _user (created_at, id, email, first_name, last_name, password, role, status) VALUES ('2022-11-03T08:33', 130, 'bara.andrić@outlook.com', 'Bara', 'Andrić', '$2a$12$MlnyH21ePO39K3ufi9qxO.MXpbIJqThmjnuR0J8mqqhxizKIeqeC6', 'PATIENT', 'ACTIVE');
INSERT INTO employee (id, specialization) VALUES (130, 'PHYSICAL_THERAPIST');
INSERT INTO _user (created_at, id, email, first_name, last_name, password, role, status) VALUES ('2023-09-12T01:14', 131, 'nikolina.majstorović@yahoo.com', 'Nikolina', 'Majstorović', '$2a$12$MlnyH21ePO39K3ufi9qxO.MXpbIJqThmjnuR0J8mqqhxizKIeqeC6', 'PATIENT', 'ACTIVE');
INSERT INTO employee (id, specialization) VALUES (131, 'PHYSICAL_THERAPIST');
INSERT INTO _user (created_at, id, email, first_name, last_name, password, role, status) VALUES ('2023-06-15T02:02', 132, 'matilda.sekulić@yahoo.com', 'Matilda', 'Sekulić', '$2a$12$MlnyH21ePO39K3ufi9qxO.MXpbIJqThmjnuR0J8mqqhxizKIeqeC6', 'PATIENT', 'ACTIVE');
INSERT INTO employee (id, specialization) VALUES (132, 'PHYSICAL_THERAPIST');
INSERT INTO _user (created_at, id, email, first_name, last_name, password, role, status) VALUES ('2023-07-11T03:08', 133, 'lucija.bogdan@outlook.com', 'Lucija', 'Bogdan', '$2a$12$MlnyH21ePO39K3ufi9qxO.MXpbIJqThmjnuR0J8mqqhxizKIeqeC6', 'PATIENT', 'ACTIVE');
INSERT INTO employee (id, specialization) VALUES (133, 'PHYSICAL_THERAPIST');
INSERT INTO _user (created_at, id, email, first_name, last_name, password, role, status) VALUES ('2023-07-23T06:28', 134, 'nada.krznarić@gmail.com', 'Nada', 'Krznarić', '$2a$12$MlnyH21ePO39K3ufi9qxO.MXpbIJqThmjnuR0J8mqqhxizKIeqeC6', 'PATIENT', 'ACTIVE');
INSERT INTO employee (id, specialization) VALUES (134, 'PHYSICAL_THERAPIST');
INSERT INTO _user (created_at, id, email, first_name, last_name, password, role, status) VALUES ('2023-03-27T00:44', 135, 'jagica.novaković@yahoo.com', 'Jagica', 'Novaković', '$2a$12$MlnyH21ePO39K3ufi9qxO.MXpbIJqThmjnuR0J8mqqhxizKIeqeC6', 'PATIENT', 'ACTIVE');
INSERT INTO employee (id, specialization) VALUES (135, 'PHYSICAL_THERAPIST');
INSERT INTO _user (created_at, id, email, first_name, last_name, password, role, status) VALUES ('2022-08-17T06:42', 136, 'alen.kordić@gmail.com', 'Alen', 'Kordić', '$2a$12$MlnyH21ePO39K3ufi9qxO.MXpbIJqThmjnuR0J8mqqhxizKIeqeC6', 'PATIENT', 'ACTIVE');
INSERT INTO employee (id, specialization) VALUES (136, 'PHYSICAL_THERAPIST');
INSERT INTO _user (created_at, id, email, first_name, last_name, password, role, status) VALUES ('2023-05-25T13:04', 137, 'vladimir.petković@outlook.com', 'Vladimir', 'Petković', '$2a$12$MlnyH21ePO39K3ufi9qxO.MXpbIJqThmjnuR0J8mqqhxizKIeqeC6', 'PATIENT', 'ACTIVE');
INSERT INTO employee (id, specialization) VALUES (137, 'PHYSICAL_THERAPIST');
INSERT INTO _user (created_at, id, email, first_name, last_name, password, role, status) VALUES ('2023-11-29T22:07', 138, 'radovan.marjanović@outlook.com', 'Radovan', 'Marjanović', '$2a$12$MlnyH21ePO39K3ufi9qxO.MXpbIJqThmjnuR0J8mqqhxizKIeqeC6', 'PATIENT', 'ACTIVE');
INSERT INTO employee (id, specialization) VALUES (138, 'PHYSICAL_THERAPIST');
INSERT INTO _user (created_at, id, email, first_name, last_name, password, role, status) VALUES ('2023-06-02T23:20', 139, 'andro.vlašić@outlook.com', 'Andro', 'Vlašić', '$2a$12$MlnyH21ePO39K3ufi9qxO.MXpbIJqThmjnuR0J8mqqhxizKIeqeC6', 'PATIENT', 'ACTIVE');
INSERT INTO employee (id, specialization) VALUES (139, 'PHYSICAL_THERAPIST');
INSERT INTO _user (created_at, id, email, first_name, last_name, password, role, status) VALUES ('2023-02-23T15:01', 140, 'andrija.radočaj@yahoo.com', 'Andrija', 'Radočaj', '$2a$12$MlnyH21ePO39K3ufi9qxO.MXpbIJqThmjnuR0J8mqqhxizKIeqeC6', 'PATIENT', 'ACTIVE');
INSERT INTO employee (id, specialization) VALUES (140, 'PHYSICAL_THERAPIST');
INSERT INTO _user (created_at, id, email, first_name, last_name, password, role, status) VALUES ('2023-03-23T17:05', 141, 'mato.pejić@icloud.com', 'Mato', 'Pejić', '$2a$12$MlnyH21ePO39K3ufi9qxO.MXpbIJqThmjnuR0J8mqqhxizKIeqeC6', 'PATIENT', 'ACTIVE');
INSERT INTO employee (id, specialization) VALUES (141, 'PHYSICAL_THERAPIST');
INSERT INTO _user (created_at, id, email, first_name, last_name, password, role, status) VALUES ('2023-06-18T04:16', 142, 'nikša.pavić@gmail.com', 'Nikša', 'Pavić', '$2a$12$MlnyH21ePO39K3ufi9qxO.MXpbIJqThmjnuR0J8mqqhxizKIeqeC6', 'PATIENT', 'ACTIVE');
INSERT INTO employee (id, specialization) VALUES (142, 'PHYSICAL_THERAPIST');
INSERT INTO _user (created_at, id, email, first_name, last_name, password, role, status) VALUES ('2023-12-15T02:01', 143, 'niko.jurišić@outlook.com', 'Niko', 'Jurišić', '$2a$12$MlnyH21ePO39K3ufi9qxO.MXpbIJqThmjnuR0J8mqqhxizKIeqeC6', 'PATIENT', 'ACTIVE');
INSERT INTO employee (id, specialization) VALUES (143, 'PHYSICAL_THERAPIST');
INSERT INTO _user (created_at, id, email, first_name, last_name, password, role, status) VALUES ('2022-10-16T05:29', 144, 'roman.budimir@outlook.com', 'Roman', 'Budimir', '$2a$12$MlnyH21ePO39K3ufi9qxO.MXpbIJqThmjnuR0J8mqqhxizKIeqeC6', 'PATIENT', 'ACTIVE');
INSERT INTO employee (id, specialization) VALUES (144, 'PHYSICAL_THERAPIST');
INSERT INTO _user (created_at, id, email, first_name, last_name, password, role, status) VALUES ('2022-09-12T09:53', 145, 'marin.turkalj@yahoo.com', 'Marin', 'Turkalj', '$2a$12$MlnyH21ePO39K3ufi9qxO.MXpbIJqThmjnuR0J8mqqhxizKIeqeC6', 'PATIENT', 'ACTIVE');
INSERT INTO employee (id, specialization) VALUES (145, 'PHYSICAL_THERAPIST');
INSERT INTO _user (created_at, id, email, first_name, last_name, password, role, status) VALUES ('2022-10-14T01:49', 146, 'dejan.turkalj@icloud.com', 'Dejan', 'Turkalj', '$2a$12$MlnyH21ePO39K3ufi9qxO.MXpbIJqThmjnuR0J8mqqhxizKIeqeC6', 'PATIENT', 'ACTIVE');
INSERT INTO employee (id, specialization) VALUES (146, 'PHYSICAL_THERAPIST');
INSERT INTO _user (created_at, id, email, first_name, last_name, password, role, status) VALUES ('2022-10-02T17:16', 147, 'nebojša.dragičević@outlook.com', 'Nebojša', 'Dragičević', '$2a$12$MlnyH21ePO39K3ufi9qxO.MXpbIJqThmjnuR0J8mqqhxizKIeqeC6', 'PATIENT', 'ACTIVE');
INSERT INTO employee (id, specialization) VALUES (147, 'PHYSICAL_THERAPIST');
INSERT INTO _user (created_at, id, email, first_name, last_name, password, role, status) VALUES ('2023-08-17T00:44', 148, 'dragan.bogdan@gmail.com', 'Dragan', 'Bogdan', '$2a$12$MlnyH21ePO39K3ufi9qxO.MXpbIJqThmjnuR0J8mqqhxizKIeqeC6', 'PATIENT', 'ACTIVE');
INSERT INTO employee (id, specialization) VALUES (148, 'PHYSICAL_THERAPIST');
INSERT INTO _user (created_at, id, email, first_name, last_name, password, role, status) VALUES ('2023-03-18T07:36', 149, 'milivoj.ružić@icloud.com', 'Milivoj', 'Ružić', '$2a$12$MlnyH21ePO39K3ufi9qxO.MXpbIJqThmjnuR0J8mqqhxizKIeqeC6', 'PATIENT', 'ACTIVE');
INSERT INTO employee (id, specialization) VALUES (149, 'PHYSICAL_THERAPIST');
INSERT INTO _user (created_at, id, email, first_name, last_name, password, role, status) VALUES ('2023-04-06T17:59', 150, 'pavao.vlašić@icloud.com', 'Pavao', 'Vlašić', '$2a$12$MlnyH21ePO39K3ufi9qxO.MXpbIJqThmjnuR0J8mqqhxizKIeqeC6', 'PATIENT', 'ACTIVE');
INSERT INTO employee (id, specialization) VALUES (150, 'PHYSICAL_THERAPIST');

INSERT INTO equipment (capacity, id, name, specialization, room_name) VALUES (20, 1, 'Gym', 'PHYSICAL_THERAPIST', 'Physiotherapy Suite'); --physical therapy
INSERT INTO equipment (capacity, id, name, specialization, room_name) VALUES (2, 2, 'Electrical Muscle Stimulation unit', 'ELECTROTHERAPIST', 'Electrotherapy Zone');
INSERT INTO equipment (capacity, id, name, specialization, room_name) VALUES (2, 3, 'Cryotherapy machine', 'CRYOTHERAPIST', 'CryoRecovery Room');
INSERT INTO equipment (capacity, id, name, specialization, room_name) VALUES (4, 4, 'Hydrotherapy pool', 'HYDROTHERAPIST', 'Hydro Rehab Pool');
INSERT INTO equipment (capacity, id, name, specialization, room_name) VALUES (4, 5, 'Paraffin wax baths and infrared lamp', 'THERMOTHERAPIST', 'Thermal Wellness Space');

--shoulder
INSERT INTO therapy_type (required_equipment_id, name, description, therapy_Code, num_of_sessions, body_part) VALUES (1, 'Rotator cuff tear', 'Physical therapy focuses on strengthening the shoulder muscles, improving range of motion, and reducing pain through targeted exercises.', '#5G3Y4', 12, 'shoulder');
INSERT INTO therapy_type (required_equipment_id, name, description, therapy_Code, num_of_sessions, body_part) VALUES (1, 'Frozen shoulder', 'Therapy aims to restore shoulder mobility through stretching and range of motion exercises.', '#7Z8V8', 10, 'shoulder');

--arm
INSERT INTO therapy_type (required_equipment_id, name, description, therapy_Code, num_of_sessions, body_part) VALUES (1, 'Tennis elbow', 'Treatment includes strengthening forearm muscles.', '#1V2V2', 8, 'arm');
INSERT INTO therapy_type (required_equipment_id, name, description, therapy_Code, num_of_sessions, body_part) VALUES (1, 'Golfers elbow', 'Physical therapy involves strengthening and stretching exercises for the forearm muscles and may include modalities for pain relief.', '#8I5F5', 8, 'arm');
INSERT INTO therapy_type (required_equipment_id, name, description, therapy_Code, num_of_sessions, body_part) VALUES (1, 'Biceps tendinitis', 'Therapy focuses on strengthening the biceps and shoulder muscles while reducing inflammation through modalities.', '#4C7X3', 10, 'arm');

--hand
INSERT INTO therapy_type (required_equipment_id, name, description, therapy_Code, num_of_sessions, body_part) VALUES (1, 'Carpal tunnel', 'Exercises to improve wrist and hand flexibility, along with techniques to relieve pressure on the median nerve.', '#1R2Y1', 8, 'hand');
INSERT INTO therapy_type (required_equipment_id, name, description, therapy_Code, num_of_sessions, body_part) VALUES (3, 'Arthritis pain management', 'Cryotherapy helps alleviate arthritis pain by numbing the affected joints, reducing inflammation, and temporarily easing discomfort and stiffness.', '#6F6P9', 8, 'hand');
INSERT INTO therapy_type (required_equipment_id, name, description, therapy_Code, num_of_sessions, body_part) VALUES (3, 'Tendinitis', 'Cryotherapy can be employed to reduce inflammation and alleviate pain associated with tendinitis by constricting blood vessels and diminishing tissue swelling in the affected area.', '#1G8Z3', 10, 'hand');
INSERT INTO therapy_type (required_equipment_id, name, description, therapy_Code, num_of_sessions, body_part) VALUES (4, 'Osteoarthritis management', 'Hydrotherapy provides a low-impact environment for joint mobility exercises and pain relief, helping individuals with osteoarthritis improve joint function and reduce discomfort.', '#4D5C2', 8, 'hand');
INSERT INTO therapy_type (required_equipment_id, name, description, therapy_Code, num_of_sessions, body_part) VALUES (5, 'Bursitis', 'Thermotherapy may be used to alleviate pain and inflammation associated with bursitis by increasing blood flow and promoting the relaxation of affected tissues, often applied through warm compresses or therapeutic ultrasound.', '#4N8P5' , 8, 'hand');
INSERT INTO therapy_type (required_equipment_id, name, description, therapy_Code, num_of_sessions, body_part) VALUES (5, 'Rheumatoid Arthritis', 'Thermotherapy, such as paraffin wax baths, can help ease joint stiffness and reduce pain in individuals with rheumatoid arthritis by enhancing joint flexibility and reducing inflammation.', '#7R3N6', 8, 'hand');

--leg
INSERT INTO therapy_type (required_equipment_id, name, description, therapy_Code, num_of_sessions, body_part) VALUES (1, 'ACL injury', 'Rehabilitation includes exercises to strengthen the knee and improve stability, often following surgical repair.', '#3H4O2', 20, 'leg');
INSERT INTO therapy_type (required_equipment_id, name, description, therapy_Code, num_of_sessions, body_part) VALUES (1, 'Meniscus tear', 'Therapy emphasizes range of motion exercises and strengthening of the muscles around the knee.', '#6F2G1', 8, 'leg');
INSERT INTO therapy_type (required_equipment_id, name, description, therapy_Code, num_of_sessions, body_part) VALUES (1, 'IT band syndrome', 'Treatment involves stretching and strengthening the IT band and hip muscles.', '#8L2Q4', 8, 'leg');
INSERT INTO therapy_type (required_equipment_id, name, description, therapy_Code, num_of_sessions, body_part) VALUES (1, 'Shin splints', 'Rehabilitation focuses on reducing inflammation and improving lower leg strength and flexibility.', '#7P3Y5', 6, 'leg');
INSERT INTO therapy_type (required_equipment_id, name, description, therapy_Code, num_of_sessions, body_part) VALUES (1, 'Stress fractures', 'Rest and gradual return to weight-bearing activities are essential, along with exercises to maintain bone density.', '#9M8D2', 10, 'leg');
INSERT INTO therapy_type (required_equipment_id, name, description, therapy_Code, num_of_sessions, body_part) VALUES (1, 'Hip bursitis', 'Exercises to improve hip muscle strength and flexibility, along with modalities for pain management.', '#2T8L4', 10, 'leg');

--foot
INSERT INTO therapy_type (required_equipment_id, name, description, therapy_Code, num_of_sessions, body_part) VALUES (1, 'Ankle sprain', 'Therapy includes balance exercises, strengthening the ankle, and improving flexibility.', '#6W1E6', 8, 'foot');
INSERT INTO therapy_type (required_equipment_id, name, description, therapy_Code, num_of_sessions, body_part) VALUES (1, 'Plantar fasciitis ', 'Treatment involves stretching and strengthening exercises for the calf and foot muscles, along with modalities for pain relief.', '#6B5Q3', 8, 'foot');
INSERT INTO therapy_type (required_equipment_id, name, description, therapy_Code, num_of_sessions, body_part) VALUES (1, 'Achilles tendinitis ', 'Therapy aims to strengthen the calf muscles and Achilles tendon while reducing inflammation.', '#5C3G3', 12, 'foot');

--lower torso
INSERT INTO therapy_type (required_equipment_id, name, description, therapy_Code, num_of_sessions, body_part) VALUES (1, 'Lumbar herniated disc ', 'Physical therapy focuses on relieving pain and improving spinal stability through exercises.', '#3N4P6', 14, 'lower torso');
INSERT INTO therapy_type (required_equipment_id, name, description, therapy_Code, num_of_sessions, body_part) VALUES (1, 'Sciatica', 'Treatment involves exercises to alleviate sciatic nerve compression and improve lumbar spine function.', '#9P1H4', 7, 'lower torso');
INSERT INTO therapy_type (required_equipment_id, name, description, therapy_Code, num_of_sessions, body_part) VALUES (4, 'Chronic low back pain management', 'Hydrotherapy involves warm water exercises and aquatic therapy techniques to improve flexibility, reduce pain, and enhance core strength in individuals with chronic low back pain.', '#4W3F2', 10, 'lower_torso');

--upper torso
INSERT INTO therapy_type (required_equipment_id, name, description, therapy_Code, num_of_sessions, body_part) VALUES (1, 'Scoliosis', 'Therapy includes exercises to improve spinal alignment, flexibility, and muscle balance.', '#5R9N7', 8, 'upper torso');
INSERT INTO therapy_type (required_equipment_id, name, description, therapy_Code, num_of_sessions, body_part) VALUES (1, 'Postural disorders', 'Treatment includes exercises to correct posture and improve muscle balance to relieve pain and prevent future issues.', '#8K1H7', 7, 'upper torso');

--head
INSERT INTO therapy_type (required_equipment_id, name, description, therapy_Code, num_of_sessions, body_part) VALUES (1, 'Cervical radiculopathy ', 'Rehabilitation aims to reduce neck pain and nerve symptoms through neck exercises and modalities.', '#8G5H3', 8, 'head');
INSERT INTO therapy_type (required_equipment_id, name, description, therapy_Code, num_of_sessions, body_part) VALUES (1, 'Whiplash', 'Physical therapy focuses on neck strengthening and range of motion exercises to alleviate pain and stiffness.', '#8H6H1', 10, 'head');

--any
INSERT INTO therapy_type (required_equipment_id, name, description, therapy_Code, num_of_sessions, body_part) VALUES (2, 'Post-Operative rehabilitation', 'EMS therapy aids in muscle activation and circulation for post-operative patients, helping to prevent muscle atrophy and accelerate recovery through controlled electrical muscle contractions.', '#3J6K2', 12, 'any');
INSERT INTO therapy_type (required_equipment_id, name, description, therapy_Code, num_of_sessions, body_part) VALUES (2, 'Stroke rehabilitation', 'EMS can be used to stimulate paralyzed or weakened muscles, aiding in muscle re-education and motor function recovery for stroke survivors.', '#9P3R1', 20, 'any');
INSERT INTO therapy_type (required_equipment_id, name, description, therapy_Code, num_of_sessions, body_part) VALUES (2, 'Muscle atrophy prevention', 'EMS assists in maintaining muscle strength and mass in individuals with limited mobility, such as bedridden or immobilized patients, by providing passive muscle contractions', '#2J6Z7', 8, 'any');
INSERT INTO therapy_type (required_equipment_id, name, description, therapy_Code, num_of_sessions, body_part) VALUES (2, 'Chronic pain management', 'EMS therapy can help manage chronic pain conditions by stimulating endorphin release, reducing pain perception, and improving blood circulation in targeted areas.', '#7X4N5', 6, 'any');
INSERT INTO therapy_type (required_equipment_id, name, description, therapy_Code, num_of_sessions, body_part) VALUES (3, 'Post-Operative swelling minimization', 'Cryotherapy involves the application of cold therapy to reduce post-operative swelling and inflammation, promoting faster healing and pain relief.', '#5M8P4', 6, 'any');
INSERT INTO therapy_type (required_equipment_id, name, description, therapy_Code, num_of_sessions, body_part) VALUES (3, 'Acute sports injury', 'Cryotherapy is used immediately after an acute sports injury to minimize swelling, numb the area, and provide pain relief while facilitating faster recovery.', '#5Z9B5', 8, 'any');
INSERT INTO therapy_type (required_equipment_id, name, description, therapy_Code, num_of_sessions, body_part) VALUES (4, 'Post-Stroke rehabilitation', 'Hydrotherapy offers a supportive and buoyant environment for stroke survivors to work on regaining ', '#8D2H9', 20, 'any');
INSERT INTO therapy_type (required_equipment_id, name, description, therapy_Code, num_of_sessions, body_part) VALUES (4, 'Post-Operative Rehabilitation', 'Hydrotherapy can aid in the recovery process after surgery by offering a gentle way to regain mobility, reduce swelling, and improve overall conditioning through aquatic exercises and controlled movements in warm water.', '#5I9K8', 12, 'any');
INSERT INTO therapy_type (required_equipment_id, name, description, therapy_Code, num_of_sessions, body_part) VALUES (5, 'Muscle spasms and tension management', 'Thermotherapy in a wax bath involves immersing affected muscles in warm wax to relax and soothe muscle spasms, reduce tension, and promote blood flow for pain relief.', '#6L2M9', 6, 'any');
INSERT INTO therapy_type (required_equipment_id, name, description, therapy_Code, num_of_sessions, body_part) VALUES (5, 'Chronic muscle pain management', 'Regular heat therapy, including hot baths, warm packs, or infrared heat, may be part of a comprehensive pain management strategy for chronic muscle pain, providing temporary relief and improving muscle relaxation.', '#2K6H8', 7, 'any');


INSERT INTO health_referral (health_referral_id, hlkid, mbo, therapy_code) VALUES ('DGC_167819', 'HR019618', '160378294', '#3N4P6');
INSERT INTO health_referral (health_referral_id, hlkid, mbo, therapy_code) VALUES ('DGC_167820', 'HR061864', '234567890', '#9P1H4'); --inactive
INSERT INTO health_referral (health_referral_id, hlkid, mbo, therapy_code) VALUES ('DGC_167821', 'HR271982', '345678901', '#5R9N7');
INSERT INTO health_referral (health_referral_id, hlkid, mbo, therapy_code) VALUES ('DGC_167822', 'HR282164', '456789012', '#8G5H3');
INSERT INTO health_referral (health_referral_id, hlkid, mbo, therapy_code) VALUES ('DGC_167823', 'HR005951', '567890123', '#8H6H1');
INSERT INTO health_referral (health_referral_id, hlkid, mbo, therapy_code) VALUES ('DGC_167824', 'HR211078', '678901234', '#8K1H7');
INSERT INTO health_referral (health_referral_id, hlkid, mbo, therapy_code) VALUES ('DGC_167825', 'HR026260', '789012345', '#3J6K2'); --inactive
INSERT INTO health_referral (health_referral_id, hlkid, mbo, therapy_code) VALUES ('DGC_167826', 'HR166491', '890123456', '#9P3R1');
INSERT INTO health_referral (health_referral_id, hlkid, mbo, therapy_code) VALUES ('DGC_167827', 'HR095677', '901234567', '#4W3F2');
INSERT INTO health_referral (health_referral_id, hlkid, mbo, therapy_code) VALUES ('DGC_167828', 'HR233633', '987654321', '#4D5C2');
INSERT INTO health_referral (health_referral_id, hlkid, mbo, therapy_code) VALUES ('DGC_167829', 'HR206450', '876543210', '#8D2H9'); --inactive
INSERT INTO health_referral (health_referral_id, hlkid, mbo, therapy_code) VALUES ('DGC_167830', 'HR019618', '160378294', '#1V2V2');
INSERT INTO health_referral (health_referral_id, hlkid, mbo, therapy_code) VALUES ('DGC_167831', 'HR171737', '234567890', '#8I5F5');
INSERT INTO health_referral (health_referral_id, hlkid, mbo, therapy_code) VALUES ('DGC_167832', 'HR295432', '345678901', '#4C7X3');
INSERT INTO health_referral (health_referral_id, hlkid, mbo, therapy_code) VALUES ('DGC_167833', 'HR197286', '456789012', '#1R2Y1');
INSERT INTO health_referral (health_referral_id, hlkid, mbo, therapy_code) VALUES ('DGC_167834', 'HR207887', '567890123', '#3H4O2'); --inactive
INSERT INTO health_referral (health_referral_id, hlkid, mbo, therapy_code) VALUES ('DGC_167835', 'HR224558', '678901234', '#6F2G1');
INSERT INTO health_referral (health_referral_id, hlkid, mbo, therapy_code) VALUES ('DGC_167836', 'HR233300', '789012345', '#8L2Q4');
INSERT INTO health_referral (health_referral_id, hlkid, mbo, therapy_code) VALUES ('DGC_167837', 'HR221049', '890123456', '#7P3Y5');
INSERT INTO health_referral (health_referral_id, hlkid, mbo, therapy_code) VALUES ('DGC_167838', 'HR177695', '901234567', '#9M8D2');
INSERT INTO health_referral (health_referral_id, hlkid, mbo, therapy_code) VALUES ('DGC_167839', 'HR219873', '876543210', '#6W1E6'); --inactive
INSERT INTO health_referral (health_referral_id, hlkid, mbo, therapy_code) VALUES ('DGC_793727', 'HR185246', '6253185365', '#2T8L4'); --t
INSERT INTO health_referral (health_referral_id, hlkid, mbo, therapy_code) VALUES ('DGC_636693', 'HR160786', '4289487088', '#8D2H9'); --t
INSERT INTO health_referral (health_referral_id, hlkid, mbo, therapy_code) VALUES ('DGC_390107', 'HR256292', '3866991777', '#6L2M9'); --t
INSERT INTO health_referral (health_referral_id, hlkid, mbo, therapy_code) VALUES ('DGC_565429', 'HR059632', '4589588830', '#8H6H1'); --t
INSERT INTO health_referral (health_referral_id, hlkid, mbo, therapy_code) VALUES ('DGC_032759', 'HR163325', '2506031451', '#6F6P9'); --t
INSERT INTO health_referral (health_referral_id, hlkid, mbo, therapy_code) VALUES ('DGC_385430', 'HR014630', '9123546065', '#6W1E6'); --t
INSERT INTO health_referral (health_referral_id, hlkid, mbo, therapy_code) VALUES ('DGC_385136', 'HR189325', '2806721438', '#4N8P5'); --f
INSERT INTO health_referral (health_referral_id, hlkid, mbo, therapy_code) VALUES ('DGC_337700', 'HR169945', '4922359384', '#8H6H1'); --t
INSERT INTO health_referral (health_referral_id, hlkid, mbo, therapy_code) VALUES ('DGC_282125', 'HR133104', '4161888076', '#8H6H1'); --t
INSERT INTO health_referral (health_referral_id, hlkid, mbo, therapy_code) VALUES ('DGC_999141', 'HR255263', '5896293771', '#1R2Y1'); --t
INSERT INTO health_referral (health_referral_id, hlkid, mbo, therapy_code) VALUES ('DGC_198002', 'HR193381', '2944470785', '#8H6H1'); --f
INSERT INTO health_referral (health_referral_id, hlkid, mbo, therapy_code) VALUES ('DGC_942024', 'HR276291', '1532378204', '#5C3G3'); --t
INSERT INTO health_referral (health_referral_id, hlkid, mbo, therapy_code) VALUES ('DGC_656575', 'HR052618', '4173413342', '#3J6K2'); --t
INSERT INTO health_referral (health_referral_id, hlkid, mbo, therapy_code) VALUES ('DGC_969413', 'HR161846', '6446944801', '#5G3Y4'); --t
INSERT INTO health_referral (health_referral_id, hlkid, mbo, therapy_code) VALUES ('DGC_869437', 'HR267695', '1850507374', '#5C3G3'); --t
INSERT INTO health_referral (health_referral_id, hlkid, mbo, therapy_code) VALUES ('DGC_749456', 'HR119458', '1216575762', '#3N4P6'); --t
INSERT INTO health_referral (health_referral_id, hlkid, mbo, therapy_code) VALUES ('DGC_877584', 'HR163856', '5347456189', '#2K6H8'); --t
INSERT INTO health_referral (health_referral_id, hlkid, mbo, therapy_code) VALUES ('DGC_687246', 'HR245252', '3868794331', '#7R3N6'); --t
INSERT INTO health_referral (health_referral_id, hlkid, mbo, therapy_code) VALUES ('DGC_446004', 'HR204355', '9757861017', '#8I5F5'); --t
INSERT INTO health_referral (health_referral_id, hlkid, mbo, therapy_code) VALUES ('DGC_262041', 'HR285214', '6423700800', '#7R3N6'); --t
INSERT INTO health_referral (health_referral_id, hlkid, mbo, therapy_code) VALUES ('DGC_661199', 'HR131035', '3440637107', '#9M8D2'); --t
INSERT INTO health_referral (health_referral_id, hlkid, mbo, therapy_code) VALUES ('DGC_637202', 'HR222183', '5275142380', '#7P3Y5'); --f
INSERT INTO health_referral (health_referral_id, hlkid, mbo, therapy_code) VALUES ('DGC_869826', 'HR150977', '0571334333', '#2K6H8'); --t
INSERT INTO health_referral (health_referral_id, hlkid, mbo, therapy_code) VALUES ('DGC_918222', 'HR160786', '3819700726', '#7X4N5'); --t
INSERT INTO health_referral (health_referral_id, hlkid, mbo, therapy_code) VALUES ('DGC_623808', 'HR178655', '1297818258', '#1G8Z3'); --f
INSERT INTO health_referral (health_referral_id, hlkid, mbo, therapy_code) VALUES ('DGC_443294', 'HR249603', '9565800943', '#4N8P5'); --f
INSERT INTO health_referral (health_referral_id, hlkid, mbo, therapy_code) VALUES ('DGC_826397', 'HR155697', '1532378204', '#2T8L4'); --t
INSERT INTO health_referral (health_referral_id, hlkid, mbo, therapy_code) VALUES ('DGC_791929', 'HR059191', '6136194437', '#5M8P4'); --t
INSERT INTO health_referral (health_referral_id, hlkid, mbo, therapy_code) VALUES ('DGC_791516', 'HR051109', '0985222002', '#6L2M9'); --t
INSERT INTO health_referral (health_referral_id, hlkid, mbo, therapy_code) VALUES ('DGC_969339', 'HR041091', '2491959663', '#4W3F2'); --t
INSERT INTO health_referral (health_referral_id, hlkid, mbo, therapy_code) VALUES ('DGC_381880', 'HR018635', '6446944801', '#6W1E6'); --t
INSERT INTO health_referral (health_referral_id, hlkid, mbo, therapy_code) VALUES ('DGC_808830', 'HR286651', '2944470785', '#6F6P9'); --t
INSERT INTO health_referral (health_referral_id, hlkid, mbo, therapy_code) VALUES ('DGC_541132', 'HR288020', '2490725791', '#6F2G1'); --t
INSERT INTO health_referral (health_referral_id, hlkid, mbo, therapy_code) VALUES ('DGC_553471', 'HR142441', '2491959663', '#6L2M9'); --t
INSERT INTO health_referral (health_referral_id, hlkid, mbo, therapy_code) VALUES ('DGC_126662', 'HR152518', '0767789053', '#6F6P9'); --t
INSERT INTO health_referral (health_referral_id, hlkid, mbo, therapy_code) VALUES ('DGC_776897', 'HR133035', '9442590631', '#9P1H4'); --t
INSERT INTO health_referral (health_referral_id, hlkid, mbo, therapy_code) VALUES ('DGC_976369', 'HR230176', '3360604548', '#7X4N5'); --t
INSERT INTO health_referral (health_referral_id, hlkid, mbo, therapy_code) VALUES ('DGC_790265', 'HR194996', '7411648759', '#1R2Y1'); --t
INSERT INTO health_referral (health_referral_id, hlkid, mbo, therapy_code) VALUES ('DGC_496383', 'HR141610', '0729410772', '#6F6P9'); --t
INSERT INTO health_referral (health_referral_id, hlkid, mbo, therapy_code) VALUES ('DGC_110225', 'HR031191', '4912183658', '#7P3Y5'); --t
INSERT INTO health_referral (health_referral_id, hlkid, mbo, therapy_code) VALUES ('DGC_886726', 'HR263804', '2482714851', '#7X4N5'); --t
INSERT INTO health_referral (health_referral_id, hlkid, mbo, therapy_code) VALUES ('DGC_306846', 'HR105980', '2535230493', '#2T8L4'); --t
INSERT INTO health_referral (health_referral_id, hlkid, mbo, therapy_code) VALUES ('DGC_753053', 'HR261579', '5524769923', '#2T8L4'); --f
INSERT INTO health_referral (health_referral_id, hlkid, mbo, therapy_code) VALUES ('DGC_113518', 'HR087812', '2922579756', '#4D5C2'); --t
INSERT INTO health_referral (health_referral_id, hlkid, mbo, therapy_code) VALUES ('DGC_242123', 'HR045112', '4802053809', '#5G3Y4'); --t
INSERT INTO health_referral (health_referral_id, hlkid, mbo, therapy_code) VALUES ('DGC_655498', 'HR155464', '5524769923', '#5G3Y4'); --t
INSERT INTO health_referral (health_referral_id, hlkid, mbo, therapy_code) VALUES ('DGC_137620', 'HR128565', '4161888076', '#4D5C2'); --t
INSERT INTO health_referral (health_referral_id, hlkid, mbo, therapy_code) VALUES ('DGC_770549', 'HR207080', '5130029178', '#8D2H9'); --t
INSERT INTO health_referral (health_referral_id, hlkid, mbo, therapy_code) VALUES ('DGC_482579', 'HR277139', '5441593808', '#4N8P5'); --t
INSERT INTO health_referral (health_referral_id, hlkid, mbo, therapy_code) VALUES ('DGC_999382', 'HR107297', '4769035776', '#1V2V2'); --t


INSERT INTO therapy (id, employee_id, patient_id, therapy_type_id, therapy_status) VALUES (1, 126, 2, 1, 'DECLINED'); --inactive doctor
INSERT INTO therapy (id, employee_id, patient_id, therapy_type_id, therapy_status) VALUES (2, 127, 3, 5, 'PENDING');
INSERT INTO therapy (id, employee_id, patient_id, therapy_type_id, therapy_status) VALUES (3, 128, 4, 5, 'VERIFIED');
INSERT INTO therapy (id, employee_id, patient_id, therapy_type_id, therapy_status) VALUES (4, 130, 5, 9, 'VERIFIED');
INSERT INTO therapy (id, employee_id, patient_id, therapy_type_id, therapy_status) VALUES (5, 135, 5, 2, 'VERIFIED');
INSERT INTO therapy (id, employee_id, patient_id, therapy_type_id, therapy_status) VALUES (6, 142, 3, 7, 'PENDING');
INSERT INTO therapy (id, employee_id, patient_id, therapy_type_id, therapy_status) VALUES (7, 127, 2, 11, 'PENDING');
INSERT INTO therapy (id, employee_id, patient_id, therapy_type_id, therapy_status) VALUES (8, 130, 5, 6, 'VERIFIED');
INSERT INTO therapy (id, employee_id, patient_id, therapy_type_id, therapy_status) VALUES (9, 131, 6, 3, 'VERIFIED');
INSERT INTO therapy (id, employee_id, patient_id, therapy_type_id, therapy_status) VALUES (10, 132, 7, 8, 'VERIFIED');
INSERT INTO therapy (id, employee_id, patient_id, therapy_type_id, therapy_status) VALUES (11, 133, 8, 4, 'PENDING');
INSERT INTO therapy (id, employee_id, patient_id, therapy_type_id, therapy_status) VALUES (12, 134, 9, 5, 'VERIFIED');
INSERT INTO therapy (id, employee_id, patient_id, therapy_type_id, therapy_status) VALUES (13, 135, 10, 2, 'VERIFIED');
INSERT INTO therapy (id, employee_id, patient_id, therapy_type_id, therapy_status) VALUES (14, 136, 11, 11, 'VERIFIED');
INSERT INTO therapy (id, employee_id, patient_id, therapy_type_id, therapy_status) VALUES (15, 137, 12, 6, 'VERIFIED');
INSERT INTO therapy (id, employee_id, patient_id, therapy_type_id, therapy_status) VALUES (16, 138, 13, 9, 'VERIFIED');
INSERT INTO therapy (id, employee_id, patient_id, therapy_type_id, therapy_status) VALUES (17, 139, 14, 1, 'VERIFIED');
INSERT INTO therapy (id, employee_id, patient_id, therapy_type_id, therapy_status) VALUES (18, 140, 15, 12, 'VERIFIED');
INSERT INTO therapy (id, employee_id, patient_id, therapy_type_id, therapy_status) VALUES (19, 141, 16, 10, 'PENDING');
INSERT INTO therapy (id, employee_id, patient_id, therapy_type_id, therapy_status) VALUES (20, 142, 17, 7, 'PENDING');
INSERT INTO therapy (id, employee_id, patient_id, therapy_type_id, therapy_status) VALUES (21, 143, 18, 3, 'VERIFIED');
INSERT INTO therapy (id, employee_id, patient_id, therapy_type_id, therapy_status) VALUES (22, 144, 19, 13, 'VERIFIED');
INSERT INTO therapy (id, employee_id, patient_id, therapy_type_id, therapy_status) VALUES (23, 145, 20, 15, 'VERIFIED');
INSERT INTO therapy (id, employee_id, patient_id, therapy_type_id, therapy_status) VALUES (24, 146, 21, 14, 'VERIFIED');
INSERT INTO therapy (id, employee_id, patient_id, therapy_type_id, therapy_status) VALUES (25, 147, 22, 16, 'VERIFIED');
INSERT INTO therapy (id, employee_id, patient_id, therapy_type_id, therapy_status) VALUES (26, 126, 23, 17, 'VERIFIED');
INSERT INTO therapy (id, employee_id, patient_id, therapy_type_id, therapy_status) VALUES (27, 127, 24, 18, 'VERIFIED');
INSERT INTO therapy (id, employee_id, patient_id, therapy_type_id, therapy_status) VALUES (28, 128, 25, 19, 'VERIFIED');
INSERT INTO therapy (id, employee_id, patient_id, therapy_type_id, therapy_status) VALUES (29, 129, 26, 20, 'VERIFIED');
INSERT INTO therapy (id, employee_id, patient_id, therapy_type_id, therapy_status) VALUES (30, 130, 27, 21, 'VERIFIED');

INSERT INTO appointment (id, date_time, employee_id, patient_id, therapy_id, session_notes) VALUES (1, '2023-08-19T17:00', 126, 2, 1, '');
INSERT INTO appointment (id, date_time, employee_id, patient_id, therapy_id, session_notes) VALUES (2, '2023-08-22T17:00', 126, 2, 1, '');
INSERT INTO appointment (id, date_time, employee_id, patient_id, therapy_id, session_notes) VALUES (3, '2023-08-25T17:00', 126, 2, 1, '');
INSERT INTO appointment (id, date_time, employee_id, patient_id, therapy_id, session_notes) VALUES (4, '2023-08-28T17:00', 126, 2, 1, '');
INSERT INTO appointment (id, date_time, employee_id, patient_id, therapy_id, session_notes) VALUES (5, '2023-09-04T17:00', 126, 2, 1, '');
INSERT INTO appointment (id, date_time, employee_id, patient_id, therapy_id, session_notes) VALUES (6, '2023-09-07T17:00', 126, 2, 1, '');
INSERT INTO appointment (id, date_time, employee_id, patient_id, therapy_id, session_notes) VALUES (7, '2023-09-11T17:00', 126, 2, 1, '');
INSERT INTO appointment (id, date_time, employee_id, patient_id, therapy_id, session_notes) VALUES (8, '2023-09-14T17:00', 126, 2, 1, '');
INSERT INTO appointment (id, date_time, employee_id, patient_id, therapy_id, session_notes) VALUES (9, '2023-09-18T17:00', 126, 2, 1, '');
INSERT INTO appointment (id, date_time, employee_id, patient_id, therapy_id, session_notes) VALUES (10, '2023-09-22T17:00', 126, 2, 1, '');
INSERT INTO appointment (id, date_time, employee_id, patient_id, therapy_id, session_notes) VALUES (11, '2023-09-27T17:00', 126, 2, 1, '');
INSERT INTO appointment (id, date_time, employee_id, patient_id, therapy_id, session_notes) VALUES (12, '2023-10-02T17:00', 126, 2, 1, '');
INSERT INTO appointment (id, date_time, employee_id, patient_id, therapy_id, session_notes) VALUES (13, '2023-09-30T10:00', 127, 3, 2, '');
INSERT INTO appointment (id, date_time, employee_id, patient_id, therapy_id, session_notes) VALUES (14, '2023-10-03T10:00', 127, 3, 2, '');
INSERT INTO appointment (id, date_time, employee_id, patient_id, therapy_id, session_notes) VALUES (15, '2023-10-09T10:00', 127, 3, 2, '');
INSERT INTO appointment (id, date_time, employee_id, patient_id, therapy_id, session_notes) VALUES (16, '2023-10-13T10:00', 127, 3, 2, '');
INSERT INTO appointment (id, date_time, employee_id, patient_id, therapy_id, session_notes) VALUES (17, '2023-10-16T10:00', 127, 3, 2, '');
INSERT INTO appointment (id, date_time, employee_id, patient_id, therapy_id, session_notes) VALUES (18, '2023-10-19T10:00', 127, 3, 2, '');
INSERT INTO appointment (id, date_time, employee_id, patient_id, therapy_id, session_notes) VALUES (19, '2023-10-24T10:00', 127, 3, 2, '');
INSERT INTO appointment (id, date_time, employee_id, patient_id, therapy_id, session_notes) VALUES (20, '2023-10-27T10:00', 127, 3, 2, '');
INSERT INTO appointment (id, date_time, employee_id, patient_id, therapy_id, session_notes) VALUES (21, '2023-10-30T10:00', 127, 3, 2, '');
INSERT INTO appointment (id, date_time, employee_id, patient_id, therapy_id, session_notes) VALUES (22, '2023-11-02T10:00', 127, 3, 2, '');
INSERT INTO appointment (id, date_time, employee_id, patient_id, therapy_id, session_notes) VALUES (23, '2023-11-12T13:00', 128, 4, 3, '');
INSERT INTO appointment (id, date_time, employee_id, patient_id, therapy_id, session_notes) VALUES (24, '2023-11-17T13:00', 128, 4, 3, '');
INSERT INTO appointment (id, date_time, employee_id, patient_id, therapy_id, session_notes) VALUES (25, '2023-11-20T13:00', 128, 4, 3, '');
INSERT INTO appointment (id, date_time, employee_id, patient_id, therapy_id, session_notes) VALUES (26, '2023-11-24T13:00', 128, 4, 3, '');
INSERT INTO appointment (id, date_time, employee_id, patient_id, therapy_id, session_notes) VALUES (27, '2023-11-29T13:00', 128, 4, 3, '');
INSERT INTO appointment (id, date_time, employee_id, patient_id, therapy_id, session_notes) VALUES (28, '2023-12-04T13:00', 128, 4, 3, '');
INSERT INTO appointment (id, date_time, employee_id, patient_id, therapy_id, session_notes) VALUES (29, '2023-12-07T13:00', 128, 4, 3, '');
INSERT INTO appointment (id, date_time, employee_id, patient_id, therapy_id, session_notes) VALUES (30, '2023-12-11T13:00', 128, 4, 3, '');
INSERT INTO appointment (id, date_time, employee_id, patient_id, therapy_id, session_notes) VALUES (31, '2023-12-15T13:00', 128, 4, 3, '');
INSERT INTO appointment (id, date_time, employee_id, patient_id, therapy_id, session_notes) VALUES (32, '2023-12-20T13:00', 128, 4, 3, '');
INSERT INTO appointment (id, date_time, employee_id, patient_id, therapy_id, session_notes) VALUES (33, '2023-01-06T08:00', 130, 5, 4, '');
INSERT INTO appointment (id, date_time, employee_id, patient_id, therapy_id, session_notes) VALUES (34, '2023-01-09T08:00', 130, 5, 4, '');
INSERT INTO appointment (id, date_time, employee_id, patient_id, therapy_id, session_notes) VALUES (35, '2023-01-13T08:00', 130, 5, 4, '');
INSERT INTO appointment (id, date_time, employee_id, patient_id, therapy_id, session_notes) VALUES (36, '2023-01-17T08:00', 130, 5, 4, '');
INSERT INTO appointment (id, date_time, employee_id, patient_id, therapy_id, session_notes) VALUES (37, '2023-01-23T08:00', 130, 5, 4, '');
INSERT INTO appointment (id, date_time, employee_id, patient_id, therapy_id, session_notes) VALUES (38, '2023-01-27T08:00', 130, 5, 4, '');
INSERT INTO appointment (id, date_time, employee_id, patient_id, therapy_id, session_notes) VALUES (39, '2023-02-01T08:00', 130, 5, 4, '');
INSERT INTO appointment (id, date_time, employee_id, patient_id, therapy_id, session_notes) VALUES (40, '2023-02-06T08:00', 130, 5, 4, '');
INSERT INTO appointment (id, date_time, employee_id, patient_id, therapy_id, session_notes) VALUES (41, '2023-05-06T11:00', 135, 5, 5, '');
INSERT INTO appointment (id, date_time, employee_id, patient_id, therapy_id, session_notes) VALUES (42, '2023-05-11T11:00', 135, 5, 5, '');
INSERT INTO appointment (id, date_time, employee_id, patient_id, therapy_id, session_notes) VALUES (43, '2023-05-16T11:00', 135, 5, 5, '');
INSERT INTO appointment (id, date_time, employee_id, patient_id, therapy_id, session_notes) VALUES (44, '2023-05-22T11:00', 135, 5, 5, '');
INSERT INTO appointment (id, date_time, employee_id, patient_id, therapy_id, session_notes) VALUES (45, '2023-05-26T11:00', 135, 5, 5, '');
INSERT INTO appointment (id, date_time, employee_id, patient_id, therapy_id, session_notes) VALUES (46, '2023-05-30T11:00', 135, 5, 5, '');
INSERT INTO appointment (id, date_time, employee_id, patient_id, therapy_id, session_notes) VALUES (47, '2023-06-02T11:00', 135, 5, 5, '');
INSERT INTO appointment (id, date_time, employee_id, patient_id, therapy_id, session_notes) VALUES (48, '2023-06-05T11:00', 135, 5, 5, '');
INSERT INTO appointment (id, date_time, employee_id, patient_id, therapy_id, session_notes) VALUES (49, '2023-06-12T11:00', 135, 5, 5, '');
INSERT INTO appointment (id, date_time, employee_id, patient_id, therapy_id, session_notes) VALUES (50, '2023-06-19T11:00', 135, 5, 5, '');
INSERT INTO appointment (id, date_time, employee_id, patient_id, therapy_id, session_notes) VALUES (51, '2023-01-09T09:00', 142, 3, 6, '');
INSERT INTO appointment (id, date_time, employee_id, patient_id, therapy_id, session_notes) VALUES (52, '2023-01-13T09:00', 142, 3, 6, '');
INSERT INTO appointment (id, date_time, employee_id, patient_id, therapy_id, session_notes) VALUES (53, '2023-01-18T09:00', 142, 3, 6, '');
INSERT INTO appointment (id, date_time, employee_id, patient_id, therapy_id, session_notes) VALUES (54, '2023-01-23T09:00', 142, 3, 6, '');
INSERT INTO appointment (id, date_time, employee_id, patient_id, therapy_id, session_notes) VALUES (55, '2023-01-27T09:00', 142, 3, 6, '');
INSERT INTO appointment (id, date_time, employee_id, patient_id, therapy_id, session_notes) VALUES (56, '2023-01-30T09:00', 142, 3, 6, '');
INSERT INTO appointment (id, date_time, employee_id, patient_id, therapy_id, session_notes) VALUES (57, '2023-02-06T09:00', 142, 3, 6, '');
INSERT INTO appointment (id, date_time, employee_id, patient_id, therapy_id, session_notes) VALUES (58, '2023-02-10T09:00', 142, 3, 6, '');
INSERT INTO appointment (id, date_time, employee_id, patient_id, therapy_id, session_notes) VALUES (59, '2023-03-07T13:00', 127, 2, 7, '');
INSERT INTO appointment (id, date_time, employee_id, patient_id, therapy_id, session_notes) VALUES (60, '2023-03-10T13:00', 127, 2, 7, '');
INSERT INTO appointment (id, date_time, employee_id, patient_id, therapy_id, session_notes) VALUES (61, '2023-03-15T13:00', 127, 2, 7, '');
INSERT INTO appointment (id, date_time, employee_id, patient_id, therapy_id, session_notes) VALUES (62, '2023-03-20T13:00', 127, 2, 7, '');
INSERT INTO appointment (id, date_time, employee_id, patient_id, therapy_id, session_notes) VALUES (63, '2023-03-27T13:00', 127, 2, 7, '');
INSERT INTO appointment (id, date_time, employee_id, patient_id, therapy_id, session_notes) VALUES (64, '2023-03-31T13:00', 127, 2, 7, '');
INSERT INTO appointment (id, date_time, employee_id, patient_id, therapy_id, session_notes) VALUES (65, '2023-04-03T13:00', 127, 2, 7, '');
INSERT INTO appointment (id, date_time, employee_id, patient_id, therapy_id, session_notes) VALUES (66, '2023-04-10T13:00', 127, 2, 7, '');
INSERT INTO appointment (id, date_time, employee_id, patient_id, therapy_id, session_notes) VALUES (67, '2023-06-25T14:00', 130, 5, 8, '');
INSERT INTO appointment (id, date_time, employee_id, patient_id, therapy_id, session_notes) VALUES (68, '2023-06-28T14:00', 130, 5, 8, '');
INSERT INTO appointment (id, date_time, employee_id, patient_id, therapy_id, session_notes) VALUES (69, '2023-07-03T14:00', 130, 5, 8, '');
INSERT INTO appointment (id, date_time, employee_id, patient_id, therapy_id, session_notes) VALUES (70, '2023-07-10T14:00', 130, 5, 8, '');
INSERT INTO appointment (id, date_time, employee_id, patient_id, therapy_id, session_notes) VALUES (71, '2023-07-17T14:00', 130, 5, 8, '');
INSERT INTO appointment (id, date_time, employee_id, patient_id, therapy_id, session_notes) VALUES (72, '2023-07-20T14:00', 130, 5, 8, '');
INSERT INTO appointment (id, date_time, employee_id, patient_id, therapy_id, session_notes) VALUES (73, '2023-07-25T14:00', 130, 5, 8, '');
INSERT INTO appointment (id, date_time, employee_id, patient_id, therapy_id, session_notes) VALUES (74, '2023-07-28T14:00', 130, 5, 8, '');
INSERT INTO appointment (id, date_time, employee_id, patient_id, therapy_id, session_notes) VALUES (75, '2022-09-24T08:00', 131, 6, 9, '');
INSERT INTO appointment (id, date_time, employee_id, patient_id, therapy_id, session_notes) VALUES (76, '2022-09-28T08:00', 131, 6, 9, '');
INSERT INTO appointment (id, date_time, employee_id, patient_id, therapy_id, session_notes) VALUES (77, '2022-10-03T08:00', 131, 6, 9, '');
INSERT INTO appointment (id, date_time, employee_id, patient_id, therapy_id, session_notes) VALUES (78, '2022-10-07T08:00', 131, 6, 9, '');
INSERT INTO appointment (id, date_time, employee_id, patient_id, therapy_id, session_notes) VALUES (79, '2022-10-12T08:00', 131, 6, 9, '');
INSERT INTO appointment (id, date_time, employee_id, patient_id, therapy_id, session_notes) VALUES (80, '2022-10-17T08:00', 131, 6, 9, '');
INSERT INTO appointment (id, date_time, employee_id, patient_id, therapy_id, session_notes) VALUES (81, '2022-10-21T08:00', 131, 6, 9, '');
INSERT INTO appointment (id, date_time, employee_id, patient_id, therapy_id, session_notes) VALUES (82, '2022-10-24T08:00', 131, 6, 9, '');
INSERT INTO appointment (id, date_time, employee_id, patient_id, therapy_id, session_notes) VALUES (83, '2022-11-30T08:00', 132, 7, 10, '');
INSERT INTO appointment (id, date_time, employee_id, patient_id, therapy_id, session_notes) VALUES (84, '2022-12-05T08:00', 132, 7, 10, '');
INSERT INTO appointment (id, date_time, employee_id, patient_id, therapy_id, session_notes) VALUES (85, '2022-12-12T08:00', 132, 7, 10, '');
INSERT INTO appointment (id, date_time, employee_id, patient_id, therapy_id, session_notes) VALUES (86, '2022-12-15T08:00', 132, 7, 10, '');
INSERT INTO appointment (id, date_time, employee_id, patient_id, therapy_id, session_notes) VALUES (87, '2022-12-20T08:00', 132, 7, 10, '');
INSERT INTO appointment (id, date_time, employee_id, patient_id, therapy_id, session_notes) VALUES (88, '2022-12-26T08:00', 132, 7, 10, '');
INSERT INTO appointment (id, date_time, employee_id, patient_id, therapy_id, session_notes) VALUES (89, '2022-12-29T08:00', 132, 7, 10, '');
INSERT INTO appointment (id, date_time, employee_id, patient_id, therapy_id, session_notes) VALUES (90, '2023-01-03T08:00', 132, 7, 10, '');
INSERT INTO appointment (id, date_time, employee_id, patient_id, therapy_id, session_notes) VALUES (91, '2023-01-09T08:00', 132, 7, 10, '');
INSERT INTO appointment (id, date_time, employee_id, patient_id, therapy_id, session_notes) VALUES (92, '2023-01-13T08:00', 132, 7, 10, '');
INSERT INTO appointment (id, date_time, employee_id, patient_id, therapy_id, session_notes) VALUES (93, '2023-08-03T17:00', 133, 8, 11, '');
INSERT INTO appointment (id, date_time, employee_id, patient_id, therapy_id, session_notes) VALUES (94, '2023-08-07T17:00', 133, 8, 11, '');
INSERT INTO appointment (id, date_time, employee_id, patient_id, therapy_id, session_notes) VALUES (95, '2023-08-10T17:00', 133, 8, 11, '');
INSERT INTO appointment (id, date_time, employee_id, patient_id, therapy_id, session_notes) VALUES (96, '2023-08-14T17:00', 133, 8, 11, '');
INSERT INTO appointment (id, date_time, employee_id, patient_id, therapy_id, session_notes) VALUES (97, '2023-08-21T17:00', 133, 8, 11, '');
INSERT INTO appointment (id, date_time, employee_id, patient_id, therapy_id, session_notes) VALUES (98, '2023-08-25T17:00', 133, 8, 11, '');
INSERT INTO appointment (id, date_time, employee_id, patient_id, therapy_id, session_notes) VALUES (99, '2023-08-30T17:00', 133, 8, 11, '');
INSERT INTO appointment (id, date_time, employee_id, patient_id, therapy_id, session_notes) VALUES (100, '2023-09-04T17:00', 133, 8, 11, '');
INSERT INTO appointment (id, date_time, employee_id, patient_id, therapy_id, session_notes) VALUES (101, '2022-12-22T13:00', 134, 9, 12, '');
INSERT INTO appointment (id, date_time, employee_id, patient_id, therapy_id, session_notes) VALUES (102, '2022-12-27T13:00', 134, 9, 12, '');
INSERT INTO appointment (id, date_time, employee_id, patient_id, therapy_id, session_notes) VALUES (103, '2023-01-02T13:00', 134, 9, 12, '');
INSERT INTO appointment (id, date_time, employee_id, patient_id, therapy_id, session_notes) VALUES (104, '2023-01-05T13:00', 134, 9, 12, '');
INSERT INTO appointment (id, date_time, employee_id, patient_id, therapy_id, session_notes) VALUES (105, '2023-01-09T13:00', 134, 9, 12, '');
INSERT INTO appointment (id, date_time, employee_id, patient_id, therapy_id, session_notes) VALUES (106, '2023-01-16T13:00', 134, 9, 12, '');
INSERT INTO appointment (id, date_time, employee_id, patient_id, therapy_id, session_notes) VALUES (107, '2023-01-20T13:00', 134, 9, 12, '');
INSERT INTO appointment (id, date_time, employee_id, patient_id, therapy_id, session_notes) VALUES (108, '2023-01-25T13:00', 134, 9, 12, '');
INSERT INTO appointment (id, date_time, employee_id, patient_id, therapy_id, session_notes) VALUES (109, '2023-01-30T13:00', 134, 9, 12, '');
INSERT INTO appointment (id, date_time, employee_id, patient_id, therapy_id, session_notes) VALUES (110, '2023-02-02T13:00', 134, 9, 12, '');
INSERT INTO appointment (id, date_time, employee_id, patient_id, therapy_id, session_notes) VALUES (111, '2022-11-09T10:00', 135, 10, 13, '');
INSERT INTO appointment (id, date_time, employee_id, patient_id, therapy_id, session_notes) VALUES (112, '2022-11-14T10:00', 135, 10, 13, '');
INSERT INTO appointment (id, date_time, employee_id, patient_id, therapy_id, session_notes) VALUES (113, '2022-11-17T10:00', 135, 10, 13, '');
INSERT INTO appointment (id, date_time, employee_id, patient_id, therapy_id, session_notes) VALUES (114, '2022-11-21T10:00', 135, 10, 13, '');
INSERT INTO appointment (id, date_time, employee_id, patient_id, therapy_id, session_notes) VALUES (115, '2022-11-24T10:00', 135, 10, 13, '');
INSERT INTO appointment (id, date_time, employee_id, patient_id, therapy_id, session_notes) VALUES (116, '2022-11-28T10:00', 135, 10, 13, '');
INSERT INTO appointment (id, date_time, employee_id, patient_id, therapy_id, session_notes) VALUES (117, '2022-12-01T10:00', 135, 10, 13, '');
INSERT INTO appointment (id, date_time, employee_id, patient_id, therapy_id, session_notes) VALUES (118, '2022-12-05T10:00', 135, 10, 13, '');
INSERT INTO appointment (id, date_time, employee_id, patient_id, therapy_id, session_notes) VALUES (119, '2022-12-09T10:00', 135, 10, 13, '');
INSERT INTO appointment (id, date_time, employee_id, patient_id, therapy_id, session_notes) VALUES (120, '2022-12-13T10:00', 135, 10, 13, '');
INSERT INTO appointment (id, date_time, employee_id, patient_id, therapy_id, session_notes) VALUES (121, '2023-06-07T08:00', 136, 11, 14, '');
INSERT INTO appointment (id, date_time, employee_id, patient_id, therapy_id, session_notes) VALUES (122, '2023-06-12T08:00', 136, 11, 14, '');
INSERT INTO appointment (id, date_time, employee_id, patient_id, therapy_id, session_notes) VALUES (123, '2023-06-19T08:00', 136, 11, 14, '');
INSERT INTO appointment (id, date_time, employee_id, patient_id, therapy_id, session_notes) VALUES (124, '2023-06-26T08:00', 136, 11, 14, '');
INSERT INTO appointment (id, date_time, employee_id, patient_id, therapy_id, session_notes) VALUES (125, '2023-07-03T08:00', 136, 11, 14, '');
INSERT INTO appointment (id, date_time, employee_id, patient_id, therapy_id, session_notes) VALUES (126, '2023-07-07T08:00', 136, 11, 14, '');
INSERT INTO appointment (id, date_time, employee_id, patient_id, therapy_id, session_notes) VALUES (127, '2023-07-10T08:00', 136, 11, 14, '');
INSERT INTO appointment (id, date_time, employee_id, patient_id, therapy_id, session_notes) VALUES (128, '2023-07-14T08:00', 136, 11, 14, '');
INSERT INTO appointment (id, date_time, employee_id, patient_id, therapy_id, session_notes) VALUES (129, '2024-01-08T13:00', 137, 12, 15, '');
INSERT INTO appointment (id, date_time, employee_id, patient_id, therapy_id, session_notes) VALUES (130, '2024-01-15T13:00', 137, 12, 15, '');
INSERT INTO appointment (id, date_time, employee_id, patient_id, therapy_id, session_notes) VALUES (131, '2024-01-19T13:00', 137, 12, 15, '');
INSERT INTO appointment (id, date_time, employee_id, patient_id, therapy_id, session_notes) VALUES (132, '2024-01-22T13:00', 137, 12, 15, '');
INSERT INTO appointment (id, date_time, employee_id, patient_id, therapy_id, session_notes) VALUES (133, '2024-01-26T13:00', 137, 12, 15, '');
INSERT INTO appointment (id, date_time, employee_id, patient_id, therapy_id, session_notes) VALUES (134, '2024-01-30T13:00', 137, 12, 15, '');
INSERT INTO appointment (id, date_time, employee_id, patient_id, therapy_id, session_notes) VALUES (135, '2024-02-02T13:00', 137, 12, 15, '');
INSERT INTO appointment (id, date_time, employee_id, patient_id, therapy_id, session_notes) VALUES (136, '2024-02-05T13:00', 137, 12, 15, '');
INSERT INTO appointment (id, date_time, employee_id, patient_id, therapy_id, session_notes) VALUES (137, '2023-11-30T18:00', 138, 13, 16, '');
INSERT INTO appointment (id, date_time, employee_id, patient_id, therapy_id, session_notes) VALUES (138, '2023-12-04T18:00', 138, 13, 16, '');
INSERT INTO appointment (id, date_time, employee_id, patient_id, therapy_id, session_notes) VALUES (139, '2023-12-11T18:00', 138, 13, 16, '');
INSERT INTO appointment (id, date_time, employee_id, patient_id, therapy_id, session_notes) VALUES (140, '2023-12-18T18:00', 138, 13, 16, '');
INSERT INTO appointment (id, date_time, employee_id, patient_id, therapy_id, session_notes) VALUES (141, '2023-12-25T18:00', 138, 13, 16, '');
INSERT INTO appointment (id, date_time, employee_id, patient_id, therapy_id, session_notes) VALUES (142, '2024-01-01T18:00', 138, 13, 16, '');
INSERT INTO appointment (id, date_time, employee_id, patient_id, therapy_id, session_notes) VALUES (143, '2024-01-04T18:00', 138, 13, 16, '');
INSERT INTO appointment (id, date_time, employee_id, patient_id, therapy_id, session_notes) VALUES (144, '2024-01-09T18:00', 138, 13, 16, '');
INSERT INTO appointment (id, date_time, employee_id, patient_id, therapy_id, session_notes) VALUES (145, '2024-01-15T16:00', 139, 14, 17, '');
INSERT INTO appointment (id, date_time, employee_id, patient_id, therapy_id, session_notes) VALUES (146, '2024-01-22T16:00', 139, 14, 17, '');
INSERT INTO appointment (id, date_time, employee_id, patient_id, therapy_id, session_notes) VALUES (147, '2024-01-25T16:00', 139, 14, 17, '');
INSERT INTO appointment (id, date_time, employee_id, patient_id, therapy_id, session_notes) VALUES (148, '2024-01-29T16:00', 139, 14, 17, '');
INSERT INTO appointment (id, date_time, employee_id, patient_id, therapy_id, session_notes) VALUES (149, '2024-02-01T16:00', 139, 14, 17, '');
INSERT INTO appointment (id, date_time, employee_id, patient_id, therapy_id, session_notes) VALUES (150, '2024-02-06T16:00', 139, 14, 17, '');
INSERT INTO appointment (id, date_time, employee_id, patient_id, therapy_id, session_notes) VALUES (151, '2024-02-09T16:00', 139, 14, 17, '');
INSERT INTO appointment (id, date_time, employee_id, patient_id, therapy_id, session_notes) VALUES (152, '2024-02-14T16:00', 139, 14, 17, '');
INSERT INTO appointment (id, date_time, employee_id, patient_id, therapy_id, session_notes) VALUES (153, '2024-02-19T16:00', 139, 14, 17, '');
INSERT INTO appointment (id, date_time, employee_id, patient_id, therapy_id, session_notes) VALUES (154, '2024-02-22T16:00', 139, 14, 17, '');
INSERT INTO appointment (id, date_time, employee_id, patient_id, therapy_id, session_notes) VALUES (155, '2024-02-26T16:00', 139, 14, 17, '');
INSERT INTO appointment (id, date_time, employee_id, patient_id, therapy_id, session_notes) VALUES (156, '2024-03-01T16:00', 139, 14, 17, '');
INSERT INTO appointment (id, date_time, employee_id, patient_id, therapy_id, session_notes) VALUES (157, '2023-06-12T16:00', 140, 15, 18, '');
INSERT INTO appointment (id, date_time, employee_id, patient_id, therapy_id, session_notes) VALUES (158, '2023-06-16T16:00', 140, 15, 18, '');
INSERT INTO appointment (id, date_time, employee_id, patient_id, therapy_id, session_notes) VALUES (159, '2023-06-20T16:00', 140, 15, 18, '');
INSERT INTO appointment (id, date_time, employee_id, patient_id, therapy_id, session_notes) VALUES (160, '2023-06-26T16:00', 140, 15, 18, '');
INSERT INTO appointment (id, date_time, employee_id, patient_id, therapy_id, session_notes) VALUES (161, '2023-07-03T16:00', 140, 15, 18, '');
INSERT INTO appointment (id, date_time, employee_id, patient_id, therapy_id, session_notes) VALUES (162, '2023-07-10T16:00', 140, 15, 18, '');
INSERT INTO appointment (id, date_time, employee_id, patient_id, therapy_id, session_notes) VALUES (163, '2023-07-17T16:00', 140, 15, 18, '');
INSERT INTO appointment (id, date_time, employee_id, patient_id, therapy_id, session_notes) VALUES (164, '2023-07-21T16:00', 140, 15, 18, '');
INSERT INTO appointment (id, date_time, employee_id, patient_id, therapy_id, session_notes) VALUES (165, '2023-07-26T16:00', 140, 15, 18, '');
INSERT INTO appointment (id, date_time, employee_id, patient_id, therapy_id, session_notes) VALUES (166, '2023-07-31T16:00', 140, 15, 18, '');
INSERT INTO appointment (id, date_time, employee_id, patient_id, therapy_id, session_notes) VALUES (167, '2023-08-07T16:00', 140, 15, 18, '');
INSERT INTO appointment (id, date_time, employee_id, patient_id, therapy_id, session_notes) VALUES (168, '2023-08-11T16:00', 140, 15, 18, '');
INSERT INTO appointment (id, date_time, employee_id, patient_id, therapy_id, session_notes) VALUES (169, '2023-08-14T16:00', 140, 15, 18, '');
INSERT INTO appointment (id, date_time, employee_id, patient_id, therapy_id, session_notes) VALUES (170, '2023-08-21T16:00', 140, 15, 18, '');
INSERT INTO appointment (id, date_time, employee_id, patient_id, therapy_id, session_notes) VALUES (171, '2023-08-25T16:00', 140, 15, 18, '');
INSERT INTO appointment (id, date_time, employee_id, patient_id, therapy_id, session_notes) VALUES (172, '2023-08-28T16:00', 140, 15, 18, '');
INSERT INTO appointment (id, date_time, employee_id, patient_id, therapy_id, session_notes) VALUES (173, '2023-09-01T16:00', 140, 15, 18, '');
INSERT INTO appointment (id, date_time, employee_id, patient_id, therapy_id, session_notes) VALUES (174, '2023-09-04T16:00', 140, 15, 18, '');
INSERT INTO appointment (id, date_time, employee_id, patient_id, therapy_id, session_notes) VALUES (175, '2023-09-07T16:00', 140, 15, 18, '');
INSERT INTO appointment (id, date_time, employee_id, patient_id, therapy_id, session_notes) VALUES (176, '2023-09-12T16:00', 140, 15, 18, '');
INSERT INTO appointment (id, date_time, employee_id, patient_id, therapy_id, session_notes) VALUES (177, '2023-08-03T16:00', 141, 16, 19, '');
INSERT INTO appointment (id, date_time, employee_id, patient_id, therapy_id, session_notes) VALUES (178, '2023-08-07T16:00', 141, 16, 19, '');
INSERT INTO appointment (id, date_time, employee_id, patient_id, therapy_id, session_notes) VALUES (179, '2023-08-14T16:00', 141, 16, 19, '');
INSERT INTO appointment (id, date_time, employee_id, patient_id, therapy_id, session_notes) VALUES (180, '2023-08-18T16:00', 141, 16, 19, '');
INSERT INTO appointment (id, date_time, employee_id, patient_id, therapy_id, session_notes) VALUES (181, '2023-08-23T16:00', 141, 16, 19, '');
INSERT INTO appointment (id, date_time, employee_id, patient_id, therapy_id, session_notes) VALUES (182, '2023-08-28T16:00', 141, 16, 19, '');
INSERT INTO appointment (id, date_time, employee_id, patient_id, therapy_id, session_notes) VALUES (183, '2023-09-01T16:00', 141, 16, 19, '');
INSERT INTO appointment (id, date_time, employee_id, patient_id, therapy_id, session_notes) VALUES (184, '2023-09-06T16:00', 141, 16, 19, '');
INSERT INTO appointment (id, date_time, employee_id, patient_id, therapy_id, session_notes) VALUES (185, '2023-08-27T12:00', 142, 17, 20, '');
INSERT INTO appointment (id, date_time, employee_id, patient_id, therapy_id, session_notes) VALUES (186, '2023-08-30T12:00', 142, 17, 20, '');
INSERT INTO appointment (id, date_time, employee_id, patient_id, therapy_id, session_notes) VALUES (187, '2023-09-04T12:00', 142, 17, 20, '');
INSERT INTO appointment (id, date_time, employee_id, patient_id, therapy_id, session_notes) VALUES (188, '2023-09-07T12:00', 142, 17, 20, '');
INSERT INTO appointment (id, date_time, employee_id, patient_id, therapy_id, session_notes) VALUES (189, '2023-09-11T12:00', 142, 17, 20, '');
INSERT INTO appointment (id, date_time, employee_id, patient_id, therapy_id, session_notes) VALUES (190, '2023-09-14T12:00', 142, 17, 20, '');
INSERT INTO appointment (id, date_time, employee_id, patient_id, therapy_id, session_notes) VALUES (191, '2023-09-18T12:00', 142, 17, 20, '');
INSERT INTO appointment (id, date_time, employee_id, patient_id, therapy_id, session_notes) VALUES (192, '2023-09-25T12:00', 142, 17, 20, '');
INSERT INTO appointment (id, date_time, employee_id, patient_id, therapy_id, session_notes) VALUES (193, '2023-08-08T12:00', 143, 18, 21, '');
INSERT INTO appointment (id, date_time, employee_id, patient_id, therapy_id, session_notes) VALUES (194, '2023-08-14T12:00', 143, 18, 21, '');
INSERT INTO appointment (id, date_time, employee_id, patient_id, therapy_id, session_notes) VALUES (195, '2023-08-17T12:00', 143, 18, 21, '');
INSERT INTO appointment (id, date_time, employee_id, patient_id, therapy_id, session_notes) VALUES (196, '2023-08-21T12:00', 143, 18, 21, '');
INSERT INTO appointment (id, date_time, employee_id, patient_id, therapy_id, session_notes) VALUES (197, '2023-08-25T12:00', 143, 18, 21, '');
INSERT INTO appointment (id, date_time, employee_id, patient_id, therapy_id, session_notes) VALUES (198, '2023-08-28T12:00', 143, 18, 21, '');
INSERT INTO appointment (id, date_time, employee_id, patient_id, therapy_id, session_notes) VALUES (199, '2023-09-04T12:00', 143, 18, 21, '');
INSERT INTO appointment (id, date_time, employee_id, patient_id, therapy_id, session_notes) VALUES (200, '2023-09-07T12:00', 143, 18, 21, '');
INSERT INTO appointment (id, date_time, employee_id, patient_id, therapy_id, session_notes) VALUES (201, '2023-06-14T09:00', 144, 19, 22, '');
INSERT INTO appointment (id, date_time, employee_id, patient_id, therapy_id, session_notes) VALUES (202, '2023-06-19T09:00', 144, 19, 22, '');
INSERT INTO appointment (id, date_time, employee_id, patient_id, therapy_id, session_notes) VALUES (203, '2023-06-23T09:00', 144, 19, 22, '');
INSERT INTO appointment (id, date_time, employee_id, patient_id, therapy_id, session_notes) VALUES (204, '2023-06-27T09:00', 144, 19, 22, '');
INSERT INTO appointment (id, date_time, employee_id, patient_id, therapy_id, session_notes) VALUES (205, '2023-07-03T09:00', 144, 19, 22, '');
INSERT INTO appointment (id, date_time, employee_id, patient_id, therapy_id, session_notes) VALUES (206, '2023-07-06T09:00', 144, 19, 22, '');
INSERT INTO appointment (id, date_time, employee_id, patient_id, therapy_id, session_notes) VALUES (207, '2023-07-11T09:00', 144, 19, 22, '');
INSERT INTO appointment (id, date_time, employee_id, patient_id, therapy_id, session_notes) VALUES (208, '2023-07-17T09:00', 144, 19, 22, '');
INSERT INTO appointment (id, date_time, employee_id, patient_id, therapy_id, session_notes) VALUES (209, '2023-03-09T10:00', 145, 20, 23, '');
INSERT INTO appointment (id, date_time, employee_id, patient_id, therapy_id, session_notes) VALUES (210, '2023-03-13T10:00', 145, 20, 23, '');
INSERT INTO appointment (id, date_time, employee_id, patient_id, therapy_id, session_notes) VALUES (211, '2023-03-17T10:00', 145, 20, 23, '');
INSERT INTO appointment (id, date_time, employee_id, patient_id, therapy_id, session_notes) VALUES (212, '2023-03-20T10:00', 145, 20, 23, '');
INSERT INTO appointment (id, date_time, employee_id, patient_id, therapy_id, session_notes) VALUES (213, '2023-03-24T10:00', 145, 20, 23, '');
INSERT INTO appointment (id, date_time, employee_id, patient_id, therapy_id, session_notes) VALUES (214, '2023-03-29T10:00', 145, 20, 23, '');
INSERT INTO appointment (id, date_time, employee_id, patient_id, therapy_id, session_notes) VALUES (215, '2023-02-13T18:00', 146, 21, 24, '');
INSERT INTO appointment (id, date_time, employee_id, patient_id, therapy_id, session_notes) VALUES (216, '2023-02-17T18:00', 146, 21, 24, '');
INSERT INTO appointment (id, date_time, employee_id, patient_id, therapy_id, session_notes) VALUES (217, '2023-02-22T18:00', 146, 21, 24, '');
INSERT INTO appointment (id, date_time, employee_id, patient_id, therapy_id, session_notes) VALUES (218, '2023-02-27T18:00', 146, 21, 24, '');
INSERT INTO appointment (id, date_time, employee_id, patient_id, therapy_id, session_notes) VALUES (219, '2023-03-06T18:00', 146, 21, 24, '');
INSERT INTO appointment (id, date_time, employee_id, patient_id, therapy_id, session_notes) VALUES (220, '2023-03-13T18:00', 146, 21, 24, '');
INSERT INTO appointment (id, date_time, employee_id, patient_id, therapy_id, session_notes) VALUES (221, '2023-03-20T18:00', 146, 21, 24, '');
INSERT INTO appointment (id, date_time, employee_id, patient_id, therapy_id, session_notes) VALUES (222, '2023-03-27T18:00', 146, 21, 24, '');
INSERT INTO appointment (id, date_time, employee_id, patient_id, therapy_id, session_notes) VALUES (223, '2023-05-26T08:00', 147, 22, 25, '');
INSERT INTO appointment (id, date_time, employee_id, patient_id, therapy_id, session_notes) VALUES (224, '2023-05-31T08:00', 147, 22, 25, '');
INSERT INTO appointment (id, date_time, employee_id, patient_id, therapy_id, session_notes) VALUES (225, '2023-06-05T08:00', 147, 22, 25, '');
INSERT INTO appointment (id, date_time, employee_id, patient_id, therapy_id, session_notes) VALUES (226, '2023-06-09T08:00', 147, 22, 25, '');
INSERT INTO appointment (id, date_time, employee_id, patient_id, therapy_id, session_notes) VALUES (227, '2023-06-12T08:00', 147, 22, 25, '');
INSERT INTO appointment (id, date_time, employee_id, patient_id, therapy_id, session_notes) VALUES (228, '2023-06-15T08:00', 147, 22, 25, '');
INSERT INTO appointment (id, date_time, employee_id, patient_id, therapy_id, session_notes) VALUES (229, '2023-06-19T08:00', 147, 22, 25, '');
INSERT INTO appointment (id, date_time, employee_id, patient_id, therapy_id, session_notes) VALUES (230, '2023-06-26T08:00', 147, 22, 25, '');
INSERT INTO appointment (id, date_time, employee_id, patient_id, therapy_id, session_notes) VALUES (231, '2023-07-03T08:00', 147, 22, 25, '');
INSERT INTO appointment (id, date_time, employee_id, patient_id, therapy_id, session_notes) VALUES (232, '2023-07-10T08:00', 147, 22, 25, '');
INSERT INTO appointment (id, date_time, employee_id, patient_id, therapy_id, session_notes) VALUES (233, '2023-02-14T11:00', 126, 23, 26, '');
INSERT INTO appointment (id, date_time, employee_id, patient_id, therapy_id, session_notes) VALUES (234, '2023-02-17T11:00', 126, 23, 26, '');
INSERT INTO appointment (id, date_time, employee_id, patient_id, therapy_id, session_notes) VALUES (235, '2023-02-20T11:00', 126, 23, 26, '');
INSERT INTO appointment (id, date_time, employee_id, patient_id, therapy_id, session_notes) VALUES (236, '2023-02-23T11:00', 126, 23, 26, '');
INSERT INTO appointment (id, date_time, employee_id, patient_id, therapy_id, session_notes) VALUES (237, '2023-02-27T11:00', 126, 23, 26, '');
INSERT INTO appointment (id, date_time, employee_id, patient_id, therapy_id, session_notes) VALUES (238, '2023-03-06T11:00', 126, 23, 26, '');
INSERT INTO appointment (id, date_time, employee_id, patient_id, therapy_id, session_notes) VALUES (239, '2023-03-09T11:00', 126, 23, 26, '');
INSERT INTO appointment (id, date_time, employee_id, patient_id, therapy_id, session_notes) VALUES (240, '2023-03-13T11:00', 126, 23, 26, '');
INSERT INTO appointment (id, date_time, employee_id, patient_id, therapy_id, session_notes) VALUES (241, '2023-03-16T11:00', 126, 23, 26, '');
INSERT INTO appointment (id, date_time, employee_id, patient_id, therapy_id, session_notes) VALUES (242, '2023-03-20T11:00', 126, 23, 26, '');
INSERT INTO appointment (id, date_time, employee_id, patient_id, therapy_id, session_notes) VALUES (243, '2023-05-12T09:00', 127, 24, 27, '');
INSERT INTO appointment (id, date_time, employee_id, patient_id, therapy_id, session_notes) VALUES (244, '2023-05-17T09:00', 127, 24, 27, '');
INSERT INTO appointment (id, date_time, employee_id, patient_id, therapy_id, session_notes) VALUES (245, '2023-05-22T09:00', 127, 24, 27, '');
INSERT INTO appointment (id, date_time, employee_id, patient_id, therapy_id, session_notes) VALUES (246, '2023-05-29T09:00', 127, 24, 27, '');
INSERT INTO appointment (id, date_time, employee_id, patient_id, therapy_id, session_notes) VALUES (247, '2023-06-02T09:00', 127, 24, 27, '');
INSERT INTO appointment (id, date_time, employee_id, patient_id, therapy_id, session_notes) VALUES (248, '2023-06-06T09:00', 127, 24, 27, '');
INSERT INTO appointment (id, date_time, employee_id, patient_id, therapy_id, session_notes) VALUES (249, '2023-06-09T09:00', 127, 24, 27, '');
INSERT INTO appointment (id, date_time, employee_id, patient_id, therapy_id, session_notes) VALUES (250, '2023-06-12T09:00', 127, 24, 27, '');
INSERT INTO appointment (id, date_time, employee_id, patient_id, therapy_id, session_notes) VALUES (251, '2023-01-26T08:00', 128, 25, 28, '');
INSERT INTO appointment (id, date_time, employee_id, patient_id, therapy_id, session_notes) VALUES (252, '2023-01-30T08:00', 128, 25, 28, '');
INSERT INTO appointment (id, date_time, employee_id, patient_id, therapy_id, session_notes) VALUES (253, '2023-02-03T08:00', 128, 25, 28, '');
INSERT INTO appointment (id, date_time, employee_id, patient_id, therapy_id, session_notes) VALUES (254, '2023-02-07T08:00', 128, 25, 28, '');
INSERT INTO appointment (id, date_time, employee_id, patient_id, therapy_id, session_notes) VALUES (255, '2023-02-13T08:00', 128, 25, 28, '');
INSERT INTO appointment (id, date_time, employee_id, patient_id, therapy_id, session_notes) VALUES (256, '2023-02-16T08:00', 128, 25, 28, '');
INSERT INTO appointment (id, date_time, employee_id, patient_id, therapy_id, session_notes) VALUES (257, '2023-02-20T08:00', 128, 25, 28, '');
INSERT INTO appointment (id, date_time, employee_id, patient_id, therapy_id, session_notes) VALUES (258, '2023-02-24T08:00', 128, 25, 28, '');
INSERT INTO appointment (id, date_time, employee_id, patient_id, therapy_id, session_notes) VALUES (259, '2023-01-20T13:00', 129, 26, 29, '');
INSERT INTO appointment (id, date_time, employee_id, patient_id, therapy_id, session_notes) VALUES (260, '2023-01-24T13:00', 129, 26, 29, '');
INSERT INTO appointment (id, date_time, employee_id, patient_id, therapy_id, session_notes) VALUES (261, '2023-01-30T13:00', 129, 26, 29, '');
INSERT INTO appointment (id, date_time, employee_id, patient_id, therapy_id, session_notes) VALUES (262, '2023-02-06T13:00', 129, 26, 29, '');
INSERT INTO appointment (id, date_time, employee_id, patient_id, therapy_id, session_notes) VALUES (263, '2023-02-09T13:00', 129, 26, 29, '');
INSERT INTO appointment (id, date_time, employee_id, patient_id, therapy_id, session_notes) VALUES (264, '2023-02-13T13:00', 129, 26, 29, '');
INSERT INTO appointment (id, date_time, employee_id, patient_id, therapy_id, session_notes) VALUES (265, '2023-02-16T13:00', 129, 26, 29, '');
INSERT INTO appointment (id, date_time, employee_id, patient_id, therapy_id, session_notes) VALUES (266, '2023-02-20T13:00', 129, 26, 29, '');
INSERT INTO appointment (id, date_time, employee_id, patient_id, therapy_id, session_notes) VALUES (267, '2023-02-27T13:00', 129, 26, 29, '');
INSERT INTO appointment (id, date_time, employee_id, patient_id, therapy_id, session_notes) VALUES (268, '2023-03-06T13:00', 129, 26, 29, '');
INSERT INTO appointment (id, date_time, employee_id, patient_id, therapy_id, session_notes) VALUES (269, '2023-03-10T13:00', 129, 26, 29, '');
INSERT INTO appointment (id, date_time, employee_id, patient_id, therapy_id, session_notes) VALUES (270, '2023-03-15T13:00', 129, 26, 29, '');
INSERT INTO appointment (id, date_time, employee_id, patient_id, therapy_id, session_notes) VALUES (271, '2023-06-08T12:00', 130, 27, 30, '');
INSERT INTO appointment (id, date_time, employee_id, patient_id, therapy_id, session_notes) VALUES (272, '2023-06-12T12:00', 130, 27, 30, '');
INSERT INTO appointment (id, date_time, employee_id, patient_id, therapy_id, session_notes) VALUES (273, '2023-06-15T12:00', 130, 27, 30, '');
INSERT INTO appointment (id, date_time, employee_id, patient_id, therapy_id, session_notes) VALUES (274, '2023-06-19T12:00', 130, 27, 30, '');
INSERT INTO appointment (id, date_time, employee_id, patient_id, therapy_id, session_notes) VALUES (275, '2023-06-26T12:00', 130, 27, 30, '');
INSERT INTO appointment (id, date_time, employee_id, patient_id, therapy_id, session_notes) VALUES (276, '2023-07-03T12:00', 130, 27, 30, '');
INSERT INTO appointment (id, date_time, employee_id, patient_id, therapy_id, session_notes) VALUES (277, '2023-07-06T12:00', 130, 27, 30, '');
INSERT INTO appointment (id, date_time, employee_id, patient_id, therapy_id, session_notes) VALUES (278, '2023-07-11T12:00', 130, 27, 30, '');
INSERT INTO appointment (id, date_time, employee_id, patient_id, therapy_id, session_notes) VALUES (279, '2023-07-17T12:00', 130, 27, 30, '');
INSERT INTO appointment (id, date_time, employee_id, patient_id, therapy_id, session_notes) VALUES (280, '2023-07-21T12:00', 130, 27, 30, '');
INSERT INTO appointment (id, date_time, employee_id, patient_id, therapy_id, session_notes) VALUES (281, '2023-07-26T12:00', 130, 27, 30, '');
INSERT INTO appointment (id, date_time, employee_id, patient_id, therapy_id, session_notes) VALUES (282, '2023-07-31T12:00', 130, 27, 30, '');
INSERT INTO appointment (id, date_time, employee_id, patient_id, therapy_id, session_notes) VALUES (283, '2023-08-03T12:00', 130, 27, 30, '');
INSERT INTO appointment (id, date_time, employee_id, patient_id, therapy_id, session_notes) VALUES (284, '2023-08-08T12:00', 130, 27, 30, '');

