INSERT INTO _user (status, id, email, first_name, last_name, password, role) VALUES ('ACTIVE', 1, 'admin@medbay.life', 'John', 'Doe', '$2a$12$SeGau0IRVXpWhR/ISf6D1.p3.MhM4MGftXAwpkuN3g9oATdCEbjeO', 'ADMIN'); --med123bay
--password : password
INSERT INTO _user (created_at, id, email, first_name, last_name, password, role, status) VALUES ('2022-12-21T21:28', 2, 'vladimira.ostojić@gmail.com', 'Vladimira', 'Ostojić', '$2a$12$MlnyH21ePO39K3ufi9qxO.MXpbIJqThmjnuR0J8mqqhxizKIeqeC6', 'PATIENT', 'ACTIVE');
INSERT INTO patient (id, date_of_birth, address, mbo, phone_number) VALUES (2, '1968-07-08', 'Šoštarićeva 48, Zagreb', '007499770', '0915516485');
INSERT INTO _user (created_at, id, email, first_name, last_name, password, role, status) VALUES ('2023-03-30T20:33', 3, 'doroteja.radočaj@yahoo.com', 'Doroteja', 'Radočaj', '$2a$12$MlnyH21ePO39K3ufi9qxO.MXpbIJqThmjnuR0J8mqqhxizKIeqeC6', 'PATIENT', 'ACTIVE');
INSERT INTO patient (id, date_of_birth, address, mbo, phone_number) VALUES (3, '1953-03-23', 'Derenčinova 04, Zagreb', '060338040', '0987848267');
INSERT INTO _user (created_at, id, email, first_name, last_name, password, role, status) VALUES ('2023-01-10T00:19', 4, 'gordana.pavelić@outlook.com', 'Gordana', 'Pavelić', '$2a$12$MlnyH21ePO39K3ufi9qxO.MXpbIJqThmjnuR0J8mqqhxizKIeqeC6', 'PATIENT', 'ACTIVE');
INSERT INTO patient (id, date_of_birth, address, mbo, phone_number) VALUES (4, '1952-10-28', 'Streljačka 47, Zagreb', '024527729', '0959831896');
INSERT INTO _user (created_at, id, email, first_name, last_name, password, role, status) VALUES ('2022-08-29T05:29', 5, 'fanika.zorić@outlook.com', 'Fanika', 'Zorić', '$2a$12$MlnyH21ePO39K3ufi9qxO.MXpbIJqThmjnuR0J8mqqhxizKIeqeC6', 'PATIENT', 'ACTIVE');
INSERT INTO patient (id, date_of_birth, address, mbo, phone_number) VALUES (5, '1986-03-29', 'Biankinijeva 47, Zagreb', '688757548', '0921433753');
INSERT INTO _user (created_at, id, email, first_name, last_name, password, role, status) VALUES ('2023-10-16T09:02', 6, 'nika.perić@gmail.com', 'Nika', 'Perić', '$2a$12$MlnyH21ePO39K3ufi9qxO.MXpbIJqThmjnuR0J8mqqhxizKIeqeC6', 'PATIENT', 'ACTIVE');
INSERT INTO patient (id, date_of_birth, address, mbo, phone_number) VALUES (6, '1995-09-30', 'Dežmanova 37, Zagreb', '340945232', '0983930863');
INSERT INTO _user (created_at, id, email, first_name, last_name, password, role, status) VALUES ('2022-08-14T00:19', 7, 'radojka.marić@outlook.com', 'Radojka', 'Marić', '$2a$12$MlnyH21ePO39K3ufi9qxO.MXpbIJqThmjnuR0J8mqqhxizKIeqeC6', 'PATIENT', 'ACTIVE');
INSERT INTO patient (id, date_of_birth, address, mbo, phone_number) VALUES (7, '1995-01-05', 'Fišerova 24, Zagreb', '647526618', '0926006792');
INSERT INTO _user (created_at, id, email, first_name, last_name, password, role, status) VALUES ('2022-09-03T07:19', 8, 'zlatica.popović@gmail.com', 'Zlatica', 'Popović', '$2a$12$MlnyH21ePO39K3ufi9qxO.MXpbIJqThmjnuR0J8mqqhxizKIeqeC6', 'PATIENT', 'ACTIVE');
INSERT INTO patient (id, date_of_birth, address, mbo, phone_number) VALUES (8, '1962-05-07', 'Tomašićeva 00, Zagreb', '205239269', '0974268757');
INSERT INTO _user (created_at, id, email, first_name, last_name, password, role, status) VALUES ('2022-09-07T01:02', 9, 'franciska.stanković@outlook.com', 'Franciska', 'Stanković', '$2a$12$MlnyH21ePO39K3ufi9qxO.MXpbIJqThmjnuR0J8mqqhxizKIeqeC6', 'PATIENT', 'ACTIVE');
INSERT INTO patient (id, date_of_birth, address, mbo, phone_number) VALUES (9, '1997-09-05', 'Ulica kralja Držislava 40, Zagreb', '579332964', '0956634518');
INSERT INTO _user (created_at, id, email, first_name, last_name, password, role, status) VALUES ('2023-04-24T13:51', 10, 'ljubica.cindrić@yahoo.com', 'Ljubica', 'Cindrić', '$2a$12$MlnyH21ePO39K3ufi9qxO.MXpbIJqThmjnuR0J8mqqhxizKIeqeC6', 'PATIENT', 'ACTIVE');
INSERT INTO patient (id, date_of_birth, address, mbo, phone_number) VALUES (10, '1993-10-06', 'Ulica Vladimira Nazora 04, Zagreb', '830282320', '0913413511');
INSERT INTO _user (created_at, id, email, first_name, last_name, password, role, status) VALUES ('2022-11-26T09:52', 11, 'miljka.golub@outlook.com', 'Miljka', 'Golub', '$2a$12$MlnyH21ePO39K3ufi9qxO.MXpbIJqThmjnuR0J8mqqhxizKIeqeC6', 'PATIENT', 'ACTIVE');
INSERT INTO patient (id, date_of_birth, address, mbo, phone_number) VALUES (11, '1999-11-28', 'Dolac 05, Zagreb', '703049599', '0957936052');
INSERT INTO _user (created_at, id, email, first_name, last_name, password, role, status) VALUES ('2023-10-14T12:15', 12, 'katica.marjanović@outlook.com', 'Katica', 'Marjanović', '$2a$12$MlnyH21ePO39K3ufi9qxO.MXpbIJqThmjnuR0J8mqqhxizKIeqeC6', 'PATIENT', 'ACTIVE');
INSERT INTO patient (id, date_of_birth, address, mbo, phone_number) VALUES (12, '1984-09-30', 'Britanski trg 47, Zagreb', '486030104', '0977737248');
INSERT INTO _user (created_at, id, email, first_name, last_name, password, role, status) VALUES ('2022-11-14T02:18', 13, 'greta.radočaj@gmail.com', 'Greta', 'Radočaj', '$2a$12$MlnyH21ePO39K3ufi9qxO.MXpbIJqThmjnuR0J8mqqhxizKIeqeC6', 'PATIENT', 'ACTIVE');
INSERT INTO patient (id, date_of_birth, address, mbo, phone_number) VALUES (13, '1951-10-29', 'Hochmannova 22, Zagreb', '040817795', '0918705438');
INSERT INTO _user (created_at, id, email, first_name, last_name, password, role, status) VALUES ('2023-07-18T19:31', 14, 'paulina.mandić@icloud.com', 'Paulina', 'Mandić', '$2a$12$MlnyH21ePO39K3ufi9qxO.MXpbIJqThmjnuR0J8mqqhxizKIeqeC6', 'PATIENT', 'ACTIVE');
INSERT INTO patient (id, date_of_birth, address, mbo, phone_number) VALUES (14, '1998-11-16', 'Ivana Belostenca 42, Zagreb', '152538121', '0913990951');
INSERT INTO _user (created_at, id, email, first_name, last_name, password, role, status) VALUES ('2023-05-20T20:54', 15, 'marijana.herceg@outlook.com', 'Marijana', 'Herceg', '$2a$12$MlnyH21ePO39K3ufi9qxO.MXpbIJqThmjnuR0J8mqqhxizKIeqeC6', 'PATIENT', 'ACTIVE');
INSERT INTO patient (id, date_of_birth, address, mbo, phone_number) VALUES (15, '1955-10-16', 'Savska 29, Zagreb', '687315538', '0982301591');
INSERT INTO _user (created_at, id, email, first_name, last_name, password, role, status) VALUES ('2022-10-27T15:08', 16, 'josipa.brkić@outlook.com', 'Josipa', 'Brkić', '$2a$12$MlnyH21ePO39K3ufi9qxO.MXpbIJqThmjnuR0J8mqqhxizKIeqeC6', 'PATIENT', 'ACTIVE');
INSERT INTO patient (id, date_of_birth, address, mbo, phone_number) VALUES (16, '1991-12-29', 'Kožarska 42, Zagreb', '570449780', '0913645684');
INSERT INTO _user (created_at, id, email, first_name, last_name, password, role, status) VALUES ('2024-01-03T03:01', 17, 'silvana.janković@icloud.com', 'Silvana', 'Janković', '$2a$12$MlnyH21ePO39K3ufi9qxO.MXpbIJqThmjnuR0J8mqqhxizKIeqeC6', 'PATIENT', 'ACTIVE');
INSERT INTO patient (id, date_of_birth, address, mbo, phone_number) VALUES (17, '1970-10-16', 'Dalmatinska 22, Zagreb', '008301823', '0980962989');
INSERT INTO _user (created_at, id, email, first_name, last_name, password, role, status) VALUES ('2023-09-08T00:08', 18, 'janja.tomić@yahoo.com', 'Janja', 'Tomić', '$2a$12$MlnyH21ePO39K3ufi9qxO.MXpbIJqThmjnuR0J8mqqhxizKIeqeC6', 'PATIENT', 'ACTIVE');
INSERT INTO patient (id, date_of_birth, address, mbo, phone_number) VALUES (18, '1977-02-24', 'Krvavi most 02, Zagreb', '317874748', '0914117706');
INSERT INTO _user (created_at, id, email, first_name, last_name, password, role, status) VALUES ('2022-09-29T13:32', 19, 'franica.abramović@yahoo.com', 'Franica', 'Abramović', '$2a$12$MlnyH21ePO39K3ufi9qxO.MXpbIJqThmjnuR0J8mqqhxizKIeqeC6', 'PATIENT', 'ACTIVE');
INSERT INTO patient (id, date_of_birth, address, mbo, phone_number) VALUES (19, '1991-05-19', 'Trg Petra Krešimira IV. 22, Zagreb', '289625367', '0986469725');
INSERT INTO _user (created_at, id, email, first_name, last_name, password, role, status) VALUES ('2023-11-13T22:00', 20, 'mirsada.samardžić@icloud.com', 'Mirsada', 'Samardžić', '$2a$12$MlnyH21ePO39K3ufi9qxO.MXpbIJqThmjnuR0J8mqqhxizKIeqeC6', 'PATIENT', 'ACTIVE');
INSERT INTO patient (id, date_of_birth, address, mbo, phone_number) VALUES (20, '1994-07-26', 'Iblerov trg 44, Zagreb', '535097712', '0913768694');
INSERT INTO _user (created_at, id, email, first_name, last_name, password, role, status) VALUES ('2023-05-25T22:23', 21, 'kate.živković@outlook.com', 'Kate', 'Živković', '$2a$12$MlnyH21ePO39K3ufi9qxO.MXpbIJqThmjnuR0J8mqqhxizKIeqeC6', 'PATIENT', 'ACTIVE');
INSERT INTO patient (id, date_of_birth, address, mbo, phone_number) VALUES (21, '1999-01-25', 'Nova Ves 08, Zagreb', '487040210', '0970616831');
INSERT INTO _user (created_at, id, email, first_name, last_name, password, role, status) VALUES ('2023-11-13T12:58', 22, 'josipa.pavlić@gmail.com', 'Josipa', 'Pavlić', '$2a$12$MlnyH21ePO39K3ufi9qxO.MXpbIJqThmjnuR0J8mqqhxizKIeqeC6', 'PATIENT', 'ACTIVE');
INSERT INTO patient (id, date_of_birth, address, mbo, phone_number) VALUES (22, '1979-07-23', 'Krajiška 23, Zagreb', '178177368', '0970424728');
INSERT INTO _user (created_at, id, email, first_name, last_name, password, role, status) VALUES ('2023-11-13T19:13', 23, 'darinka.katić@icloud.com', 'Darinka', 'Katić', '$2a$12$MlnyH21ePO39K3ufi9qxO.MXpbIJqThmjnuR0J8mqqhxizKIeqeC6', 'PATIENT', 'ACTIVE');
INSERT INTO patient (id, date_of_birth, address, mbo, phone_number) VALUES (23, '1958-03-20', 'Vukotinovićeva 26, Zagreb', '881144857', '0927868487');
INSERT INTO _user (created_at, id, email, first_name, last_name, password, role, status) VALUES ('2023-03-26T12:54', 24, 'ika.novak@yahoo.com', 'Ika', 'Novak', '$2a$12$MlnyH21ePO39K3ufi9qxO.MXpbIJqThmjnuR0J8mqqhxizKIeqeC6', 'PATIENT', 'ACTIVE');
INSERT INTO patient (id, date_of_birth, address, mbo, phone_number) VALUES (24, '1983-11-04', 'Utješinovićeva 48, Zagreb', '783009836', '0926851994');
INSERT INTO _user (created_at, id, email, first_name, last_name, password, role, status) VALUES ('2023-03-06T03:28', 25, 'matilda.kolar@icloud.com', 'Matilda', 'Kolar', '$2a$12$MlnyH21ePO39K3ufi9qxO.MXpbIJqThmjnuR0J8mqqhxizKIeqeC6', 'PATIENT', 'ACTIVE');
INSERT INTO patient (id, date_of_birth, address, mbo, phone_number) VALUES (25, '1982-08-06', 'Jurjevska 41, Zagreb', '621073616', '0975932010');
INSERT INTO _user (created_at, id, email, first_name, last_name, password, role, status) VALUES ('2022-08-27T20:18', 26, 'patricia.kralj@gmail.com', 'Patricia', 'Kralj', '$2a$12$MlnyH21ePO39K3ufi9qxO.MXpbIJqThmjnuR0J8mqqhxizKIeqeC6', 'PATIENT', 'ACTIVE');
INSERT INTO patient (id, date_of_birth, address, mbo, phone_number) VALUES (26, '1972-09-04', 'Trg žrtava fašizma 35, Zagreb', '757015785', '0954312701');
INSERT INTO _user (created_at, id, email, first_name, last_name, password, role, status) VALUES ('2024-01-02T01:17', 27, 'dubravka.matošević@outlook.com', 'Dubravka', 'Matošević', '$2a$12$MlnyH21ePO39K3ufi9qxO.MXpbIJqThmjnuR0J8mqqhxizKIeqeC6', 'PATIENT', 'ACTIVE');
INSERT INTO patient (id, date_of_birth, address, mbo, phone_number) VALUES (27, '1959-01-28', 'Teslina 25, Zagreb', '582028798', '0984765398');
INSERT INTO _user (created_at, id, email, first_name, last_name, password, role, status) VALUES ('2022-12-27T18:45', 28, 'biserka.mandić@gmail.com', 'Biserka', 'Mandić', '$2a$12$MlnyH21ePO39K3ufi9qxO.MXpbIJqThmjnuR0J8mqqhxizKIeqeC6', 'PATIENT', 'ACTIVE');
INSERT INTO patient (id, date_of_birth, address, mbo, phone_number) VALUES (28, '1952-03-24', 'Bogišićeva 11, Zagreb', '211854516', '0915220598');
INSERT INTO _user (created_at, id, email, first_name, last_name, password, role, status) VALUES ('2023-01-06T10:23', 29, 'manuela.marković@icloud.com', 'Manuela', 'Marković', '$2a$12$MlnyH21ePO39K3ufi9qxO.MXpbIJqThmjnuR0J8mqqhxizKIeqeC6', 'PATIENT', 'ACTIVE');
INSERT INTO patient (id, date_of_birth, address, mbo, phone_number) VALUES (29, '1982-05-24', 'Dolac 32, Zagreb', '978324426', '0956014621');
INSERT INTO _user (created_at, id, email, first_name, last_name, password, role, status) VALUES ('2023-11-14T19:05', 30, 'neda.matanović@yahoo.com', 'Neda', 'Matanović', '$2a$12$MlnyH21ePO39K3ufi9qxO.MXpbIJqThmjnuR0J8mqqhxizKIeqeC6', 'PATIENT', 'ACTIVE');
INSERT INTO patient (id, date_of_birth, address, mbo, phone_number) VALUES (30, '2002-02-20', 'Lopašićeva 04, Zagreb', '295052546', '0915273762');
INSERT INTO _user (created_at, id, email, first_name, last_name, password, role, status) VALUES ('2022-10-02T02:07', 31, 'jana.bogdanović@yahoo.com', 'Jana', 'Bogdanović', '$2a$12$MlnyH21ePO39K3ufi9qxO.MXpbIJqThmjnuR0J8mqqhxizKIeqeC6', 'PATIENT', 'ACTIVE');
INSERT INTO patient (id, date_of_birth, address, mbo, phone_number) VALUES (31, '1992-06-11', 'Mlinarska cesta 04, Zagreb', '550631283', '0970723965');
INSERT INTO _user (created_at, id, email, first_name, last_name, password, role, status) VALUES ('2023-02-22T08:34', 32, 'vesna.barišić@yahoo.com', 'Vesna', 'Barišić', '$2a$12$MlnyH21ePO39K3ufi9qxO.MXpbIJqThmjnuR0J8mqqhxizKIeqeC6', 'PATIENT', 'ACTIVE');
INSERT INTO patient (id, date_of_birth, address, mbo, phone_number) VALUES (32, '1972-04-12', 'Jurjevska 10, Zagreb', '119690400', '0978603573');
INSERT INTO _user (created_at, id, email, first_name, last_name, password, role, status) VALUES ('2023-05-10T13:52', 33, 'verica.horvat@outlook.com', 'Verica', 'Horvat', '$2a$12$MlnyH21ePO39K3ufi9qxO.MXpbIJqThmjnuR0J8mqqhxizKIeqeC6', 'PATIENT', 'ACTIVE');
INSERT INTO patient (id, date_of_birth, address, mbo, phone_number) VALUES (33, '1957-03-19', 'Vukotinovićeva 03, Zagreb', '222533668', '0981311679');
INSERT INTO _user (created_at, id, email, first_name, last_name, password, role, status) VALUES ('2023-12-26T04:31', 34, 'nedjeljka.cindrić@icloud.com', 'Nedjeljka', 'Cindrić', '$2a$12$MlnyH21ePO39K3ufi9qxO.MXpbIJqThmjnuR0J8mqqhxizKIeqeC6', 'PATIENT', 'ACTIVE');
INSERT INTO patient (id, date_of_birth, address, mbo, phone_number) VALUES (34, '1959-07-19', 'Vukotinovićeva 22, Zagreb', '220854889', '0922835792');
INSERT INTO _user (created_at, id, email, first_name, last_name, password, role, status) VALUES ('2022-10-21T12:21', 35, 'barbara.bilić@outlook.com', 'Barbara', 'Bilić', '$2a$12$MlnyH21ePO39K3ufi9qxO.MXpbIJqThmjnuR0J8mqqhxizKIeqeC6', 'PATIENT', 'ACTIVE');
INSERT INTO patient (id, date_of_birth, address, mbo, phone_number) VALUES (35, '1979-07-07', 'Martićeva 29, Zagreb', '561805012', '0912134116');
INSERT INTO _user (created_at, id, email, first_name, last_name, password, role, status) VALUES ('2023-06-03T20:54', 36, 'anita.novak@icloud.com', 'Anita', 'Novak', '$2a$12$MlnyH21ePO39K3ufi9qxO.MXpbIJqThmjnuR0J8mqqhxizKIeqeC6', 'PATIENT', 'ACTIVE');
INSERT INTO patient (id, date_of_birth, address, mbo, phone_number) VALUES (36, '1981-07-13', 'Ivana Znike 47, Zagreb', '109472194', '0978493110');
INSERT INTO _user (created_at, id, email, first_name, last_name, password, role, status) VALUES ('2022-10-15T08:09', 37, 'dajana.vuković@outlook.com', 'Dajana', 'Vuković', '$2a$12$MlnyH21ePO39K3ufi9qxO.MXpbIJqThmjnuR0J8mqqhxizKIeqeC6', 'PATIENT', 'ACTIVE');
INSERT INTO patient (id, date_of_birth, address, mbo, phone_number) VALUES (37, '1961-06-01', 'Ulica kneza Domagoja 02, Zagreb', '655587267', '0912248211');
INSERT INTO _user (created_at, id, email, first_name, last_name, password, role, status) VALUES ('2023-02-18T09:13', 38, 'nina.marić@yahoo.com', 'Nina', 'Marić', '$2a$12$MlnyH21ePO39K3ufi9qxO.MXpbIJqThmjnuR0J8mqqhxizKIeqeC6', 'PATIENT', 'ACTIVE');
INSERT INTO patient (id, date_of_birth, address, mbo, phone_number) VALUES (38, '1999-04-21', 'Opatovina 41, Zagreb', '168809794', '0952684918');
INSERT INTO _user (created_at, id, email, first_name, last_name, password, role, status) VALUES ('2023-07-26T03:27', 39, 'bosiljka.jurčić@gmail.com', 'Bosiljka', 'Jurčić', '$2a$12$MlnyH21ePO39K3ufi9qxO.MXpbIJqThmjnuR0J8mqqhxizKIeqeC6', 'PATIENT', 'ACTIVE');
INSERT INTO patient (id, date_of_birth, address, mbo, phone_number) VALUES (39, '1960-07-29', 'Ulica kneza Mutimira 10, Zagreb', '027083702', '0985629733');
INSERT INTO _user (created_at, id, email, first_name, last_name, password, role, status) VALUES ('2023-11-12T18:34', 40, 'pera.pavić@yahoo.com', 'Pera', 'Pavić', '$2a$12$MlnyH21ePO39K3ufi9qxO.MXpbIJqThmjnuR0J8mqqhxizKIeqeC6', 'PATIENT', 'ACTIVE');
INSERT INTO patient (id, date_of_birth, address, mbo, phone_number) VALUES (40, '1950-09-25', 'Trg hrvatskih velikana 29, Zagreb', '898053300', '0926745691');
INSERT INTO _user (created_at, id, email, first_name, last_name, password, role, status) VALUES ('2022-11-19T14:46', 41, 'ika.sertić@outlook.com', 'Ika', 'Sertić', '$2a$12$MlnyH21ePO39K3ufi9qxO.MXpbIJqThmjnuR0J8mqqhxizKIeqeC6', 'PATIENT', 'ACTIVE');
INSERT INTO patient (id, date_of_birth, address, mbo, phone_number) VALUES (41, '2001-05-22', 'Britanski trg 18, Zagreb', '211725750', '0914119374');
INSERT INTO _user (created_at, id, email, first_name, last_name, password, role, status) VALUES ('2023-12-06T12:53', 42, 'zrinka.marić@gmail.com', 'Zrinka', 'Marić', '$2a$12$MlnyH21ePO39K3ufi9qxO.MXpbIJqThmjnuR0J8mqqhxizKIeqeC6', 'PATIENT', 'ACTIVE');
INSERT INTO patient (id, date_of_birth, address, mbo, phone_number) VALUES (42, '1998-09-01', 'Žerjavićeva 30, Zagreb', '908235059', '0916854262');
INSERT INTO _user (created_at, id, email, first_name, last_name, password, role, status) VALUES ('2023-11-10T01:31', 43, 'margareta.lučić@icloud.com', 'Margareta', 'Lučić', '$2a$12$MlnyH21ePO39K3ufi9qxO.MXpbIJqThmjnuR0J8mqqhxizKIeqeC6', 'PATIENT', 'ACTIVE');
INSERT INTO patient (id, date_of_birth, address, mbo, phone_number) VALUES (43, '1967-10-04', 'Smičiklasova 30, Zagreb', '894637165', '0959021012');
INSERT INTO _user (created_at, id, email, first_name, last_name, password, role, status) VALUES ('2023-07-08T21:51', 44, 'draženka.meštrović@icloud.com', 'Draženka', 'Meštrović', '$2a$12$MlnyH21ePO39K3ufi9qxO.MXpbIJqThmjnuR0J8mqqhxizKIeqeC6', 'PATIENT', 'ACTIVE');
INSERT INTO patient (id, date_of_birth, address, mbo, phone_number) VALUES (44, '1966-01-04', 'Prolaz sestara Baković 29, Zagreb', '262399953', '0979061825');
INSERT INTO _user (created_at, id, email, first_name, last_name, password, role, status) VALUES ('2022-09-06T19:42', 45, 'olga.erceg@icloud.com', 'Olga', 'Erceg', '$2a$12$MlnyH21ePO39K3ufi9qxO.MXpbIJqThmjnuR0J8mqqhxizKIeqeC6', 'PATIENT', 'ACTIVE');
INSERT INTO patient (id, date_of_birth, address, mbo, phone_number) VALUES (45, '2003-08-03', 'Đorđićeva 13, Zagreb', '441424433', '0977813759');
INSERT INTO _user (created_at, id, email, first_name, last_name, password, role, status) VALUES ('2023-10-12T21:00', 46, 'mirijana.šimunović@icloud.com', 'Mirijana', 'Šimunović', '$2a$12$MlnyH21ePO39K3ufi9qxO.MXpbIJqThmjnuR0J8mqqhxizKIeqeC6', 'PATIENT', 'ACTIVE');
INSERT INTO patient (id, date_of_birth, address, mbo, phone_number) VALUES (46, '2001-10-07', 'Ribnjak 48, Zagreb', '996584942', '0911366864');
INSERT INTO _user (created_at, id, email, first_name, last_name, password, role, status) VALUES ('2022-12-11T05:21', 47, 'božica.blažević@yahoo.com', 'Božica', 'Blažević', '$2a$12$MlnyH21ePO39K3ufi9qxO.MXpbIJqThmjnuR0J8mqqhxizKIeqeC6', 'PATIENT', 'ACTIVE');
INSERT INTO patient (id, date_of_birth, address, mbo, phone_number) VALUES (47, '1955-06-25', 'Kvaternikov trg 18, Zagreb', '298821773', '0911221256');
INSERT INTO _user (created_at, id, email, first_name, last_name, password, role, status) VALUES ('2023-06-16T20:33', 48, 'mandica.posavec@gmail.com', 'Mandica', 'Posavec', '$2a$12$MlnyH21ePO39K3ufi9qxO.MXpbIJqThmjnuR0J8mqqhxizKIeqeC6', 'PATIENT', 'ACTIVE');
INSERT INTO patient (id, date_of_birth, address, mbo, phone_number) VALUES (48, '1982-03-14', 'Zavrtnica 02, Zagreb', '687876463', '0980452786');
INSERT INTO _user (created_at, id, email, first_name, last_name, password, role, status) VALUES ('2023-03-31T23:19', 49, 'magdalena.kovačević@icloud.com', 'Magdalena', 'Kovačević', '$2a$12$MlnyH21ePO39K3ufi9qxO.MXpbIJqThmjnuR0J8mqqhxizKIeqeC6', 'PATIENT', 'ACTIVE');
INSERT INTO patient (id, date_of_birth, address, mbo, phone_number) VALUES (49, '1961-10-28', 'Savska 42, Zagreb', '945884447', '0952040082');
INSERT INTO _user (created_at, id, email, first_name, last_name, password, role, status) VALUES ('2022-12-20T06:29', 50, 'vjera.ilić@outlook.com', 'Vjera', 'Ilić', '$2a$12$MlnyH21ePO39K3ufi9qxO.MXpbIJqThmjnuR0J8mqqhxizKIeqeC6', 'PATIENT', 'ACTIVE');
INSERT INTO patient (id, date_of_birth, address, mbo, phone_number) VALUES (50, '1965-08-17', 'Ulica kneza Mislava 03, Zagreb', '357274909', '0957275996');
INSERT INTO _user (created_at, id, email, first_name, last_name, password, role, status) VALUES ('2023-10-13T02:39', 51, 'olgica.ivanković@yahoo.com', 'Olgica', 'Ivanković', '$2a$12$MlnyH21ePO39K3ufi9qxO.MXpbIJqThmjnuR0J8mqqhxizKIeqeC6', 'PATIENT', 'ACTIVE');
INSERT INTO patient (id, date_of_birth, address, mbo, phone_number) VALUES (51, '1958-06-13', 'Ulica Ivana Gorana Kovačića 48, Zagreb', '729319666', '0920326404');
INSERT INTO _user (created_at, id, email, first_name, last_name, password, role, status) VALUES ('2024-01-01T01:08', 52, 'miljka.jurišić@gmail.com', 'Miljka', 'Jurišić', '$2a$12$MlnyH21ePO39K3ufi9qxO.MXpbIJqThmjnuR0J8mqqhxizKIeqeC6', 'PATIENT', 'PENDING');
INSERT INTO patient (id, date_of_birth, address, mbo, phone_number) VALUES (52, '1992-09-06', 'Zvonarnička 42, Zagreb', '580610724', '0984228738');
INSERT INTO _user (created_at, id, email, first_name, last_name, password, role, status) VALUES ('2024-01-02T20:30', 53, 'mirta.kozina@gmail.com', 'Mirta', 'Kozina', '$2a$12$MlnyH21ePO39K3ufi9qxO.MXpbIJqThmjnuR0J8mqqhxizKIeqeC6', 'PATIENT', 'PENDING');
INSERT INTO patient (id, date_of_birth, address, mbo, phone_number) VALUES (53, '2004-11-22', 'Trg Republike Hrvatske 13, Zagreb', '524118166', '0984005565');
INSERT INTO _user (created_at, id, email, first_name, last_name, password, role, status) VALUES ('2023-12-28T10:13', 54, 'tena.vukelić@icloud.com', 'Tena', 'Vukelić', '$2a$12$MlnyH21ePO39K3ufi9qxO.MXpbIJqThmjnuR0J8mqqhxizKIeqeC6', 'PATIENT', 'PENDING');
INSERT INTO patient (id, date_of_birth, address, mbo, phone_number) VALUES (54, '2004-01-27', 'Kurelčeva 42, Zagreb', '352877298', '0919202602');
INSERT INTO _user (created_at, id, email, first_name, last_name, password, role, status) VALUES ('2023-12-27T19:49', 55, 'boža.klarić@outlook.com', 'Boža', 'Klarić', '$2a$12$MlnyH21ePO39K3ufi9qxO.MXpbIJqThmjnuR0J8mqqhxizKIeqeC6', 'PATIENT', 'PENDING');
INSERT INTO patient (id, date_of_birth, address, mbo, phone_number) VALUES (55, '1958-05-29', 'Ulica Ivana Gorana Kovačića 40, Zagreb', '688709823', '0929855566');
INSERT INTO _user (created_at, id, email, first_name, last_name, password, role, status) VALUES ('2024-01-03T06:56', 56, 'margita.devčić@outlook.com', 'Margita', 'Devčić', '$2a$12$MlnyH21ePO39K3ufi9qxO.MXpbIJqThmjnuR0J8mqqhxizKIeqeC6', 'PATIENT', 'PENDING');
INSERT INTO patient (id, date_of_birth, address, mbo, phone_number) VALUES (56, '1963-05-23', 'Preradovićeva 43, Zagreb', '510577656', '0953404437');
INSERT INTO _user (created_at, id, email, first_name, last_name, password, role, status) VALUES ('2024-01-05T11:20', 57, 'tereza.mandić@outlook.com', 'Tereza', 'Mandić', '$2a$12$MlnyH21ePO39K3ufi9qxO.MXpbIJqThmjnuR0J8mqqhxizKIeqeC6', 'PATIENT', 'PENDING');
INSERT INTO patient (id, date_of_birth, address, mbo, phone_number) VALUES (57, '1969-09-06', 'Rokov perivoj 24, Zagreb', '313626599', '0981436106');
INSERT INTO _user (created_at, id, email, first_name, last_name, password, role, status) VALUES ('2023-02-18T20:35', 58, 'emina.špoljarić@outlook.com', 'Emina', 'Špoljarić', '$2a$12$MlnyH21ePO39K3ufi9qxO.MXpbIJqThmjnuR0J8mqqhxizKIeqeC6', 'PATIENT', 'DEACTIVATED');
INSERT INTO patient (id, date_of_birth, address, mbo, phone_number) VALUES (58, '1964-06-04', 'Račkoga 49, Zagreb', '040254349', '0915382718');
INSERT INTO _user (created_at, id, email, first_name, last_name, password, role, status) VALUES ('2023-09-10T10:04', 59, 'mare.ilić@icloud.com', 'Mare', 'Ilić', '$2a$12$MlnyH21ePO39K3ufi9qxO.MXpbIJqThmjnuR0J8mqqhxizKIeqeC6', 'PATIENT', 'DEACTIVATED');
INSERT INTO patient (id, date_of_birth, address, mbo, phone_number) VALUES (59, '1980-07-04', 'Novakova 43, Zagreb', '273589495', '0927548313');
INSERT INTO _user (created_at, id, email, first_name, last_name, password, role, status) VALUES ('2023-10-29T07:39', 60, 'biserka.sertić@outlook.com', 'Biserka', 'Sertić', '$2a$12$MlnyH21ePO39K3ufi9qxO.MXpbIJqThmjnuR0J8mqqhxizKIeqeC6', 'PATIENT', 'DEACTIVATED');
INSERT INTO patient (id, date_of_birth, address, mbo, phone_number) VALUES (60, '1973-05-19', 'Iblerov trg 01, Zagreb', '139059154', '0910018556');
INSERT INTO _user (created_at, id, email, first_name, last_name, password, role, status) VALUES ('2022-12-22T01:38', 61, 'andreja.ćosić@yahoo.com', 'Andreja', 'Ćosić', '$2a$12$MlnyH21ePO39K3ufi9qxO.MXpbIJqThmjnuR0J8mqqhxizKIeqeC6', 'PATIENT', 'DEACTIVATED');
INSERT INTO patient (id, date_of_birth, address, mbo, phone_number) VALUES (61, '1993-03-11', 'Branimirova 44, Zagreb', '645819895', '0917595607');
INSERT INTO _user (created_at, id, email, first_name, last_name, password, role, status) VALUES ('2023-03-14T13:42', 62, 'mirica.šimić@gmail.com', 'Mirica', 'Šimić', '$2a$12$MlnyH21ePO39K3ufi9qxO.MXpbIJqThmjnuR0J8mqqhxizKIeqeC6', 'PATIENT', 'DEACTIVATED');
INSERT INTO patient (id, date_of_birth, address, mbo, phone_number) VALUES (62, '1950-07-30', 'Zavojna 36, Zagreb', '052650145', '0986613929');
INSERT INTO _user (created_at, id, email, first_name, last_name, password, role, status) VALUES ('2023-06-26T18:29', 63, 'adriana.barbarić@yahoo.com', 'Adriana', 'Barbarić', '$2a$12$MlnyH21ePO39K3ufi9qxO.MXpbIJqThmjnuR0J8mqqhxizKIeqeC6', 'PATIENT', 'DEACTIVATED');
INSERT INTO patient (id, date_of_birth, address, mbo, phone_number) VALUES (63, '1953-05-08', 'Opatovina 23, Zagreb', '069059351', '0983380167');
INSERT INTO _user (created_at, id, email, first_name, last_name, password, role, status) VALUES ('2022-12-01T23:20', 64, 'andreja.gregurić@icloud.com', 'Andreja', 'Gregurić', '$2a$12$MlnyH21ePO39K3ufi9qxO.MXpbIJqThmjnuR0J8mqqhxizKIeqeC6', 'PATIENT', 'DEACTIVATED');
INSERT INTO patient (id, date_of_birth, address, mbo, phone_number) VALUES (64, '2000-11-28', 'Trg Vladka Mačeka 38, Zagreb', '863032523', '0919695225');
INSERT INTO _user (created_at, id, email, first_name, last_name, password, role, status) VALUES ('2023-02-20T16:10', 65, 'magdalena.turković@gmail.com', 'Magdalena', 'Turković', '$2a$12$MlnyH21ePO39K3ufi9qxO.MXpbIJqThmjnuR0J8mqqhxizKIeqeC6', 'PATIENT', 'DEACTIVATED');
INSERT INTO patient (id, date_of_birth, address, mbo, phone_number) VALUES (65, '1979-04-05', 'Matice hrvatske 03, Zagreb', '467530536', '0980425520');
INSERT INTO _user (created_at, id, email, first_name, last_name, password, role, status) VALUES ('2023-05-28T14:16', 66, 'gojko.šimunović@outlook.com', 'Gojko', 'Šimunović', '$2a$12$MlnyH21ePO39K3ufi9qxO.MXpbIJqThmjnuR0J8mqqhxizKIeqeC6', 'PATIENT', 'ACTIVE');
INSERT INTO patient (id, date_of_birth, address, mbo, phone_number) VALUES (66, '1953-05-22', 'Crnatkova 06, Zagreb', '885070898', '0959383278');
INSERT INTO _user (created_at, id, email, first_name, last_name, password, role, status) VALUES ('2023-08-18T13:42', 67, 'darijo.kovačić@icloud.com', 'Darijo', 'Kovačić', '$2a$12$MlnyH21ePO39K3ufi9qxO.MXpbIJqThmjnuR0J8mqqhxizKIeqeC6', 'PATIENT', 'ACTIVE');
INSERT INTO patient (id, date_of_birth, address, mbo, phone_number) VALUES (67, '1952-05-02', 'Opatovina 09, Zagreb', '997102585', '0929508639');
INSERT INTO _user (created_at, id, email, first_name, last_name, password, role, status) VALUES ('2023-11-22T08:42', 68, 'jovan.petričević@gmail.com', 'Jovan', 'Petričević', '$2a$12$MlnyH21ePO39K3ufi9qxO.MXpbIJqThmjnuR0J8mqqhxizKIeqeC6', 'PATIENT', 'ACTIVE');
INSERT INTO patient (id, date_of_birth, address, mbo, phone_number) VALUES (68, '1963-10-28', 'Smičiklasova 22, Zagreb', '542597712', '0958292553');
INSERT INTO _user (created_at, id, email, first_name, last_name, password, role, status) VALUES ('2022-11-28T06:46', 69, 'radovan.kos@icloud.com', 'Radovan', 'Kos', '$2a$12$MlnyH21ePO39K3ufi9qxO.MXpbIJqThmjnuR0J8mqqhxizKIeqeC6', 'PATIENT', 'ACTIVE');
INSERT INTO patient (id, date_of_birth, address, mbo, phone_number) VALUES (69, '1977-05-08', 'Dukljaninova 30, Zagreb', '546818077', '0951135936');
INSERT INTO _user (created_at, id, email, first_name, last_name, password, role, status) VALUES ('2023-03-17T05:08', 70, 'marko.herceg@icloud.com', 'Marko', 'Herceg', '$2a$12$MlnyH21ePO39K3ufi9qxO.MXpbIJqThmjnuR0J8mqqhxizKIeqeC6', 'PATIENT', 'ACTIVE');
INSERT INTO patient (id, date_of_birth, address, mbo, phone_number) VALUES (70, '1973-07-09', 'Biankinijeva 09, Zagreb', '983725877', '0989071800');
INSERT INTO _user (created_at, id, email, first_name, last_name, password, role, status) VALUES ('2022-11-26T02:19', 71, 'erik.stipić@outlook.com', 'Erik', 'Stipić', '$2a$12$MlnyH21ePO39K3ufi9qxO.MXpbIJqThmjnuR0J8mqqhxizKIeqeC6', 'PATIENT', 'ACTIVE');
INSERT INTO patient (id, date_of_birth, address, mbo, phone_number) VALUES (71, '1962-10-12', 'Mrazovićeva 25, Zagreb', '641458599', '0958384959');
INSERT INTO _user (created_at, id, email, first_name, last_name, password, role, status) VALUES ('2023-04-05T12:18', 72, 'vito.ivković@outlook.com', 'Vito', 'Ivković', '$2a$12$MlnyH21ePO39K3ufi9qxO.MXpbIJqThmjnuR0J8mqqhxizKIeqeC6', 'PATIENT', 'ACTIVE');
INSERT INTO patient (id, date_of_birth, address, mbo, phone_number) VALUES (72, '1965-09-25', 'Ulica baruna Trenka 26, Zagreb', '031802162', '0919259143');
INSERT INTO _user (created_at, id, email, first_name, last_name, password, role, status) VALUES ('2023-09-09T02:51', 73, 'mihovil.jakovljević@icloud.com', 'Mihovil', 'Jakovljević', '$2a$12$MlnyH21ePO39K3ufi9qxO.MXpbIJqThmjnuR0J8mqqhxizKIeqeC6', 'PATIENT', 'ACTIVE');
INSERT INTO patient (id, date_of_birth, address, mbo, phone_number) VALUES (73, '1999-12-22', 'Amruševa 48, Zagreb', '127314835', '0956052662');
INSERT INTO _user (created_at, id, email, first_name, last_name, password, role, status) VALUES ('2023-01-19T17:16', 74, 'bruno.franjić@outlook.com', 'Bruno', 'Franjić', '$2a$12$MlnyH21ePO39K3ufi9qxO.MXpbIJqThmjnuR0J8mqqhxizKIeqeC6', 'PATIENT', 'ACTIVE');
INSERT INTO patient (id, date_of_birth, address, mbo, phone_number) VALUES (74, '1995-05-28', 'Trg Vladka Mačeka 38, Zagreb', '184854123', '0988407475');
INSERT INTO _user (created_at, id, email, first_name, last_name, password, role, status) VALUES ('2023-10-26T20:35', 75, 'rade.valentić@icloud.com', 'Rade', 'Valentić', '$2a$12$MlnyH21ePO39K3ufi9qxO.MXpbIJqThmjnuR0J8mqqhxizKIeqeC6', 'PATIENT', 'ACTIVE');
INSERT INTO patient (id, date_of_birth, address, mbo, phone_number) VALUES (75, '1957-03-18', 'Starčevićev trg 47, Zagreb', '832106460', '0920787004');
INSERT INTO _user (created_at, id, email, first_name, last_name, password, role, status) VALUES ('2022-12-20T05:42', 76, 'vlatko.turkalj@outlook.com', 'Vlatko', 'Turkalj', '$2a$12$MlnyH21ePO39K3ufi9qxO.MXpbIJqThmjnuR0J8mqqhxizKIeqeC6', 'PATIENT', 'ACTIVE');
INSERT INTO patient (id, date_of_birth, address, mbo, phone_number) VALUES (76, '1951-09-30', 'Dalmatinska 44, Zagreb', '496379712', '0921739448');
INSERT INTO _user (created_at, id, email, first_name, last_name, password, role, status) VALUES ('2023-05-18T21:54', 77, 'tomo.kovač@outlook.com', 'Tomo', 'Kovač', '$2a$12$MlnyH21ePO39K3ufi9qxO.MXpbIJqThmjnuR0J8mqqhxizKIeqeC6', 'PATIENT', 'ACTIVE');
INSERT INTO patient (id, date_of_birth, address, mbo, phone_number) VALUES (77, '1986-01-14', 'Mala ulica 02, Zagreb', '266588725', '0979384302');
INSERT INTO _user (created_at, id, email, first_name, last_name, password, role, status) VALUES ('2023-04-14T22:57', 78, 'edi.lončarić@outlook.com', 'Edi', 'Lončarić', '$2a$12$MlnyH21ePO39K3ufi9qxO.MXpbIJqThmjnuR0J8mqqhxizKIeqeC6', 'PATIENT', 'ACTIVE');
INSERT INTO patient (id, date_of_birth, address, mbo, phone_number) VALUES (78, '1971-04-28', 'Medulićeva 05, Zagreb', '549559652', '0982580683');
INSERT INTO _user (created_at, id, email, first_name, last_name, password, role, status) VALUES ('2023-06-07T06:59', 79, 'drago.marjanović@yahoo.com', 'Drago', 'Marjanović', '$2a$12$MlnyH21ePO39K3ufi9qxO.MXpbIJqThmjnuR0J8mqqhxizKIeqeC6', 'PATIENT', 'ACTIVE');
INSERT INTO patient (id, date_of_birth, address, mbo, phone_number) VALUES (79, '1973-10-23', 'Mikloušićeva 33, Zagreb', '268198841', '0979645326');
INSERT INTO _user (created_at, id, email, first_name, last_name, password, role, status) VALUES ('2022-12-02T21:59', 80, 'dragomir.savić@icloud.com', 'Dragomir', 'Savić', '$2a$12$MlnyH21ePO39K3ufi9qxO.MXpbIJqThmjnuR0J8mqqhxizKIeqeC6', 'PATIENT', 'ACTIVE');
INSERT INTO patient (id, date_of_birth, address, mbo, phone_number) VALUES (80, '1977-11-25', 'Utješinovićeva 15, Zagreb', '287582552', '0913629670');
INSERT INTO _user (created_at, id, email, first_name, last_name, password, role, status) VALUES ('2022-12-14T22:14', 81, 'gabrijel.ljubić@yahoo.com', 'Gabrijel', 'Ljubić', '$2a$12$MlnyH21ePO39K3ufi9qxO.MXpbIJqThmjnuR0J8mqqhxizKIeqeC6', 'PATIENT', 'ACTIVE');
INSERT INTO patient (id, date_of_birth, address, mbo, phone_number) VALUES (81, '1990-07-28', 'Matice hrvatske 16, Zagreb', '512765038', '0916266864');
INSERT INTO _user (created_at, id, email, first_name, last_name, password, role, status) VALUES ('2023-06-27T07:44', 82, 'josip.kos@icloud.com', 'Josip', 'Kos', '$2a$12$MlnyH21ePO39K3ufi9qxO.MXpbIJqThmjnuR0J8mqqhxizKIeqeC6', 'PATIENT', 'ACTIVE');
INSERT INTO patient (id, date_of_birth, address, mbo, phone_number) VALUES (82, '1979-12-30', 'Tkalčićeva 31, Zagreb', '144089064', '0923512960');
INSERT INTO _user (created_at, id, email, first_name, last_name, password, role, status) VALUES ('2022-10-18T16:06', 83, 'hrvoje.josipović@icloud.com', 'Hrvoje', 'Josipović', '$2a$12$MlnyH21ePO39K3ufi9qxO.MXpbIJqThmjnuR0J8mqqhxizKIeqeC6', 'PATIENT', 'ACTIVE');
INSERT INTO patient (id, date_of_birth, address, mbo, phone_number) VALUES (83, '2001-01-11', 'Ribnjak 10, Zagreb', '498887923', '0953478926');
INSERT INTO _user (created_at, id, email, first_name, last_name, password, role, status) VALUES ('2023-07-10T05:01', 84, 'tomica.jurić@gmail.com', 'Tomica', 'Jurić', '$2a$12$MlnyH21ePO39K3ufi9qxO.MXpbIJqThmjnuR0J8mqqhxizKIeqeC6', 'PATIENT', 'ACTIVE');
INSERT INTO patient (id, date_of_birth, address, mbo, phone_number) VALUES (84, '1964-12-08', 'Rokov perivoj 49, Zagreb', '446312410', '0953994270');
INSERT INTO _user (created_at, id, email, first_name, last_name, password, role, status) VALUES ('2023-05-20T06:00', 85, 'pavao.štimac@gmail.com', 'Pavao', 'Štimac', '$2a$12$MlnyH21ePO39K3ufi9qxO.MXpbIJqThmjnuR0J8mqqhxizKIeqeC6', 'PATIENT', 'ACTIVE');
INSERT INTO patient (id, date_of_birth, address, mbo, phone_number) VALUES (85, '1987-08-26', 'Trg svibanjskih žrtava 1995. 29, Zagreb', '395678258', '0985158016');
INSERT INTO _user (created_at, id, email, first_name, last_name, password, role, status) VALUES ('2023-04-18T13:27', 86, 'branko.vrdoljak@outlook.com', 'Branko', 'Vrdoljak', '$2a$12$MlnyH21ePO39K3ufi9qxO.MXpbIJqThmjnuR0J8mqqhxizKIeqeC6', 'PATIENT', 'ACTIVE');
INSERT INTO patient (id, date_of_birth, address, mbo, phone_number) VALUES (86, '1987-06-20', 'Hebrangova 25, Zagreb', '483949569', '0951288627');
INSERT INTO _user (created_at, id, email, first_name, last_name, password, role, status) VALUES ('2023-06-10T12:05', 87, 'jure.ivanišević@gmail.com', 'Jure', 'Ivanišević', '$2a$12$MlnyH21ePO39K3ufi9qxO.MXpbIJqThmjnuR0J8mqqhxizKIeqeC6', 'PATIENT', 'ACTIVE');
INSERT INTO patient (id, date_of_birth, address, mbo, phone_number) VALUES (87, '1952-03-09', 'Križanićeva 07, Zagreb', '647626808', '0953111934');
INSERT INTO _user (created_at, id, email, first_name, last_name, password, role, status) VALUES ('2023-10-23T22:14', 88, 'roko.vlašić@yahoo.com', 'Roko', 'Vlašić', '$2a$12$MlnyH21ePO39K3ufi9qxO.MXpbIJqThmjnuR0J8mqqhxizKIeqeC6', 'PATIENT', 'ACTIVE');
INSERT INTO patient (id, date_of_birth, address, mbo, phone_number) VALUES (88, '2003-08-12', 'Kačićeva 05, Zagreb', '144163333', '0915869769');
INSERT INTO _user (created_at, id, email, first_name, last_name, password, role, status) VALUES ('2023-07-24T14:11', 89, 'marijan.matić@yahoo.com', 'Marijan', 'Matić', '$2a$12$MlnyH21ePO39K3ufi9qxO.MXpbIJqThmjnuR0J8mqqhxizKIeqeC6', 'PATIENT', 'ACTIVE');
INSERT INTO patient (id, date_of_birth, address, mbo, phone_number) VALUES (89, '1980-08-14', 'Trg žrtava fašizma 02, Zagreb', '083106320', '0912865741');
INSERT INTO _user (created_at, id, email, first_name, last_name, password, role, status) VALUES ('2023-09-10T07:59', 90, 'valent.martinović@icloud.com', 'Valent', 'Martinović', '$2a$12$MlnyH21ePO39K3ufi9qxO.MXpbIJqThmjnuR0J8mqqhxizKIeqeC6', 'PATIENT', 'ACTIVE');
INSERT INTO patient (id, date_of_birth, address, mbo, phone_number) VALUES (90, '1950-07-22', 'Zrinjevac 49, Zagreb', '867821280', '0921181073');
INSERT INTO _user (created_at, id, email, first_name, last_name, password, role, status) VALUES ('2023-12-21T19:27', 91, 'nino.tadić@icloud.com', 'Nino', 'Tadić', '$2a$12$MlnyH21ePO39K3ufi9qxO.MXpbIJqThmjnuR0J8mqqhxizKIeqeC6', 'PATIENT', 'ACTIVE');
INSERT INTO patient (id, date_of_birth, address, mbo, phone_number) VALUES (91, '2002-10-02', 'Bulićeva 23, Zagreb', '592119574', '0971880410');
INSERT INTO _user (created_at, id, email, first_name, last_name, password, role, status) VALUES ('2022-09-14T05:32', 92, 'rajko.kovač@yahoo.com', 'Rajko', 'Kovač', '$2a$12$MlnyH21ePO39K3ufi9qxO.MXpbIJqThmjnuR0J8mqqhxizKIeqeC6', 'PATIENT', 'ACTIVE');
INSERT INTO patient (id, date_of_birth, address, mbo, phone_number) VALUES (92, '1993-09-28', 'Livadićeva 38, Zagreb', '423171818', '0912970910');
INSERT INTO _user (created_at, id, email, first_name, last_name, password, role, status) VALUES ('2023-06-18T00:23', 93, 'tin.bašić@yahoo.com', 'Tin', 'Bašić', '$2a$12$MlnyH21ePO39K3ufi9qxO.MXpbIJqThmjnuR0J8mqqhxizKIeqeC6', 'PATIENT', 'ACTIVE');
INSERT INTO patient (id, date_of_birth, address, mbo, phone_number) VALUES (93, '2001-10-17', 'Martićeva 09, Zagreb', '472254491', '0910058140');
INSERT INTO _user (created_at, id, email, first_name, last_name, password, role, status) VALUES ('2023-02-28T09:11', 94, 'miloš.matijević@yahoo.com', 'Miloš', 'Matijević', '$2a$12$MlnyH21ePO39K3ufi9qxO.MXpbIJqThmjnuR0J8mqqhxizKIeqeC6', 'PATIENT', 'ACTIVE');
INSERT INTO patient (id, date_of_birth, address, mbo, phone_number) VALUES (94, '1972-07-19', 'Trg hrvatskih velikana 30, Zagreb', '105842753', '0988480696');
INSERT INTO _user (created_at, id, email, first_name, last_name, password, role, status) VALUES ('2023-05-15T12:21', 95, 'fran.samardžić@gmail.com', 'Fran', 'Samardžić', '$2a$12$MlnyH21ePO39K3ufi9qxO.MXpbIJqThmjnuR0J8mqqhxizKIeqeC6', 'PATIENT', 'ACTIVE');
INSERT INTO patient (id, date_of_birth, address, mbo, phone_number) VALUES (95, '2003-02-17', 'Utješinovićeva 47, Zagreb', '517334661', '0982661711');
INSERT INTO _user (created_at, id, email, first_name, last_name, password, role, status) VALUES ('2022-10-18T08:33', 96, 'valent.majstorović@gmail.com', 'Valent', 'Majstorović', '$2a$12$MlnyH21ePO39K3ufi9qxO.MXpbIJqThmjnuR0J8mqqhxizKIeqeC6', 'PATIENT', 'ACTIVE');
INSERT INTO patient (id, date_of_birth, address, mbo, phone_number) VALUES (96, '1975-11-16', 'Vlaška 09, Zagreb', '130104982', '0959912826');
INSERT INTO _user (created_at, id, email, first_name, last_name, password, role, status) VALUES ('2023-02-04T16:07', 97, 'valent.butković@gmail.com', 'Valent', 'Butković', '$2a$12$MlnyH21ePO39K3ufi9qxO.MXpbIJqThmjnuR0J8mqqhxizKIeqeC6', 'PATIENT', 'ACTIVE');
INSERT INTO patient (id, date_of_birth, address, mbo, phone_number) VALUES (97, '1989-06-22', 'Švearova 22, Zagreb', '293300548', '0984046006');
INSERT INTO _user (created_at, id, email, first_name, last_name, password, role, status) VALUES ('2023-01-29T07:44', 98, 'manuel.petrić@gmail.com', 'Manuel', 'Petrić', '$2a$12$MlnyH21ePO39K3ufi9qxO.MXpbIJqThmjnuR0J8mqqhxizKIeqeC6', 'PATIENT', 'ACTIVE');
INSERT INTO patient (id, date_of_birth, address, mbo, phone_number) VALUES (98, '1996-06-03', 'Novakova 17, Zagreb', '524506508', '0987569699');
INSERT INTO _user (created_at, id, email, first_name, last_name, password, role, status) VALUES ('2022-12-28T06:51', 99, 'andro.vojnović@gmail.com', 'Andro', 'Vojnović', '$2a$12$MlnyH21ePO39K3ufi9qxO.MXpbIJqThmjnuR0J8mqqhxizKIeqeC6', 'PATIENT', 'ACTIVE');
INSERT INTO patient (id, date_of_birth, address, mbo, phone_number) VALUES (99, '1955-01-07', 'Babukićeva 06, Zagreb', '366673053', '0989660693');
INSERT INTO _user (created_at, id, email, first_name, last_name, password, role, status) VALUES ('2023-08-31T06:21', 100, 'gojko.kovačević@gmail.com', 'Gojko', 'Kovačević', '$2a$12$MlnyH21ePO39K3ufi9qxO.MXpbIJqThmjnuR0J8mqqhxizKIeqeC6', 'PATIENT', 'ACTIVE');
INSERT INTO patient (id, date_of_birth, address, mbo, phone_number) VALUES (100, '1993-05-03', 'Šubićeva 13, Zagreb', '789610460', '0984800570');
INSERT INTO _user (created_at, id, email, first_name, last_name, password, role, status) VALUES ('2022-09-20T08:25', 101, 'zlatko.katić@outlook.com', 'Zlatko', 'Katić', '$2a$12$MlnyH21ePO39K3ufi9qxO.MXpbIJqThmjnuR0J8mqqhxizKIeqeC6', 'PATIENT', 'ACTIVE');
INSERT INTO patient (id, date_of_birth, address, mbo, phone_number) VALUES (101, '1960-02-06', 'Ulica Ante Kovačića 42, Zagreb', '271017030', '0953234465');
INSERT INTO _user (created_at, id, email, first_name, last_name, password, role, status) VALUES ('2023-04-01T00:09', 102, 'milan.barbarić@yahoo.com', 'Milan', 'Barbarić', '$2a$12$MlnyH21ePO39K3ufi9qxO.MXpbIJqThmjnuR0J8mqqhxizKIeqeC6', 'PATIENT', 'ACTIVE');
INSERT INTO patient (id, date_of_birth, address, mbo, phone_number) VALUES (102, '1956-05-29', 'Teslina 42, Zagreb', '753883734', '0917958064');
INSERT INTO _user (created_at, id, email, first_name, last_name, password, role, status) VALUES ('2022-09-26T22:32', 103, 'mladen.burić@gmail.com', 'Mladen', 'Burić', '$2a$12$MlnyH21ePO39K3ufi9qxO.MXpbIJqThmjnuR0J8mqqhxizKIeqeC6', 'PATIENT', 'ACTIVE');
INSERT INTO patient (id, date_of_birth, address, mbo, phone_number) VALUES (103, '2004-10-03', 'Ribnjak 45, Zagreb', '829908366', '0958747935');
INSERT INTO _user (created_at, id, email, first_name, last_name, password, role, status) VALUES ('2023-10-30T17:09', 104, 'valentin.marić@yahoo.com', 'Valentin', 'Marić', '$2a$12$MlnyH21ePO39K3ufi9qxO.MXpbIJqThmjnuR0J8mqqhxizKIeqeC6', 'PATIENT', 'ACTIVE');
INSERT INTO patient (id, date_of_birth, address, mbo, phone_number) VALUES (104, '1994-01-12', 'Ilica 36, Zagreb', '808880890', '0924230749');
INSERT INTO _user (created_at, id, email, first_name, last_name, password, role, status) VALUES ('2023-04-01T09:03', 105, 'vanja.bartulović@gmail.com', 'Vanja', 'Bartulović', '$2a$12$MlnyH21ePO39K3ufi9qxO.MXpbIJqThmjnuR0J8mqqhxizKIeqeC6', 'PATIENT', 'ACTIVE');
INSERT INTO patient (id, date_of_birth, address, mbo, phone_number) VALUES (105, '1953-12-29', 'Kačićeva 43, Zagreb', '328434825', '0913980220');
INSERT INTO _user (created_at, id, email, first_name, last_name, password, role, status) VALUES ('2024-01-03T21:47', 106, 'nenad.jurčić@yahoo.com', 'Nenad', 'Jurčić', '$2a$12$MlnyH21ePO39K3ufi9qxO.MXpbIJqThmjnuR0J8mqqhxizKIeqeC6', 'PATIENT', 'PENDING');
INSERT INTO patient (id, date_of_birth, address, mbo, phone_number) VALUES (106, '1978-08-14', 'Kačićeva 33, Zagreb', '733511547', '0922035618');
INSERT INTO _user (created_at, id, email, first_name, last_name, password, role, status) VALUES ('2024-01-05T13:15', 107, 'gordan.pejić@icloud.com', 'Gordan', 'Pejić', '$2a$12$MlnyH21ePO39K3ufi9qxO.MXpbIJqThmjnuR0J8mqqhxizKIeqeC6', 'PATIENT', 'PENDING');
INSERT INTO patient (id, date_of_birth, address, mbo, phone_number) VALUES (107, '1971-01-13', 'Ulica kneza Trpimira 01, Zagreb', '165138788', '0953812707');
INSERT INTO _user (created_at, id, email, first_name, last_name, password, role, status) VALUES ('2024-01-03T20:59', 108, 'juraj.ivanišević@outlook.com', 'Juraj', 'Ivanišević', '$2a$12$MlnyH21ePO39K3ufi9qxO.MXpbIJqThmjnuR0J8mqqhxizKIeqeC6', 'PATIENT', 'PENDING');
INSERT INTO patient (id, date_of_birth, address, mbo, phone_number) VALUES (108, '1960-02-15', 'Biankinijeva 25, Zagreb', '340451455', '0912194664');
INSERT INTO _user (created_at, id, email, first_name, last_name, password, role, status) VALUES ('2024-01-08T06:17', 109, 'milivoj.ivanović@icloud.com', 'Milivoj', 'Ivanović', '$2a$12$MlnyH21ePO39K3ufi9qxO.MXpbIJqThmjnuR0J8mqqhxizKIeqeC6', 'PATIENT', 'PENDING');
INSERT INTO patient (id, date_of_birth, address, mbo, phone_number) VALUES (109, '1998-06-12', 'Crnatkova 06, Zagreb', '779742451', '0972021309');
INSERT INTO _user (created_at, id, email, first_name, last_name, password, role, status) VALUES ('2024-01-02T13:52', 110, 'patrik.radošević@gmail.com', 'Patrik', 'Radošević', '$2a$12$MlnyH21ePO39K3ufi9qxO.MXpbIJqThmjnuR0J8mqqhxizKIeqeC6', 'PATIENT', 'PENDING');
INSERT INTO patient (id, date_of_birth, address, mbo, phone_number) VALUES (110, '1955-08-24', 'Mihanovićeva 08, Zagreb', '411115790', '0921704300');
INSERT INTO _user (created_at, id, email, first_name, last_name, password, role, status) VALUES ('2024-01-02T22:25', 111, 'milorad.martinović@gmail.com', 'Milorad', 'Martinović', '$2a$12$MlnyH21ePO39K3ufi9qxO.MXpbIJqThmjnuR0J8mqqhxizKIeqeC6', 'PATIENT', 'PENDING');
INSERT INTO patient (id, date_of_birth, address, mbo, phone_number) VALUES (111, '1969-11-17', 'Antuna Vrančića 01, Zagreb', '578358689', '0924707341');
INSERT INTO _user (created_at, id, email, first_name, last_name, password, role, status) VALUES ('2024-01-05T23:32', 112, 'silvio.mandić@outlook.com', 'Silvio', 'Mandić', '$2a$12$MlnyH21ePO39K3ufi9qxO.MXpbIJqThmjnuR0J8mqqhxizKIeqeC6', 'PATIENT', 'PENDING');
INSERT INTO patient (id, date_of_birth, address, mbo, phone_number) VALUES (112, '1961-02-25', 'Ribnjak 22, Zagreb', '079521932', '0986026266');
INSERT INTO _user (created_at, id, email, first_name, last_name, password, role, status) VALUES ('2024-01-09T05:45', 113, 'ljubomir.ilić@yahoo.com', 'Ljubomir', 'Ilić', '$2a$12$MlnyH21ePO39K3ufi9qxO.MXpbIJqThmjnuR0J8mqqhxizKIeqeC6', 'PATIENT', 'PENDING');
INSERT INTO patient (id, date_of_birth, address, mbo, phone_number) VALUES (113, '1958-12-30', 'Hrvojeva 27, Zagreb', '650831165', '0975641323');
INSERT INTO _user (created_at, id, email, first_name, last_name, password, role, status) VALUES ('2024-01-09T18:41', 114, 'milenko.rendulić@outlook.com', 'Milenko', 'Rendulić', '$2a$12$MlnyH21ePO39K3ufi9qxO.MXpbIJqThmjnuR0J8mqqhxizKIeqeC6', 'PATIENT', 'PENDING');
INSERT INTO patient (id, date_of_birth, address, mbo, phone_number) VALUES (114, '1970-12-31', 'Marićev prolaz 46, Zagreb', '461563086', '0957052471');
INSERT INTO _user (created_at, id, email, first_name, last_name, password, role, status) VALUES ('2024-01-04T00:18', 115, 'mihovil.mitrović@outlook.com', 'Mihovil', 'Mitrović', '$2a$12$MlnyH21ePO39K3ufi9qxO.MXpbIJqThmjnuR0J8mqqhxizKIeqeC6', 'PATIENT', 'PENDING');
INSERT INTO patient (id, date_of_birth, address, mbo, phone_number) VALUES (115, '2000-06-13', 'Krvavi most 21, Zagreb', '011929221', '0918641799');
INSERT INTO _user (created_at, id, email, first_name, last_name, password, role, status) VALUES ('2023-12-31T18:14', 116, 'dane.majstorović@icloud.com', 'Dane', 'Majstorović', '$2a$12$MlnyH21ePO39K3ufi9qxO.MXpbIJqThmjnuR0J8mqqhxizKIeqeC6', 'PATIENT', 'PENDING');
INSERT INTO patient (id, date_of_birth, address, mbo, phone_number) VALUES (116, '1974-05-13', 'Zavrtnica 14, Zagreb', '958915107', '0954002618');
INSERT INTO _user (created_at, id, email, first_name, last_name, password, role, status) VALUES ('2024-01-02T19:14', 117, 'nedjeljko.bašić@yahoo.com', 'Nedjeljko', 'Bašić', '$2a$12$MlnyH21ePO39K3ufi9qxO.MXpbIJqThmjnuR0J8mqqhxizKIeqeC6', 'PATIENT', 'PENDING');
INSERT INTO patient (id, date_of_birth, address, mbo, phone_number) VALUES (117, '1956-03-13', 'Pod zidom 16, Zagreb', '493874982', '0954721620');
INSERT INTO _user (created_at, id, email, first_name, last_name, password, role, status) VALUES ('2023-12-03T01:05', 118, 'borislav.tadić@icloud.com', 'Borislav', 'Tadić', '$2a$12$MlnyH21ePO39K3ufi9qxO.MXpbIJqThmjnuR0J8mqqhxizKIeqeC6', 'PATIENT', 'DEACTIVATED');
INSERT INTO patient (id, date_of_birth, address, mbo, phone_number) VALUES (118, '1950-07-10', 'Vlaška 48, Zagreb', '469029635', '0917093017');
INSERT INTO _user (created_at, id, email, first_name, last_name, password, role, status) VALUES ('2023-09-29T13:26', 119, 'ivan.abramović@gmail.com', 'Ivan', 'Abramović', '$2a$12$MlnyH21ePO39K3ufi9qxO.MXpbIJqThmjnuR0J8mqqhxizKIeqeC6', 'PATIENT', 'DEACTIVATED');
INSERT INTO patient (id, date_of_birth, address, mbo, phone_number) VALUES (119, '1975-04-21', 'Pod zidom 10, Zagreb', '882204988', '0982279291');
INSERT INTO _user (created_at, id, email, first_name, last_name, password, role, status) VALUES ('2024-01-06T06:02', 120, 'jovan.bartulović@outlook.com', 'Jovan', 'Bartulović', '$2a$12$MlnyH21ePO39K3ufi9qxO.MXpbIJqThmjnuR0J8mqqhxizKIeqeC6', 'PATIENT', 'DEACTIVATED');
INSERT INTO patient (id, date_of_birth, address, mbo, phone_number) VALUES (120, '1992-06-14', 'Bakačeva 07, Zagreb', '577623754', '0974792547');
INSERT INTO _user (created_at, id, email, first_name, last_name, password, role, status) VALUES ('2023-07-30T13:17', 121, 'slaven.zorić@icloud.com', 'Slaven', 'Zorić', '$2a$12$MlnyH21ePO39K3ufi9qxO.MXpbIJqThmjnuR0J8mqqhxizKIeqeC6', 'PATIENT', 'DEACTIVATED');
INSERT INTO patient (id, date_of_birth, address, mbo, phone_number) VALUES (121, '1974-07-16', 'Tkalčićeva 30, Zagreb', '506649319', '0913958160');
INSERT INTO _user (created_at, id, email, first_name, last_name, password, role, status) VALUES ('2023-10-08T20:14', 122, 'mirko.lončar@outlook.com', 'Mirko', 'Lončar', '$2a$12$MlnyH21ePO39K3ufi9qxO.MXpbIJqThmjnuR0J8mqqhxizKIeqeC6', 'PATIENT', 'DEACTIVATED');
INSERT INTO patient (id, date_of_birth, address, mbo, phone_number) VALUES (122, '2000-04-05', 'Iblerov trg 49, Zagreb', '056908950', '0928942259');
INSERT INTO _user (created_at, id, email, first_name, last_name, password, role, status) VALUES ('2023-08-01T12:27', 123, 'ljubomir.burić@gmail.com', 'Ljubomir', 'Burić', '$2a$12$MlnyH21ePO39K3ufi9qxO.MXpbIJqThmjnuR0J8mqqhxizKIeqeC6', 'PATIENT', 'DEACTIVATED');
INSERT INTO patient (id, date_of_birth, address, mbo, phone_number) VALUES (123, '1993-09-26', 'Širolina 36, Zagreb', '769478094', '0928446413');
INSERT INTO _user (created_at, id, email, first_name, last_name, password, role, status) VALUES ('2023-10-27T07:54', 124, 'pejo.meštrović@gmail.com', 'Pejo', 'Meštrović', '$2a$12$MlnyH21ePO39K3ufi9qxO.MXpbIJqThmjnuR0J8mqqhxizKIeqeC6', 'PATIENT', 'DEACTIVATED');
INSERT INTO patient (id, date_of_birth, address, mbo, phone_number) VALUES (124, '1959-07-05', 'Haulikova 18, Zagreb', '475008132', '0928332077');
INSERT INTO _user (created_at, id, email, first_name, last_name, password, role, status) VALUES ('2022-08-27T16:44', 125, 'valentino.balić@outlook.com', 'Valentino', 'Balić', '$2a$12$MlnyH21ePO39K3ufi9qxO.MXpbIJqThmjnuR0J8mqqhxizKIeqeC6', 'PATIENT', 'DEACTIVATED');
INSERT INTO patient (id, date_of_birth, address, mbo, phone_number) VALUES (125, '1962-08-21', 'Jukićeva 43, Zagreb', '008043566', '0923352452');
INSERT INTO _user (created_at, id, email, first_name, last_name, password, role, status) VALUES ('2022-12-21T09:11', 126, 'dragica.tomašić@outlook.com', 'Dragica', 'Tomašić', '$2a$12$MlnyH21ePO39K3ufi9qxO.MXpbIJqThmjnuR0J8mqqhxizKIeqeC6', 'STAFF', 'ACTIVE');
INSERT INTO employee (id, specialization) VALUES (126, 'PHYSICAL_THERAPIST');
INSERT INTO _user (created_at, id, email, first_name, last_name, password, role, status) VALUES ('2022-11-01T04:37', 127, 'ilinka.budimir@outlook.com', 'Ilinka', 'Budimir', '$2a$12$MlnyH21ePO39K3ufi9qxO.MXpbIJqThmjnuR0J8mqqhxizKIeqeC6', 'STAFF', 'ACTIVE');
INSERT INTO employee (id, specialization) VALUES (127, 'ELECTROTHERAPIST');
INSERT INTO _user (created_at, id, email, first_name, last_name, password, role, status) VALUES ('2023-03-09T02:44', 128, 'vilma.stojanović@icloud.com', 'Vilma', 'Stojanović', '$2a$12$MlnyH21ePO39K3ufi9qxO.MXpbIJqThmjnuR0J8mqqhxizKIeqeC6', 'STAFF', 'ACTIVE');
INSERT INTO employee (id, specialization) VALUES (128, 'THERMOTHERAPIST');
INSERT INTO _user (created_at, id, email, first_name, last_name, password, role, status) VALUES ('2023-06-20T12:21', 129, 'tina.vlašić@yahoo.com', 'Tina', 'Vlašić', '$2a$12$MlnyH21ePO39K3ufi9qxO.MXpbIJqThmjnuR0J8mqqhxizKIeqeC6', 'STAFF', 'ACTIVE');
INSERT INTO employee (id, specialization) VALUES (129, 'HYDROTHERAPIST');
INSERT INTO _user (created_at, id, email, first_name, last_name, password, role, status) VALUES ('2022-11-27T07:15', 130, 'patricia.kordić@yahoo.com', 'Patricia', 'Kordić', '$2a$12$MlnyH21ePO39K3ufi9qxO.MXpbIJqThmjnuR0J8mqqhxizKIeqeC6', 'STAFF', 'ACTIVE');
INSERT INTO employee (id, specialization) VALUES (130, 'PHYSICAL_THERAPIST');
INSERT INTO _user (created_at, id, email, first_name, last_name, password, role, status) VALUES ('2022-11-01T09:42', 131, 'klaudija.gregurić@icloud.com', 'Klaudija', 'Gregurić', '$2a$12$MlnyH21ePO39K3ufi9qxO.MXpbIJqThmjnuR0J8mqqhxizKIeqeC6', 'STAFF', 'ACTIVE');
INSERT INTO employee (id, specialization) VALUES (131, 'HYDROTHERAPIST');
INSERT INTO _user (created_at, id, email, first_name, last_name, password, role, status) VALUES ('2023-03-24T19:05', 132, 'tomislava.brkić@outlook.com', 'Tomislava', 'Brkić', '$2a$12$MlnyH21ePO39K3ufi9qxO.MXpbIJqThmjnuR0J8mqqhxizKIeqeC6', 'STAFF', 'ACTIVE');
INSERT INTO employee (id, specialization) VALUES (132, 'PHYSICAL_THERAPIST');
INSERT INTO _user (created_at, id, email, first_name, last_name, password, role, status) VALUES ('2023-07-13T14:36', 133, 'irma.vlahović@gmail.com', 'Irma', 'Vlahović', '$2a$12$MlnyH21ePO39K3ufi9qxO.MXpbIJqThmjnuR0J8mqqhxizKIeqeC6', 'STAFF', 'ACTIVE');
INSERT INTO employee (id, specialization) VALUES (133, 'CRYOTHERAPIST');
INSERT INTO _user (created_at, id, email, first_name, last_name, password, role, status) VALUES ('2023-12-17T20:55', 134, 'paulina.ćosić@icloud.com', 'Paulina', 'Ćosić', '$2a$12$MlnyH21ePO39K3ufi9qxO.MXpbIJqThmjnuR0J8mqqhxizKIeqeC6', 'STAFF', 'ACTIVE');
INSERT INTO employee (id, specialization) VALUES (134, 'HYDROTHERAPIST');
INSERT INTO _user (created_at, id, email, first_name, last_name, password, role, status) VALUES ('2023-08-10T21:37', 135, 'ena.grgić@yahoo.com', 'Ena', 'Grgić', '$2a$12$MlnyH21ePO39K3ufi9qxO.MXpbIJqThmjnuR0J8mqqhxizKIeqeC6', 'STAFF', 'ACTIVE');
INSERT INTO employee (id, specialization) VALUES (135, 'PHYSICAL_THERAPIST');
INSERT INTO _user (created_at, id, email, first_name, last_name, password, role, status) VALUES ('2022-11-15T01:35', 136, 'jakov.savić@outlook.com', 'Jakov', 'Savić', '$2a$12$MlnyH21ePO39K3ufi9qxO.MXpbIJqThmjnuR0J8mqqhxizKIeqeC6', 'STAFF', 'ACTIVE');
INSERT INTO employee (id, specialization) VALUES (136, 'ELECTROTHERAPIST');
INSERT INTO _user (created_at, id, email, first_name, last_name, password, role, status) VALUES ('2023-01-10T08:36', 137, 'marinko.ivanković@gmail.com', 'Marinko', 'Ivanković', '$2a$12$MlnyH21ePO39K3ufi9qxO.MXpbIJqThmjnuR0J8mqqhxizKIeqeC6', 'STAFF', 'ACTIVE');
INSERT INTO employee (id, specialization) VALUES (137, 'PHYSICAL_THERAPIST');
INSERT INTO _user (created_at, id, email, first_name, last_name, password, role, status) VALUES ('2023-10-29T05:58', 138, 'niko.turković@yahoo.com', 'Niko', 'Turković', '$2a$12$MlnyH21ePO39K3ufi9qxO.MXpbIJqThmjnuR0J8mqqhxizKIeqeC6', 'STAFF', 'ACTIVE');
INSERT INTO employee (id, specialization) VALUES (138, 'HYDROTHERAPIST');
INSERT INTO _user (created_at, id, email, first_name, last_name, password, role, status) VALUES ('2022-11-10T05:43', 139, 'siniša.ivančić@gmail.com', 'Siniša', 'Ivančić', '$2a$12$MlnyH21ePO39K3ufi9qxO.MXpbIJqThmjnuR0J8mqqhxizKIeqeC6', 'STAFF', 'ACTIVE');
INSERT INTO employee (id, specialization) VALUES (139, 'PHYSICAL_THERAPIST');
INSERT INTO _user (created_at, id, email, first_name, last_name, password, role, status) VALUES ('2023-08-18T07:44', 140, 'viktor.pavlović@outlook.com', 'Viktor', 'Pavlović', '$2a$12$MlnyH21ePO39K3ufi9qxO.MXpbIJqThmjnuR0J8mqqhxizKIeqeC6', 'STAFF', 'ACTIVE');
INSERT INTO employee (id, specialization) VALUES (140, 'PHYSICAL_THERAPIST');
INSERT INTO _user (created_at, id, email, first_name, last_name, password, role, status) VALUES ('2023-05-11T04:21', 141, 'jerko.jurić@yahoo.com', 'Jerko', 'Jurić', '$2a$12$MlnyH21ePO39K3ufi9qxO.MXpbIJqThmjnuR0J8mqqhxizKIeqeC6', 'STAFF', 'ACTIVE');
INSERT INTO employee (id, specialization) VALUES (141, 'PHYSICAL_THERAPIST');
INSERT INTO _user (created_at, id, email, first_name, last_name, password, role, status) VALUES ('2023-09-17T20:08', 142, 'ivan.hrženjak@outlook.com', 'Ivan', 'Hrženjak', '$2a$12$MlnyH21ePO39K3ufi9qxO.MXpbIJqThmjnuR0J8mqqhxizKIeqeC6', 'STAFF', 'ACTIVE');
INSERT INTO employee (id, specialization) VALUES (142, 'PHYSICAL_THERAPIST');
INSERT INTO _user (created_at, id, email, first_name, last_name, password, role, status) VALUES ('2023-03-09T04:17', 143, 'eugen.turković@yahoo.com', 'Eugen', 'Turković', '$2a$12$MlnyH21ePO39K3ufi9qxO.MXpbIJqThmjnuR0J8mqqhxizKIeqeC6', 'STAFF', 'ACTIVE');
INSERT INTO employee (id, specialization) VALUES (143, 'PHYSICAL_THERAPIST');
INSERT INTO _user (created_at, id, email, first_name, last_name, password, role, status) VALUES ('2023-09-13T22:26', 144, 'miro.balić@icloud.com', 'Miro', 'Balić', '$2a$12$MlnyH21ePO39K3ufi9qxO.MXpbIJqThmjnuR0J8mqqhxizKIeqeC6', 'STAFF', 'ACTIVE');
INSERT INTO employee (id, specialization) VALUES (144, 'PHYSICAL_THERAPIST');
INSERT INTO _user (created_at, id, email, first_name, last_name, password, role, status) VALUES ('2023-08-14T03:25', 145, 'nediljko.kordić@yahoo.com', 'Nediljko', 'Kordić', '$2a$12$MlnyH21ePO39K3ufi9qxO.MXpbIJqThmjnuR0J8mqqhxizKIeqeC6', 'STAFF', 'ACTIVE');
INSERT INTO employee (id, specialization) VALUES (145, 'PHYSICAL_THERAPIST');
INSERT INTO _user (created_at, id, email, first_name, last_name, password, role, status) VALUES ('2022-10-10T21:36', 146, 'božidar.jelić@outlook.com', 'Božidar', 'Jelić', '$2a$12$MlnyH21ePO39K3ufi9qxO.MXpbIJqThmjnuR0J8mqqhxizKIeqeC6', 'STAFF', 'ACTIVE');
INSERT INTO employee (id, specialization) VALUES (146, 'PHYSICAL_THERAPIST');
INSERT INTO _user (created_at, id, email, first_name, last_name, password, role, status) VALUES ('2023-12-28T18:21', 147, 'eduard.matijević@outlook.com', 'Eduard', 'Matijević', '$2a$12$MlnyH21ePO39K3ufi9qxO.MXpbIJqThmjnuR0J8mqqhxizKIeqeC6', 'STAFF', 'ACTIVE');
INSERT INTO employee (id, specialization) VALUES (147, 'THERMOTHERAPIST');
INSERT INTO _user (created_at, id, email, first_name, last_name, password, role, status) VALUES ('2022-10-08T23:50', 148, 'nedjeljko.đurđević@outlook.com', 'Nedjeljko', 'Đurđević', '$2a$12$MlnyH21ePO39K3ufi9qxO.MXpbIJqThmjnuR0J8mqqhxizKIeqeC6', 'STAFF', 'ACTIVE');
INSERT INTO employee (id, specialization) VALUES (148, 'PHYSICAL_THERAPIST');
INSERT INTO _user (created_at, id, email, first_name, last_name, password, role, status) VALUES ('2023-09-25T13:43', 149, 'leo.crnković@outlook.com', 'Leo', 'Crnković', '$2a$12$MlnyH21ePO39K3ufi9qxO.MXpbIJqThmjnuR0J8mqqhxizKIeqeC6', 'STAFF', 'ACTIVE');
INSERT INTO employee (id, specialization) VALUES (149, 'CRYOTHERAPIST');
INSERT INTO _user (created_at, id, email, first_name, last_name, password, role, status) VALUES ('2022-10-02T08:56', 150, 'bernard.duvnjak@gmail.com', 'Bernard', 'Duvnjak', '$2a$12$MlnyH21ePO39K3ufi9qxO.MXpbIJqThmjnuR0J8mqqhxizKIeqeC6', 'STAFF', 'ACTIVE');
INSERT INTO employee (id, specialization) VALUES (150, 'CRYOTHERAPIST');

INSERT INTO equipment (capacity, id, name, specialization, room_name, description) VALUES (5, 1, 'Gym', 'PHYSICAL_THERAPIST', 'Physiotherapy Suite', 'This gym is equipped for physical therapy and is likely to include a variety of exercise equipment such as treadmills, stationary bikes, free weights, and resistance bands. It is designed to accommodate physical rehabilitation needs, strength training, and flexibility exercises under the guidance of a physical therapist.'); --physical therapy
INSERT INTO equipment (capacity, id, name, specialization, room_name, description) VALUES (3, 2, 'Electrical Muscle Stimulation unit', 'ELECTROTHERAPIST', 'Electrotherapy Zone', 'The EMS unit is a device used by electrotherapists to deliver electrical impulses to stimulate muscle contractions. It''s often used in rehabilitation after injury, for pain relief, or even in muscle strengthening and training. The unit''s settings can be adjusted for intensity and frequency to suit individual patient needs.');
INSERT INTO equipment (capacity, id, name, specialization, room_name, description) VALUES (3, 3, 'Cryotherapy machine', 'CRYOTHERAPIST', 'CryoRecovery Room', 'This machine is used for cryotherapy, involving exposure to extremely cold temperatures for a few minutes. Cryotherapy can reduce inflammation, pain, and muscle spasms and is often used in sports medicine and recovery therapy. The cryotherapy machine could be a full-body chamber or localized treatment device.');
INSERT INTO equipment (capacity, id, name, specialization, room_name, description) VALUES (2, 4, 'Hydrotherapy pool', 'HYDROTHERAPIST', 'Hydro Rehab Pool', 'A hydrotherapy pool is designed for therapeutic exercises in a water-based environment. The buoyancy, resistance, and warmth of the water can help in pain relief, improving joint mobility, and enhancing rehabilitation from injuries. It''s particularly beneficial for patients with arthritis, chronic pain, and neurological conditions.');
INSERT INTO equipment (capacity, id, name, specialization, room_name, description) VALUES (2, 5, 'Paraffin wax baths and infrared lamp', 'THERMOTHERAPIST', 'Thermal Wellness Space', 'This equipment is used for thermotherapy. Paraffin wax baths provide heat therapy for pain relief and to soften the skin, often used for hands and feet. They are beneficial for conditions like arthritis or fibromyalgia. The infrared lamp emits infrared light to penetrate deep into tissues, easing muscle aches, increasing circulation, and relaxing the muscles.');

--shoulder
INSERT INTO therapy_type (required_equipment_id, name, description, therapy_Code, num_of_sessions, body_part, id) VALUES (1, 'Rotator cuff tear', 'Physical therapy focuses on strengthening the shoulder muscles, improving range of motion, and reducing pain through targeted exercises.', '#5G3Y4', 12, 'shoulder', 1);
INSERT INTO therapy_type (required_equipment_id, name, description, therapy_Code, num_of_sessions, body_part, id) VALUES (1, 'Frozen shoulder', 'Therapy aims to restore shoulder mobility through stretching and range of motion exercises.', '#7Z8V8', 10, 'shoulder', 2);

--arm
INSERT INTO therapy_type (required_equipment_id, name, description, therapy_Code, num_of_sessions, body_part, id) VALUES (1, 'Tennis elbow', 'Treatment includes strengthening forearm muscles.', '#1V2V2', 8, 'arm', 3);
INSERT INTO therapy_type (required_equipment_id, name, description, therapy_Code, num_of_sessions, body_part, id) VALUES (1, 'Golfers elbow', 'Physical therapy involves strengthening and stretching exercises for the forearm muscles and may include modalities for pain relief.', '#8I5F5', 8, 'arm', 4);
INSERT INTO therapy_type (required_equipment_id, name, description, therapy_Code, num_of_sessions, body_part, id) VALUES (1, 'Biceps tendinitis', 'Therapy focuses on strengthening the biceps and shoulder muscles while reducing inflammation through modalities.', '#4C7X3', 10, 'arm', 5);

--hand
INSERT INTO therapy_type (required_equipment_id, name, description, therapy_Code, num_of_sessions, body_part, id) VALUES (1, 'Carpal tunnel', 'Exercises to improve wrist and hand flexibility, along with techniques to relieve pressure on the median nerve.', '#1R2Y1', 8, 'hand', 6);
INSERT INTO therapy_type (required_equipment_id, name, description, therapy_Code, num_of_sessions, body_part, id) VALUES (3, 'Arthritis pain management', 'Cryotherapy helps alleviate arthritis pain by numbing the affected joints, reducing inflammation, and temporarily easing discomfort and stiffness.', '#6F6P9', 8, 'hand', 7);
INSERT INTO therapy_type (required_equipment_id, name, description, therapy_Code, num_of_sessions, body_part, id) VALUES (3, 'Tendinitis', 'Cryotherapy can be employed to reduce inflammation and alleviate pain associated with tendinitis by constricting blood vessels and diminishing tissue swelling in the affected area.', '#1G8Z3', 10, 'hand', 8);
INSERT INTO therapy_type (required_equipment_id, name, description, therapy_Code, num_of_sessions, body_part, id) VALUES (4, 'Osteoarthritis management', 'Hydrotherapy provides a low-impact environment for joint mobility exercises and pain relief, helping individuals with osteoarthritis improve joint function and reduce discomfort.', '#4D5C2', 8, 'hand', 9);
INSERT INTO therapy_type (required_equipment_id, name, description, therapy_Code, num_of_sessions, body_part, id) VALUES (5, 'Bursitis', 'Thermotherapy may be used to alleviate pain and inflammation associated with bursitis by increasing blood flow and promoting the relaxation of affected tissues, often applied through warm compresses or therapeutic ultrasound.', '#4N8P5' , 8, 'hand', 10);
INSERT INTO therapy_type (required_equipment_id, name, description, therapy_Code, num_of_sessions, body_part, id) VALUES (5, 'Rheumatoid Arthritis', 'Thermotherapy, such as paraffin wax baths, can help ease joint stiffness and reduce pain in individuals with rheumatoid arthritis by enhancing joint flexibility and reducing inflammation.', '#7R3N6', 8, 'hand', 11);

--leg
INSERT INTO therapy_type (required_equipment_id, name, description, therapy_Code, num_of_sessions, body_part, id) VALUES (1, 'ACL injury', 'Rehabilitation includes exercises to strengthen the knee and improve stability, often following surgical repair.', '#3H4O2', 16, 'leg', 12);
INSERT INTO therapy_type (required_equipment_id, name, description, therapy_Code, num_of_sessions, body_part, id) VALUES (1, 'Meniscus tear', 'Therapy emphasizes range of motion exercises and strengthening of the muscles around the knee.', '#6F2G1', 8, 'leg', 13);
INSERT INTO therapy_type (required_equipment_id, name, description, therapy_Code, num_of_sessions, body_part, id) VALUES (1, 'IT band syndrome', 'Treatment involves stretching and strengthening the IT band and hip muscles.', '#8L2Q4', 8, 'leg', 14);
INSERT INTO therapy_type (required_equipment_id, name, description, therapy_Code, num_of_sessions, body_part, id) VALUES (1, 'Shin splints', 'Rehabilitation focuses on reducing inflammation and improving lower leg strength and flexibility.', '#7P3Y5', 6, 'leg', 15);
INSERT INTO therapy_type (required_equipment_id, name, description, therapy_Code, num_of_sessions, body_part, id) VALUES (1, 'Stress fractures', 'Rest and gradual return to weight-bearing activities are essential, along with exercises to maintain bone density.', '#9M8D2', 10, 'leg', 16);
INSERT INTO therapy_type (required_equipment_id, name, description, therapy_Code, num_of_sessions, body_part, id) VALUES (1, 'Hip bursitis', 'Exercises to improve hip muscle strength and flexibility, along with modalities for pain management.', '#2T8L4', 10, 'leg', 17);

--foot
INSERT INTO therapy_type (required_equipment_id, name, description, therapy_Code, num_of_sessions, body_part, id) VALUES (1, 'Ankle sprain', 'Therapy includes balance exercises, strengthening the ankle, and improving flexibility.', '#6W1E6', 8, 'foot', 18);
INSERT INTO therapy_type (required_equipment_id, name, description, therapy_Code, num_of_sessions, body_part, id) VALUES (1, 'Plantar fasciitis ', 'Treatment involves stretching and strengthening exercises for the calf and foot muscles, along with modalities for pain relief.', '#6B5Q3', 8, 'foot', 19);
INSERT INTO therapy_type (required_equipment_id, name, description, therapy_Code, num_of_sessions, body_part, id) VALUES (1, 'Achilles tendinitis ', 'Therapy aims to strengthen the calf muscles and Achilles tendon while reducing inflammation.', '#5C3G3', 12, 'foot', 20);

--lower torso
INSERT INTO therapy_type (required_equipment_id, name, description, therapy_Code, num_of_sessions, body_part, id) VALUES (1, 'Lumbar herniated disc ', 'Physical therapy focuses on relieving pain and improving spinal stability through exercises.', '#3N4P6', 14, 'lower torso', 21);
INSERT INTO therapy_type (required_equipment_id, name, description, therapy_Code, num_of_sessions, body_part, id) VALUES (1, 'Sciatica', 'Treatment involves exercises to alleviate sciatic nerve compression and improve lumbar spine function.', '#9P1H4', 7, 'lower torso', 22);
INSERT INTO therapy_type (required_equipment_id, name, description, therapy_Code, num_of_sessions, body_part, id) VALUES (4, 'Chronic low back pain management', 'Hydrotherapy involves warm water exercises and aquatic therapy techniques to improve flexibility, reduce pain, and enhance core strength in individuals with chronic low back pain.', '#4W3F2', 10, 'lower torso', 23);

--upper torso
INSERT INTO therapy_type (required_equipment_id, name, description, therapy_Code, num_of_sessions, body_part, id) VALUES (1, 'Scoliosis', 'Therapy includes exercises to improve spinal alignment, flexibility, and muscle balance.', '#5R9N7', 8, 'upper torso', 24);
INSERT INTO therapy_type (required_equipment_id, name, description, therapy_Code, num_of_sessions, body_part, id) VALUES (1, 'Postural disorders', 'Treatment includes exercises to correct posture and improve muscle balance to relieve pain and prevent future issues.', '#8K1H7', 7, 'upper torso', 25);

--head
INSERT INTO therapy_type (required_equipment_id, name, description, therapy_Code, num_of_sessions, body_part, id) VALUES (1, 'Cervical radiculopathy ', 'Rehabilitation aims to reduce neck pain and nerve symptoms through neck exercises and modalities.', '#8G5H3', 8, 'head', 26);
INSERT INTO therapy_type (required_equipment_id, name, description, therapy_Code, num_of_sessions, body_part, id) VALUES (1, 'Whiplash', 'Physical therapy focuses on neck strengthening and range of motion exercises to alleviate pain and stiffness.', '#8H6H1', 10, 'head',27);

--any
INSERT INTO therapy_type (required_equipment_id, name, description, therapy_Code, num_of_sessions, body_part, id) VALUES (2, 'Post-Operative rehabilitation', 'EMS therapy aids in muscle activation and circulation for post-operative patients, helping to prevent muscle atrophy and accelerate recovery through controlled electrical muscle contractions.', '#3J6K2', 12, 'any', 28);
INSERT INTO therapy_type (required_equipment_id, name, description, therapy_Code, num_of_sessions, body_part, id) VALUES (2, 'Stroke rehabilitation', 'EMS can be used to stimulate paralyzed or weakened muscles, aiding in muscle re-education and motor function recovery for stroke survivors.', '#9P3R1', 16, 'any', 29);
INSERT INTO therapy_type (required_equipment_id, name, description, therapy_Code, num_of_sessions, body_part, id) VALUES (2, 'Muscle atrophy prevention', 'EMS assists in maintaining muscle strength and mass in individuals with limited mobility, such as bedridden or immobilized patients, by providing passive muscle contractions', '#2J6Z7', 8, 'any', 30);
INSERT INTO therapy_type (required_equipment_id, name, description, therapy_Code, num_of_sessions, body_part, id) VALUES (2, 'Chronic pain management', 'EMS therapy can help manage chronic pain conditions by stimulating endorphin release, reducing pain perception, and improving blood circulation in targeted areas.', '#7X4N5', 6, 'any', 31);
INSERT INTO therapy_type (required_equipment_id, name, description, therapy_Code, num_of_sessions, body_part, id) VALUES (3, 'Post-Operative swelling minimization', 'Cryotherapy involves the application of cold therapy to reduce post-operative swelling and inflammation, promoting faster healing and pain relief.', '#5M8P4', 6, 'any', 32);
INSERT INTO therapy_type (required_equipment_id, name, description, therapy_Code, num_of_sessions, body_part, id) VALUES (3, 'Acute sports injury', 'Cryotherapy is used immediately after an acute sports injury to minimize swelling, numb the area, and provide pain relief while facilitating faster recovery.', '#5Z9B5', 8, 'any', 33);
INSERT INTO therapy_type (required_equipment_id, name, description, therapy_Code, num_of_sessions, body_part, id) VALUES (4, 'Post-Stroke rehabilitation', 'Hydrotherapy offers a supportive and buoyant environment for stroke survivors to work on regaining ', '#8D2H9', 16, 'any', 34);
INSERT INTO therapy_type (required_equipment_id, name, description, therapy_Code, num_of_sessions, body_part, id) VALUES (4, 'Post-Operative Rehabilitation', 'Hydrotherapy can aid in the recovery process after surgery by offering a gentle way to regain mobility, reduce swelling, and improve overall conditioning through aquatic exercises and controlled movements in warm water.', '#5I9K8', 12, 'any', 35);
INSERT INTO therapy_type (required_equipment_id, name, description, therapy_Code, num_of_sessions, body_part, id) VALUES (5, 'Muscle spasms and tension management', 'Thermotherapy in a wax bath involves immersing affected muscles in warm wax to relax and soothe muscle spasms, reduce tension, and promote blood flow for pain relief.', '#6L2M9', 6, 'any', 36);
INSERT INTO therapy_type (required_equipment_id, name, description, therapy_Code, num_of_sessions, body_part, id) VALUES (5, 'Chronic muscle pain management', 'Regular heat therapy, including hot baths, warm packs, or infrared heat, may be part of a comprehensive pain management strategy for chronic muscle pain, providing temporary relief and improving muscle relaxation.', '#2K6H8', 7, 'any', 37);


INSERT INTO health_referral (health_referral_id, hlkid, mbo, therapy_code) VALUES ('DGC_804133', 'HR156385', '127314835', '#1G8Z3');
INSERT INTO health_referral (health_referral_id, hlkid, mbo, therapy_code) VALUES ('DGC_981149', 'HR279458', '641458599', '#6F2G1');
INSERT INTO health_referral (health_referral_id, hlkid, mbo, therapy_code) VALUES ('DGC_315407', 'HR137727', '262399953', '#6W1E6');
INSERT INTO health_referral (health_referral_id, hlkid, mbo, therapy_code) VALUES ('DGC_206986', 'HR266719', '395678258', '#5M8P4');
INSERT INTO health_referral (health_referral_id, hlkid, mbo, therapy_code) VALUES ('DGC_655284', 'HR057036', '570449780', '#1R2Y1'); --inactive, 5
INSERT INTO health_referral (health_referral_id, hlkid, mbo, therapy_code) VALUES ('DGC_975238', 'HR281063', '703049599', '#5C3G3');
INSERT INTO health_referral (health_referral_id, hlkid, mbo, therapy_code) VALUES ('DGC_803043', 'HR138609', '366673053', '#2K6H8');
INSERT INTO health_referral (health_referral_id, hlkid, mbo, therapy_code) VALUES ('DGC_143461', 'HR228995', '007499770', '#6W1E6');
INSERT INTO health_referral (health_referral_id, hlkid, mbo, therapy_code) VALUES ('DGC_474678', 'HR186108', '885070898', '#5C3G3'); --inactive, 9
INSERT INTO health_referral (health_referral_id, hlkid, mbo, therapy_code) VALUES ('DGC_046307', 'HR078889', '222533668', '#4C7X3');
INSERT INTO health_referral (health_referral_id, hlkid, mbo, therapy_code) VALUES ('DGC_082792', 'HR141776', '997102585', '#2J6Z7');
INSERT INTO health_referral (health_referral_id, hlkid, mbo, therapy_code) VALUES ('DGC_318799', 'HR206931', '830282320', '#8K1H7');
INSERT INTO health_referral (health_referral_id, hlkid, mbo, therapy_code) VALUES ('DGC_557448', 'HR166145', '783009836', '#4D5C2'); --inactive, 13
INSERT INTO health_referral (health_referral_id, hlkid, mbo, therapy_code) VALUES ('DGC_333104', 'HR178606', '287582552', '#9P3R1');
INSERT INTO health_referral (health_referral_id, hlkid, mbo, therapy_code) VALUES ('DGC_811358', 'HR176047', '996584942', '#4N8P5');
INSERT INTO health_referral (health_referral_id, hlkid, mbo, therapy_code) VALUES ('DGC_525352', 'HR208092', '894637165', '#2T8L4');
INSERT INTO health_referral (health_referral_id, hlkid, mbo, therapy_code) VALUES ('DGC_658381', 'HR075665', '184854123', '#6F6P9');
INSERT INTO health_referral (health_referral_id, hlkid, mbo, therapy_code) VALUES ('DGC_201181', 'HR059904', '647626808', '#2K6H8');
INSERT INTO health_referral (health_referral_id, hlkid, mbo, therapy_code) VALUES ('DGC_699572', 'HR227120', '687876463', '#1V2V2');
INSERT INTO health_referral (health_referral_id, hlkid, mbo, therapy_code) VALUES ('DGC_293370', 'HR294139', '582028798', '#4C7X3');
INSERT INTO health_referral (health_referral_id, hlkid, mbo, therapy_code) VALUES ('DGC_711056', 'HR003239', '109472194', '#1V2V2');
INSERT INTO health_referral (health_referral_id, hlkid, mbo, therapy_code) VALUES ('DGC_615371', 'HR021862', '340945232', '#1G8Z3');
INSERT INTO health_referral (health_referral_id, hlkid, mbo, therapy_code) VALUES ('DGC_082767', 'HR188550', '688757548', '#2J6Z7');
INSERT INTO health_referral (health_referral_id, hlkid, mbo, therapy_code) VALUES ('DGC_550430', 'HR192397', '271017030', '#8D2H9');
INSERT INTO health_referral (health_referral_id, hlkid, mbo, therapy_code) VALUES ('DGC_723486', 'HR207573', '983725877', '#5R9N7');
INSERT INTO health_referral (health_referral_id, hlkid, mbo, therapy_code) VALUES ('DGC_755965', 'HR281670', '546818077', '#8G5H3');
INSERT INTO health_referral (health_referral_id, hlkid, mbo, therapy_code) VALUES ('DGC_785519', 'HR166928', '130104982', '#1G8Z3');
INSERT INTO health_referral (health_referral_id, hlkid, mbo, therapy_code) VALUES ('DGC_802230', 'HR173886', '168809794', '#4C7X3'); --inactive, 28
INSERT INTO health_referral (health_referral_id, hlkid, mbo, therapy_code) VALUES ('DGC_263858', 'HR197341', '829908366', '#9P1H4');
INSERT INTO health_referral (health_referral_id, hlkid, mbo, therapy_code) VALUES ('DGC_032892', 'HR256151', '621073616', '#6F6P9');
INSERT INTO health_referral (health_referral_id, hlkid, mbo, therapy_code) VALUES ('DGC_939779', 'HR149682', '524506508', '#6W1E6');
INSERT INTO health_referral (health_referral_id, hlkid, mbo, therapy_code) VALUES ('DGC_438761', 'HR093216', '647526618', '#8H6H1');
INSERT INTO health_referral (health_referral_id, hlkid, mbo, therapy_code) VALUES ('DGC_947413', 'HR083114', '328434825', '#8I5F5');
INSERT INTO health_referral (health_referral_id, hlkid, mbo, therapy_code) VALUES ('DGC_334343', 'HR189198', '487040210', '#7Z8V8');
INSERT INTO health_referral (health_referral_id, hlkid, mbo, therapy_code) VALUES ('DGC_357341', 'HR156795', '789610460', '#3H4O2');
INSERT INTO health_referral (health_referral_id, hlkid, mbo, therapy_code) VALUES ('DGC_485193', 'HR220013', '060338040', '#1G8Z3');
INSERT INTO health_referral (health_referral_id, hlkid, mbo, therapy_code) VALUES ('DGC_792409', 'HR099012', '549559652', '#4W3F2'); --inactive, 37
INSERT INTO health_referral (health_referral_id, hlkid, mbo, therapy_code) VALUES ('DGC_663757', 'HR079038', '144089064', '#2K6H8');
INSERT INTO health_referral (health_referral_id, hlkid, mbo, therapy_code) VALUES ('DGC_927865', 'HR171497', '298821773', '#6L2M9');
INSERT INTO health_referral (health_referral_id, hlkid, mbo, therapy_code) VALUES ('DGC_992911', 'HR191095', '152538121', '#5G3Y4');
INSERT INTO health_referral (health_referral_id, hlkid, mbo, therapy_code) VALUES ('DGC_174860', 'HR101241', '357274909', '#7P3Y5'); --inactive, 41
INSERT INTO health_referral (health_referral_id, hlkid, mbo, therapy_code) VALUES ('DGC_895655', 'HR236883', '496379712', '#2J6Z7'); --inactive, 42
INSERT INTO health_referral (health_referral_id, hlkid, mbo, therapy_code) VALUES ('DGC_331865', 'HR272039', '205239269', '#8K1H7');
INSERT INTO health_referral (health_referral_id, hlkid, mbo, therapy_code) VALUES ('DGC_735461', 'HR253216', '293300548', '#9P3R1'); --inactive, 44
INSERT INTO health_referral (health_referral_id, hlkid, mbo, therapy_code) VALUES ('DGC_062131', 'HR202753', '729319666', '#6F2G1');
INSERT INTO health_referral (health_referral_id, hlkid, mbo, therapy_code) VALUES ('DGC_852503', 'HR203570', '592119574', '#6F2G1');
INSERT INTO health_referral (health_referral_id, hlkid, mbo, therapy_code) VALUES ('DGC_618432', 'HR146238', '486030104', '#8I5F5');
INSERT INTO health_referral (health_referral_id, hlkid, mbo, therapy_code) VALUES ('DGC_858670', 'HR148866', '031802162', '#5G3Y4');
INSERT INTO health_referral (health_referral_id, hlkid, mbo, therapy_code) VALUES ('DGC_743761', 'HR254215', '083106320', '#7Z8V8');
INSERT INTO health_referral (health_referral_id, hlkid, mbo, therapy_code) VALUES ('DGC_197254', 'HR241012', '040817795', '#2T8L4');
INSERT INTO health_referral (health_referral_id, hlkid, mbo, therapy_code) VALUES ('DGC_978113', 'HR127284', '898053300', '#7X4N5');
INSERT INTO health_referral (health_referral_id, hlkid, mbo, therapy_code) VALUES ('DGC_061745', 'HR257390', '211725750', '#6L2M9');
INSERT INTO health_referral (health_referral_id, hlkid, mbo, therapy_code) VALUES ('DGC_077370', 'HR209518', '757015785', '#5C3G3');
INSERT INTO health_referral (health_referral_id, hlkid, mbo, therapy_code) VALUES ('DGC_273730', 'HR244457', '687315538', '#8D2H9');
INSERT INTO health_referral (health_referral_id, hlkid, mbo, therapy_code) VALUES ('DGC_659029', 'HR165683', '220854889', '#8K1H7');
INSERT INTO health_referral (health_referral_id, hlkid, mbo, therapy_code) VALUES ('DGC_984135', 'HR179318', '832106460', '#5R9N7');
INSERT INTO health_referral (health_referral_id, hlkid, mbo, therapy_code) VALUES ('DGC_828273', 'HR117643', '472254491', '#4D5C2');
INSERT INTO health_referral (health_referral_id, hlkid, mbo, therapy_code) VALUES ('DGC_834389', 'HR167513', '753883734', '#8K1H7');
INSERT INTO health_referral (health_referral_id, hlkid, mbo, therapy_code) VALUES ('DGC_768614', 'HR002936', '542597712', '#7Z8V8');
INSERT INTO health_referral (health_referral_id, hlkid, mbo, therapy_code) VALUES ('DGC_570104', 'HR247206', '446312410', '#2K6H8');
INSERT INTO health_referral (health_referral_id, hlkid, mbo, therapy_code) VALUES ('DGC_174545', 'HR217559', '881144857', '#9P3R1');
INSERT INTO health_referral (health_referral_id, hlkid, mbo, therapy_code) VALUES ('DGC_476584', 'HR099789', '295052546', '#4N8P5');
INSERT INTO health_referral (health_referral_id, hlkid, mbo, therapy_code) VALUES ('DGC_734300', 'HR149875', '483949569', '#4N8P5');
INSERT INTO health_referral (health_referral_id, hlkid, mbo, therapy_code) VALUES ('DGC_664416', 'HR166985', '945884447', '#7R3N6');
INSERT INTO health_referral (health_referral_id, hlkid, mbo, therapy_code) VALUES ('DGC_362601', 'HR220950', '867821280', '#6B5Q3');
INSERT INTO health_referral (health_referral_id, hlkid, mbo, therapy_code) VALUES ('DGC_811935', 'HR274010', '423171818', '#7P3Y5');
INSERT INTO health_referral (health_referral_id, hlkid, mbo, therapy_code) VALUES ('DGC_410950', 'HR214247', '105842753', '#3J6K2'); --inactive, 67
INSERT INTO health_referral (health_referral_id, hlkid, mbo, therapy_code) VALUES ('DGC_961207', 'HR260980', '268198841', '#9M8D2');
INSERT INTO health_referral (health_referral_id, hlkid, mbo, therapy_code) VALUES ('DGC_872954', 'HR063194', '655587267', '#3J6K2'); --inactive, 69
INSERT INTO health_referral (health_referral_id, hlkid, mbo, therapy_code) VALUES ('DGC_603226', 'HR233957', '498887923', '#8H6H1'); --inactive, 70
INSERT INTO health_referral (health_referral_id, hlkid, mbo, therapy_code) VALUES ('DGC_446159', 'HR015375', '144163333', '#7P3Y5'); --inactive, 71
INSERT INTO health_referral (health_referral_id, hlkid, mbo, therapy_code) VALUES ('DGC_999657', 'HR149344', '317874748', '#2T8L4');
INSERT INTO health_referral (health_referral_id, hlkid, mbo, therapy_code) VALUES ('DGC_516218', 'HR279345', '024527729', '#5G3Y4');
INSERT INTO health_referral (health_referral_id, hlkid, mbo, therapy_code) VALUES ('DGC_651818', 'HR158660', '561805012', '#6F2G1');
INSERT INTO health_referral (health_referral_id, hlkid, mbo, therapy_code) VALUES ('DGC_900573', 'HR073594', '178177368', '#6F6P9');
INSERT INTO health_referral (health_referral_id, hlkid, mbo, therapy_code) VALUES ('DGC_642910', 'HR209778', '027083702', '#5Z9B5');
INSERT INTO health_referral (health_referral_id, hlkid, mbo, therapy_code) VALUES ('DGC_271544', 'HR221686', '441424433', '#4D5C2');
INSERT INTO health_referral (health_referral_id, hlkid, mbo, therapy_code) VALUES ('DGC_158510', 'HR187852', '808880890', '#7R3N6');
INSERT INTO health_referral (health_referral_id, hlkid, mbo, therapy_code) VALUES ('DGC_162270', 'HR198297', '289625367', '#3N4P6');
INSERT INTO health_referral (health_referral_id, hlkid, mbo, therapy_code) VALUES ('DGC_385828', 'HR155147', '211854516', '#5C3G3'); --inactive, 80
INSERT INTO health_referral (health_referral_id, hlkid, mbo, therapy_code) VALUES ('DGC_474635', 'HR290076', '008301823', '#1V2V2');
INSERT INTO health_referral (health_referral_id, hlkid, mbo, therapy_code) VALUES ('DGC_335644', 'HR258315', '517334661', '#6B5Q3');
INSERT INTO health_referral (health_referral_id, hlkid, mbo, therapy_code) VALUES ('DGC_252620', 'HR271302', '579332964', '#1V2V2');
INSERT INTO health_referral (health_referral_id, hlkid, mbo, therapy_code) VALUES ('DGC_862892', 'HR097978', '266588725', '#6W1E6');
INSERT INTO health_referral (health_referral_id, hlkid, mbo, therapy_code) VALUES ('DGC_951943', 'HR255589', '978324426', '#3H4O2');
INSERT INTO health_referral (health_referral_id, hlkid, mbo, therapy_code) VALUES ('DGC_806224', 'HR248063', '535097712', '#3N4P6');
INSERT INTO health_referral (health_referral_id, hlkid, mbo, therapy_code) VALUES ('DGC_487732', 'HR050325', '512765038', '#7Z8V8');
INSERT INTO health_referral (health_referral_id, hlkid, mbo, therapy_code) VALUES ('DGC_398236', 'HR047661', '119690400', '#3H4O2'); --inactive, 88
INSERT INTO health_referral (health_referral_id, hlkid, mbo, therapy_code) VALUES ('DGC_667327', 'HR018133', '908235059', '#5C3G3');

INSERT INTO therapy (id, patient_id, therapy_type_id, therapy_status, request_date) VALUES (1, 73, 8, 'VERIFIED', '2023-12-31T19:06');
INSERT INTO therapy (id, patient_id, therapy_type_id, therapy_status, request_date) VALUES (2, 71, 13, 'VERIFIED', '2023-12-31T08:19');
INSERT INTO therapy (id, patient_id, therapy_type_id, therapy_status, request_date) VALUES (3, 44, 18, 'VERIFIED', '2023-12-26T11:44');
INSERT INTO therapy (id, patient_id, therapy_type_id, therapy_status, request_date) VALUES (4, 85, 32, 'VERIFIED', '2024-01-03T19:57');
INSERT INTO therapy (id, patient_id, therapy_type_id, therapy_status, request_date) VALUES (5, 16, 6, 'DECLINED', '2023-12-29T15:05');
INSERT INTO therapy (id, patient_id, therapy_type_id, therapy_status, request_date) VALUES (6, 11, 20, 'VERIFIED', '2024-01-04T14:02');
INSERT INTO therapy (id, patient_id, therapy_type_id, therapy_status, request_date) VALUES (7, 99, 37, 'VERIFIED', '2024-01-04T12:28');
INSERT INTO therapy (id, patient_id, therapy_type_id, therapy_status, request_date) VALUES (8, 2, 18, 'VERIFIED', '2024-01-12T09:26');
INSERT INTO therapy (id, patient_id, therapy_type_id, therapy_status, request_date) VALUES (9, 66, 20, 'DECLINED', '2023-12-23T19:15');
INSERT INTO therapy (id, patient_id, therapy_type_id, therapy_status, request_date) VALUES (10, 33, 5, 'VERIFIED', '2023-12-18T12:55');
INSERT INTO therapy (id, patient_id, therapy_type_id, therapy_status, request_date) VALUES (11, 67, 30, 'VERIFIED', '2023-12-26T13:26');
INSERT INTO therapy (id, patient_id, therapy_type_id, therapy_status, request_date) VALUES (12, 10, 25, 'VERIFIED', '2023-12-17T13:29');
INSERT INTO therapy (id, patient_id, therapy_type_id, therapy_status, request_date) VALUES (13, 24, 9, 'DECLINED', '2023-12-21T14:35');
INSERT INTO therapy (id, patient_id, therapy_type_id, therapy_status, request_date) VALUES (14, 80, 29, 'VERIFIED', '2024-01-01T11:40');
INSERT INTO therapy (id, patient_id, therapy_type_id, therapy_status, request_date) VALUES (15, 46, 10, 'VERIFIED', '2024-01-01T19:52');
INSERT INTO therapy (id, patient_id, therapy_type_id, therapy_status, request_date) VALUES (16, 43, 17, 'PENDING', '2024-01-16T17:42');
INSERT INTO therapy (id, patient_id, therapy_type_id, therapy_status, request_date) VALUES (17, 74, 7, 'PENDING', '2024-01-17T09:48');
INSERT INTO therapy (id, patient_id, therapy_type_id, therapy_status, request_date) VALUES (18, 87, 37, 'VERIFIED', '2023-12-18T19:20');
INSERT INTO therapy (id, patient_id, therapy_type_id, therapy_status, request_date) VALUES (19, 48, 3, 'VERIFIED', '2023-12-29T15:18');
INSERT INTO therapy (id, patient_id, therapy_type_id, therapy_status, request_date) VALUES (20, 27, 5, 'VERIFIED', '2023-12-22T13:48');
INSERT INTO therapy (id, patient_id, therapy_type_id, therapy_status, request_date) VALUES (21, 36, 3, 'VERIFIED', '2024-01-08T16:15');
INSERT INTO therapy (id, patient_id, therapy_type_id, therapy_status, request_date) VALUES (22, 6, 8, 'VERIFIED', '2023-12-27T13:18');
INSERT INTO therapy (id, patient_id, therapy_type_id, therapy_status, request_date) VALUES (23, 5, 30, 'VERIFIED', '2024-01-03T17:16');
INSERT INTO therapy (id, patient_id, therapy_type_id, therapy_status, request_date) VALUES (24, 101, 34, 'VERIFIED', '2024-01-09T10:21');
INSERT INTO therapy (id, patient_id, therapy_type_id, therapy_status, request_date) VALUES (25, 70, 24, 'VERIFIED', '2023-12-20T18:42');
INSERT INTO therapy (id, patient_id, therapy_type_id, therapy_status, request_date) VALUES (26, 69, 26, 'VERIFIED', '2024-01-06T10:13');
INSERT INTO therapy (id, patient_id, therapy_type_id, therapy_status, request_date) VALUES (27, 96, 8, 'VERIFIED', '2023-12-29T19:39');
INSERT INTO therapy (id, patient_id, therapy_type_id, therapy_status, request_date) VALUES (28, 38, 5, 'DECLINED', '2024-01-04T08:18');
INSERT INTO therapy (id, patient_id, therapy_type_id, therapy_status, request_date) VALUES (29, 103, 22, 'VERIFIED', '2024-01-14T14:47');
INSERT INTO therapy (id, patient_id, therapy_type_id, therapy_status, request_date) VALUES (30, 25, 7, 'VERIFIED', '2024-01-06T15:28');
INSERT INTO therapy (id, patient_id, therapy_type_id, therapy_status, request_date) VALUES (31, 98, 18, 'VERIFIED', '2024-01-09T17:14');
INSERT INTO therapy (id, patient_id, therapy_type_id, therapy_status, request_date) VALUES (32, 7, 27, 'VERIFIED', '2024-01-01T09:16');
INSERT INTO therapy (id, patient_id, therapy_type_id, therapy_status, request_date) VALUES (33, 105, 4, 'VERIFIED', '2023-12-20T18:22');
INSERT INTO therapy (id, patient_id, therapy_type_id, therapy_status, request_date) VALUES (34, 21, 2, 'VERIFIED', '2024-01-08T14:36');
INSERT INTO therapy (id, patient_id, therapy_type_id, therapy_status, request_date) VALUES (35, 100, 12, 'VERIFIED', '2023-12-27T14:13');
INSERT INTO therapy (id, patient_id, therapy_type_id, therapy_status, request_date) VALUES (36, 3, 8, 'VERIFIED', '2023-12-29T15:51');
INSERT INTO therapy (id, patient_id, therapy_type_id, therapy_status, request_date) VALUES (37, 78, 23, 'DECLINED', '2024-01-04T19:50');
INSERT INTO therapy (id, patient_id, therapy_type_id, therapy_status, request_date) VALUES (38, 82, 37, 'PENDING', '2024-01-14T17:54');
INSERT INTO therapy (id, patient_id, therapy_type_id, therapy_status, request_date) VALUES (39, 47, 36, 'VERIFIED', '2024-01-04T17:22');
INSERT INTO therapy (id, patient_id, therapy_type_id, therapy_status, request_date) VALUES (40, 14, 1, 'VERIFIED', '2024-01-09T19:46');
INSERT INTO therapy (id, patient_id, therapy_type_id, therapy_status, request_date) VALUES (41, 50, 15, 'DECLINED', '2024-01-18T11:52');
INSERT INTO therapy (id, patient_id, therapy_type_id, therapy_status, request_date) VALUES (42, 76, 30, 'DECLINED', '2024-01-12T19:00');
INSERT INTO therapy (id, patient_id, therapy_type_id, therapy_status, request_date) VALUES (43, 8, 25, 'VERIFIED', '2024-01-04T17:40');
INSERT INTO therapy (id, patient_id, therapy_type_id, therapy_status, request_date) VALUES (44, 97, 29, 'DECLINED', '2023-12-30T15:07');
INSERT INTO therapy (id, patient_id, therapy_type_id, therapy_status, request_date) VALUES (45, 51, 13, 'PENDING', '2024-01-18T11:52');
INSERT INTO therapy (id, patient_id, therapy_type_id, therapy_status, request_date) VALUES (46, 91, 13, 'VERIFIED', '2023-12-23T15:28');
INSERT INTO therapy (id, patient_id, therapy_type_id, therapy_status, request_date) VALUES (47, 12, 4, 'VERIFIED', '2023-12-31T14:44');
INSERT INTO therapy (id, patient_id, therapy_type_id, therapy_status, request_date) VALUES (48, 72, 1, 'VERIFIED', '2024-01-03T19:50');
INSERT INTO therapy (id, patient_id, therapy_type_id, therapy_status, request_date) VALUES (49, 89, 2, 'VERIFIED', '2023-12-15T19:21');
INSERT INTO therapy (id, patient_id, therapy_type_id, therapy_status, request_date) VALUES (50, 13, 17, 'VERIFIED', '2023-12-22T16:32');
INSERT INTO therapy (id, patient_id, therapy_type_id, therapy_status, request_date) VALUES (51, 40, 31, 'VERIFIED', '2023-12-23T17:07');
INSERT INTO therapy (id, patient_id, therapy_type_id, therapy_status, request_date) VALUES (52, 41, 36, 'VERIFIED', '2024-01-02T17:04');
INSERT INTO therapy (id, patient_id, therapy_type_id, therapy_status, request_date) VALUES (53, 26, 20, 'VERIFIED', '2023-12-23T16:25');
INSERT INTO therapy (id, patient_id, therapy_type_id, therapy_status, request_date) VALUES (54, 15, 34, 'VERIFIED', '2024-01-09T15:09');
INSERT INTO therapy (id, patient_id, therapy_type_id, therapy_status, request_date) VALUES (55, 34, 25, 'VERIFIED', '2023-12-28T15:06');
INSERT INTO therapy (id, patient_id, therapy_type_id, therapy_status, request_date) VALUES (56, 75, 24, 'VERIFIED', '2024-01-01T18:04');
INSERT INTO therapy (id, patient_id, therapy_type_id, therapy_status, request_date) VALUES (57, 93, 9, 'VERIFIED', '2023-12-26T13:38');
INSERT INTO therapy (id, patient_id, therapy_type_id, therapy_status, request_date) VALUES (58, 102, 25, 'VERIFIED', '2023-12-22T08:28');
INSERT INTO therapy (id, patient_id, therapy_type_id, therapy_status, request_date) VALUES (59, 68, 2, 'VERIFIED', '2024-01-07T15:51');
INSERT INTO therapy (id, patient_id, therapy_type_id, therapy_status, request_date) VALUES (60, 84, 37, 'PENDING', '2024-01-17T09:19');
INSERT INTO therapy (id, patient_id, therapy_type_id, therapy_status, request_date) VALUES (61, 23, 29, 'VERIFIED', '2024-01-01T11:37');
INSERT INTO therapy (id, patient_id, therapy_type_id, therapy_status, request_date) VALUES (62, 30, 10, 'VERIFIED', '2023-12-29T16:28');
INSERT INTO therapy (id, patient_id, therapy_type_id, therapy_status, request_date) VALUES (63, 86, 10, 'PENDING', '2024-01-17T09:42');
INSERT INTO therapy (id, patient_id, therapy_type_id, therapy_status, request_date) VALUES (64, 49, 11, 'VERIFIED', '2023-12-27T18:09');
INSERT INTO therapy (id, patient_id, therapy_type_id, therapy_status, request_date) VALUES (65, 90, 19, 'VERIFIED', '2023-12-23T08:26');
INSERT INTO therapy (id, patient_id, therapy_type_id, therapy_status, request_date) VALUES (66, 92, 15, 'VERIFIED', '2023-12-15T16:52');
INSERT INTO therapy (id, patient_id, therapy_type_id, therapy_status, request_date) VALUES (67, 94, 28, 'DECLINED', '2024-01-17T12:29');
INSERT INTO therapy (id, patient_id, therapy_type_id, therapy_status, request_date) VALUES (68, 79, 16, 'VERIFIED', '2024-01-09T09:44');
INSERT INTO therapy (id, patient_id, therapy_type_id, therapy_status, request_date) VALUES (69, 37, 28, 'DECLINED', '2023-12-31T15:01');
INSERT INTO therapy (id, patient_id, therapy_type_id, therapy_status, request_date) VALUES (70, 83, 27, 'DECLINED', '2024-01-03T19:25');
INSERT INTO therapy (id, patient_id, therapy_type_id, therapy_status, request_date) VALUES (71, 88, 15, 'DECLINED', '2024-01-05T12:49');
INSERT INTO therapy (id, patient_id, therapy_type_id, therapy_status, request_date) VALUES (72, 18, 17, 'VERIFIED', '2023-12-26T14:52');
INSERT INTO therapy (id, patient_id, therapy_type_id, therapy_status, request_date) VALUES (73, 4, 1, 'VERIFIED', '2024-01-07T10:32');
INSERT INTO therapy (id, patient_id, therapy_type_id, therapy_status, request_date) VALUES (74, 35, 13, 'VERIFIED', '2023-12-27T15:50');
INSERT INTO therapy (id, patient_id, therapy_type_id, therapy_status, request_date) VALUES (75, 22, 7, 'VERIFIED', '2024-01-10T09:30');
INSERT INTO therapy (id, patient_id, therapy_type_id, therapy_status, request_date) VALUES (76, 39, 33, 'VERIFIED', '2023-12-26T16:58');
INSERT INTO therapy (id, patient_id, therapy_type_id, therapy_status, request_date) VALUES (77, 45, 9, 'VERIFIED', '2024-01-14T12:50');
INSERT INTO therapy (id, patient_id, therapy_type_id, therapy_status, request_date) VALUES (78, 104, 11, 'VERIFIED', '2024-01-13T14:35');
INSERT INTO therapy (id, patient_id, therapy_type_id, therapy_status, request_date) VALUES (79, 19, 21, 'VERIFIED', '2024-01-07T13:39');
INSERT INTO therapy (id, patient_id, therapy_type_id, therapy_status, request_date) VALUES (80, 28, 20, 'DECLINED', '2024-01-09T13:28');
INSERT INTO therapy (id, patient_id, therapy_type_id, therapy_status, request_date) VALUES (81, 17, 3, 'VERIFIED', '2023-12-16T14:20');
INSERT INTO therapy (id, patient_id, therapy_type_id, therapy_status, request_date) VALUES (82, 95, 19, 'PENDING', '2024-01-18T16:30');
INSERT INTO therapy (id, patient_id, therapy_type_id, therapy_status, request_date) VALUES (83, 9, 3, 'VERIFIED', '2024-01-08T08:21');
INSERT INTO therapy (id, patient_id, therapy_type_id, therapy_status, request_date) VALUES (84, 77, 18, 'VERIFIED', '2024-01-04T17:48');
INSERT INTO therapy (id, patient_id, therapy_type_id, therapy_status, request_date) VALUES (85, 29, 12, 'PENDING', '2024-01-16T13:01');
INSERT INTO therapy (id, patient_id, therapy_type_id, therapy_status, request_date) VALUES (86, 20, 21, 'VERIFIED', '2023-12-31T12:42');
INSERT INTO therapy (id, patient_id, therapy_type_id, therapy_status, request_date) VALUES (87, 81, 2, 'VERIFIED', '2024-01-13T10:20');
INSERT INTO therapy (id, patient_id, therapy_type_id, therapy_status, request_date) VALUES (88, 32, 12, 'DECLINED', '2023-12-30T08:43');
INSERT INTO therapy (id, patient_id, therapy_type_id, therapy_status, request_date) VALUES (89, 42, 20, 'VERIFIED', '2023-12-21T15:49');

INSERT INTO appointment (id, date_time, employee_id, patient_id, therapy_id, session_notes) VALUES (1, '2024-01-01T17:00', 150, 73, 1, 'Began therapy with gentle stretching, pain management strategies in place.'); --#1G8Z3, 8
INSERT INTO appointment (id, date_time, employee_id, patient_id, therapy_id, session_notes) VALUES (2, '2024-01-02T17:00', 149, 73, 1, 'Slight reduction in tenderness, patient tolerating exercises well.'); --#1G8Z3, 8
INSERT INTO appointment (id, date_time, employee_id, patient_id, therapy_id, session_notes) VALUES (3, '2024-01-03T17:00', 150, 73, 1, 'Patient shows progress in pain reduction and mobility.'); --#1G8Z3, 8
INSERT INTO appointment (id, date_time, employee_id, patient_id, therapy_id, session_notes) VALUES (4, '2024-01-05T17:00', 133, 73, 1, 'Further gains in tendon strength, continuing with progressive exercises.'); --#1G8Z3, 8
INSERT INTO appointment (id, date_time, employee_id, patient_id, therapy_id, session_notes) VALUES (5, '2024-01-08T17:00', 150, 73, 1, 'Patient reports less pain during activity, improved function.'); --#1G8Z3, 8
INSERT INTO appointment (id, date_time, employee_id, patient_id, therapy_id, session_notes) VALUES (6, '2024-01-11T17:00', 150, 73, 1, 'Continued improvement, increased exercise difficulty.'); --#1G8Z3, 8
INSERT INTO appointment (id, date_time, employee_id, patient_id, therapy_id, session_notes) VALUES (7, '2024-01-12T17:00', 133, 73, 1, 'Significant reduction in symptoms, focusing on functional movements.'); --#1G8Z3, 8
INSERT INTO appointment (id, date_time, employee_id, patient_id, therapy_id, session_notes) VALUES (8, '2024-01-15T17:00', 149, 73, 1, 'Good tolerance to higher intensity exercises, minimal discomfort.'); --#1G8Z3, 8
INSERT INTO appointment (id, date_time, employee_id, patient_id, therapy_id, session_notes) VALUES (9, '2024-01-16T17:00', 149, 73, 1, 'Almost full recovery, patient performing daily tasks with ease.'); --#1G8Z3, 8
INSERT INTO appointment (id, date_time, employee_id, patient_id, therapy_id, session_notes) VALUES (10, '2024-01-17T17:00', 150, 73, 1, 'Excellent progress, patient advised on how to prevent recurrence.'); --#1G8Z3, 8
INSERT INTO appointment (id, date_time, employee_id, patient_id, therapy_id, session_notes) VALUES (11, '2024-01-04T18:00', 132, 71, 2, 'Began with basic knee mobilization, patient tolerating well.'); --#6F2G1, 13
INSERT INTO appointment (id, date_time, employee_id, patient_id, therapy_id, session_notes) VALUES (12, '2024-01-05T18:00', 132, 71, 2, 'Slight improvement in knee movement, pain management effective.'); --#6F2G1, 13
INSERT INTO appointment (id, date_time, employee_id, patient_id, therapy_id, session_notes) VALUES (13, '2024-01-08T18:00', 143, 71, 2, 'Patient shows progress in strength, introduced more dynamic exercises.'); --#6F2G1, 13
INSERT INTO appointment (id, date_time, employee_id, patient_id, therapy_id, session_notes) VALUES (14, '2024-01-10T18:00', 148, 71, 2, 'Notable improvement in knee function, reduced discomfort.'); --#6F2G1, 13
INSERT INTO appointment (id, date_time, employee_id, patient_id, therapy_id, session_notes) VALUES (15, '2024-01-11T18:00', 137, 71, 2, 'Patient able to perform daily activities with less pain.'); --#6F2G1, 13
INSERT INTO appointment (id, date_time, employee_id, patient_id, therapy_id, session_notes) VALUES (16, '2024-01-12T18:00', 126, 71, 2, 'Continued progress, focusing on knee stability.'); --#6F2G1, 13
INSERT INTO appointment (id, date_time, employee_id, patient_id, therapy_id, session_notes) VALUES (17, '2024-01-15T18:00', 126, 71, 2, 'Significant gains in knee mobility and strength.'); --#6F2G1, 13
INSERT INTO appointment (id, date_time, employee_id, patient_id, therapy_id, session_notes) VALUES (18, '2024-01-16T18:00', 139, 71, 2, 'Knee function nearly back to normal, continue with strengthening exercises.'); --#6F2G1, 13
INSERT INTO appointment (id, date_time, employee_id, patient_id, therapy_id, session_notes) VALUES (19, '2024-01-05T10:00', 148, 44, 3, 'Initiated therapy with basic ankle mobilization.'); --#6W1E6, 18
INSERT INTO appointment (id, date_time, employee_id, patient_id, therapy_id, session_notes) VALUES (20, '2024-01-08T10:00', 141, 44, 3, 'Patient reports reduced swelling and pain, improvement in stability.'); --#6W1E6, 18
INSERT INTO appointment (id, date_time, employee_id, patient_id, therapy_id, session_notes) VALUES (21, '2024-01-09T10:00', 130, 44, 3, 'Good progress, introduced balance and proprioception exercises.'); --#6W1E6, 18
INSERT INTO appointment (id, date_time, employee_id, patient_id, therapy_id, session_notes) VALUES (22, '2024-01-11T10:00', 141, 44, 3, 'Notable gains in ankle strength and mobility.'); --#6W1E6, 18
INSERT INTO appointment (id, date_time, employee_id, patient_id, therapy_id, session_notes) VALUES (23, '2024-01-15T10:00', 142, 44, 3, 'Patient able to perform daily activities with less discomfort.'); --#6W1E6, 18
INSERT INTO appointment (id, date_time, employee_id, patient_id, therapy_id, session_notes) VALUES (24, '2024-01-18T10:00', 146, 44, 3, 'Continued improvement, focusing on dynamic movements.'); --#6W1E6, 18
INSERT INTO appointment (id, date_time, employee_id, patient_id, therapy_id, session_notes) VALUES (25, '2024-01-22T10:00', 132, 44, 3, ''); --#6W1E6, 18
INSERT INTO appointment (id, date_time, employee_id, patient_id, therapy_id, session_notes) VALUES (26, '2024-01-25T10:00', 139, 44, 3, ''); --#6W1E6, 18
INSERT INTO appointment (id, date_time, employee_id, patient_id, therapy_id, session_notes) VALUES (27, '2024-01-15T11:00', 149, 85, 4, 'Initiated post-operative care, focusing on reducing swelling.'); --#5M8P4, 32
INSERT INTO appointment (id, date_time, employee_id, patient_id, therapy_id, session_notes) VALUES (28, '2024-01-18T11:00', 150, 85, 4, 'Patient shows reduction in swelling, improved comfort.'); --#5M8P4, 32
INSERT INTO appointment (id, date_time, employee_id, patient_id, therapy_id, session_notes) VALUES (29, '2024-01-22T11:00', 149, 85, 4, ''); --#5M8P4, 32
INSERT INTO appointment (id, date_time, employee_id, patient_id, therapy_id, session_notes) VALUES (30, '2024-01-24T11:00', 133, 85, 4, ''); --#5M8P4, 32
INSERT INTO appointment (id, date_time, employee_id, patient_id, therapy_id, session_notes) VALUES (31, '2024-01-29T11:00', 149, 85, 4, ''); --#5M8P4, 32
INSERT INTO appointment (id, date_time, employee_id, patient_id, therapy_id, session_notes) VALUES (32, '2024-01-31T11:00', 133, 85, 4, ''); --#5M8P4, 32
INSERT INTO appointment (id, date_time, employee_id, patient_id, therapy_id, session_notes) VALUES (33, '2024-01-05T09:00', 142, 11, 6, 'Initiated gentle calf and Achilles stretching.'); --#5C3G3, 20
INSERT INTO appointment (id, date_time, employee_id, patient_id, therapy_id, session_notes) VALUES (34, '2024-01-08T09:00', 142, 11, 6, 'Patient reports less stiffness and pain in Achilles tendon.'); --#5C3G3, 20
INSERT INTO appointment (id, date_time, employee_id, patient_id, therapy_id, session_notes) VALUES (35, '2024-01-11T09:00', 144, 11, 6, 'Good progress, increased exercise intensity for tendon strength.'); --#5C3G3, 20
INSERT INTO appointment (id, date_time, employee_id, patient_id, therapy_id, session_notes) VALUES (36, '2024-01-15T09:00', 142, 11, 6, 'Notable improvement in flexibility and pain reduction.'); --#5C3G3, 20
INSERT INTO appointment (id, date_time, employee_id, patient_id, therapy_id, session_notes) VALUES (37, '2024-01-18T09:00', 126, 11, 6, 'Patient able to engage in light jogging with minimal discomfort.'); --#5C3G3, 20
INSERT INTO appointment (id, date_time, employee_id, patient_id, therapy_id, session_notes) VALUES (38, '2024-01-22T09:00', 144, 11, 6, ''); --#5C3G3, 20
INSERT INTO appointment (id, date_time, employee_id, patient_id, therapy_id, session_notes) VALUES (39, '2024-01-23T09:00', 140, 11, 6, ''); --#5C3G3, 20
INSERT INTO appointment (id, date_time, employee_id, patient_id, therapy_id, session_notes) VALUES (40, '2024-01-24T09:00', 145, 11, 6, ''); --#5C3G3, 20
INSERT INTO appointment (id, date_time, employee_id, patient_id, therapy_id, session_notes) VALUES (41, '2024-01-25T09:00', 126, 11, 6, ''); --#5C3G3, 20
INSERT INTO appointment (id, date_time, employee_id, patient_id, therapy_id, session_notes) VALUES (42, '2024-01-29T09:00', 130, 11, 6, ''); --#5C3G3, 20
INSERT INTO appointment (id, date_time, employee_id, patient_id, therapy_id, session_notes) VALUES (43, '2024-02-01T09:00', 139, 11, 6, ''); --#5C3G3, 20
INSERT INTO appointment (id, date_time, employee_id, patient_id, therapy_id, session_notes) VALUES (44, '2024-02-05T09:00', 132, 11, 6, ''); --#5C3G3, 20
INSERT INTO appointment (id, date_time, employee_id, patient_id, therapy_id, session_notes) VALUES (45, '2024-01-19T12:00', 128, 99, 7, ''); --#2K6H8, 37
INSERT INTO appointment (id, date_time, employee_id, patient_id, therapy_id, session_notes) VALUES (46, '2024-01-22T12:00', 128, 99, 7, ''); --#2K6H8, 37
INSERT INTO appointment (id, date_time, employee_id, patient_id, therapy_id, session_notes) VALUES (47, '2024-01-25T12:00', 147, 99, 7, ''); --#2K6H8, 37
INSERT INTO appointment (id, date_time, employee_id, patient_id, therapy_id, session_notes) VALUES (48, '2024-01-29T12:00', 147, 99, 7, ''); --#2K6H8, 37
INSERT INTO appointment (id, date_time, employee_id, patient_id, therapy_id, session_notes) VALUES (49, '2024-02-01T12:00', 147, 99, 7, ''); --#2K6H8, 37
INSERT INTO appointment (id, date_time, employee_id, patient_id, therapy_id, session_notes) VALUES (50, '2024-02-02T12:00', 147, 99, 7, ''); --#2K6H8, 37
INSERT INTO appointment (id, date_time, employee_id, patient_id, therapy_id, session_notes) VALUES (51, '2024-02-05T12:00', 128, 99, 7, ''); --#2K6H8, 37
INSERT INTO appointment (id, date_time, employee_id, patient_id, therapy_id, session_notes) VALUES (52, '2024-01-12T18:00', 146, 2, 8, 'Initiated therapy with basic ankle mobilization.'); --#6W1E6, 18
INSERT INTO appointment (id, date_time, employee_id, patient_id, therapy_id, session_notes) VALUES (53, '2024-01-15T18:00', 130, 2, 8, 'Patient reports reduced swelling and pain, improvement in stability.'); --#6W1E6, 18
INSERT INTO appointment (id, date_time, employee_id, patient_id, therapy_id, session_notes) VALUES (54, '2024-01-16T18:00', 140, 2, 8, 'Good progress, introduced balance and proprioception exercises.'); --#6W1E6, 18
INSERT INTO appointment (id, date_time, employee_id, patient_id, therapy_id, session_notes) VALUES (55, '2024-01-17T18:00', 130, 2, 8, 'Notable gains in ankle strength and mobility.'); --#6W1E6, 18
INSERT INTO appointment (id, date_time, employee_id, patient_id, therapy_id, session_notes) VALUES (56, '2024-01-19T18:00', 140, 2, 8, ''); --#6W1E6, 18
INSERT INTO appointment (id, date_time, employee_id, patient_id, therapy_id, session_notes) VALUES (57, '2024-01-22T18:00', 135, 2, 8, ''); --#6W1E6, 18
INSERT INTO appointment (id, date_time, employee_id, patient_id, therapy_id, session_notes) VALUES (58, '2024-01-23T18:00', 144, 2, 8, ''); --#6W1E6, 18
INSERT INTO appointment (id, date_time, employee_id, patient_id, therapy_id, session_notes) VALUES (59, '2024-01-24T18:00', 145, 2, 8, ''); --#6W1E6, 18
INSERT INTO appointment (id, date_time, employee_id, patient_id, therapy_id, session_notes) VALUES (60, '2024-01-17T18:00', 126, 33, 10, 'Began with basic range of motion exercises, patient coping well.'); --#4C7X3, 5
INSERT INTO appointment (id, date_time, employee_id, patient_id, therapy_id, session_notes) VALUES (61, '2024-01-19T18:00', 141, 33, 10, ''); --#4C7X3, 5
INSERT INTO appointment (id, date_time, employee_id, patient_id, therapy_id, session_notes) VALUES (62, '2024-01-22T18:00', 146, 33, 10, ''); --#4C7X3, 5
INSERT INTO appointment (id, date_time, employee_id, patient_id, therapy_id, session_notes) VALUES (63, '2024-01-23T18:00', 132, 33, 10, ''); --#4C7X3, 5
INSERT INTO appointment (id, date_time, employee_id, patient_id, therapy_id, session_notes) VALUES (64, '2024-01-26T18:00', 140, 33, 10, ''); --#4C7X3, 5
INSERT INTO appointment (id, date_time, employee_id, patient_id, therapy_id, session_notes) VALUES (65, '2024-01-29T18:00', 137, 33, 10, ''); --#4C7X3, 5
INSERT INTO appointment (id, date_time, employee_id, patient_id, therapy_id, session_notes) VALUES (66, '2024-01-30T18:00', 141, 33, 10, ''); --#4C7X3, 5
INSERT INTO appointment (id, date_time, employee_id, patient_id, therapy_id, session_notes) VALUES (67, '2024-02-02T18:00', 132, 33, 10, ''); --#4C7X3, 5
INSERT INTO appointment (id, date_time, employee_id, patient_id, therapy_id, session_notes) VALUES (68, '2024-02-05T18:00', 142, 33, 10, ''); --#4C7X3, 5
INSERT INTO appointment (id, date_time, employee_id, patient_id, therapy_id, session_notes) VALUES (69, '2024-02-08T18:00', 146, 33, 10, ''); --#4C7X3, 5
INSERT INTO appointment (id, date_time, employee_id, patient_id, therapy_id, session_notes) VALUES (70, '2024-01-05T19:00', 127, 67, 11, 'Initiated muscle strengthening exercises, patient adapting well.'); --#2J6Z7, 30
INSERT INTO appointment (id, date_time, employee_id, patient_id, therapy_id, session_notes) VALUES (71, '2024-01-08T19:00', 127, 67, 11, 'Patient shows early signs of muscle tone improvement.'); --#2J6Z7, 30
INSERT INTO appointment (id, date_time, employee_id, patient_id, therapy_id, session_notes) VALUES (72, '2024-01-11T19:00', 127, 67, 11, 'Good progress, focusing on resistance training for muscle growth.'); --#2J6Z7, 30
INSERT INTO appointment (id, date_time, employee_id, patient_id, therapy_id, session_notes) VALUES (73, '2024-01-15T19:00', 127, 67, 11, 'Notable improvement in muscle strength, reduced atrophy signs.'); --#2J6Z7, 30
INSERT INTO appointment (id, date_time, employee_id, patient_id, therapy_id, session_notes) VALUES (74, '2024-01-17T19:00', 136, 67, 11, 'Patient able to perform exercises with increased resistance.'); --#2J6Z7, 30
INSERT INTO appointment (id, date_time, employee_id, patient_id, therapy_id, session_notes) VALUES (75, '2024-01-18T19:00', 127, 67, 11, 'Continued improvement in muscle mass and function.'); --#2J6Z7, 30
INSERT INTO appointment (id, date_time, employee_id, patient_id, therapy_id, session_notes) VALUES (76, '2024-01-22T19:00', 136, 67, 11, ''); --#2J6Z7, 30
INSERT INTO appointment (id, date_time, employee_id, patient_id, therapy_id, session_notes) VALUES (77, '2024-01-23T19:00', 127, 67, 11, ''); --#2J6Z7, 30
INSERT INTO appointment (id, date_time, employee_id, patient_id, therapy_id, session_notes) VALUES (78, '2023-12-19T13:00', 146, 10, 12, 'Assessment completed, initiated posture correction exercises.'); --#8K1H7, 25
INSERT INTO appointment (id, date_time, employee_id, patient_id, therapy_id, session_notes) VALUES (79, '2023-12-22T13:00', 142, 10, 12, 'Patient shows early signs of improved posture, reduced discomfort.'); --#8K1H7, 25
INSERT INTO appointment (id, date_time, employee_id, patient_id, therapy_id, session_notes) VALUES (80, '2023-12-25T13:00', 146, 10, 12, 'Good progress, focusing on strengthening core and back muscles.'); --#8K1H7, 25
INSERT INTO appointment (id, date_time, employee_id, patient_id, therapy_id, session_notes) VALUES (81, '2023-12-28T13:00', 137, 10, 12, 'Notable improvement in posture, reduced neck and back strain.'); --#8K1H7, 25
INSERT INTO appointment (id, date_time, employee_id, patient_id, therapy_id, session_notes) VALUES (82, '2023-12-29T13:00', 130, 10, 12, 'Patient more aware of proper posture, continuing with exercises.'); --#8K1H7, 25
INSERT INTO appointment (id, date_time, employee_id, patient_id, therapy_id, session_notes) VALUES (83, '2024-01-01T13:00', 145, 10, 12, 'Continued improvement, significant reduction in pain and tension.'); --#8K1H7, 25
INSERT INTO appointment (id, date_time, employee_id, patient_id, therapy_id, session_notes) VALUES (84, '2024-01-03T13:00', 144, 10, 12, 'Excellent progress, patient demonstrates much improved posture.'); --#8K1H7, 25
INSERT INTO appointment (id, date_time, employee_id, patient_id, therapy_id, session_notes) VALUES (85, '2024-01-12T08:00', 136, 80, 14, 'Began with basic motor skill exercises, patient showing initial progress.'); --#9P3R1, 29
INSERT INTO appointment (id, date_time, employee_id, patient_id, therapy_id, session_notes) VALUES (86, '2024-01-15T08:00', 136, 80, 14, 'Slight improvement in limb coordination and strength.'); --#9P3R1, 29
INSERT INTO appointment (id, date_time, employee_id, patient_id, therapy_id, session_notes) VALUES (87, '2024-01-16T08:00', 127, 80, 14, 'Patient demonstrates increased ability in daily tasks.'); --#9P3R1, 29
INSERT INTO appointment (id, date_time, employee_id, patient_id, therapy_id, session_notes) VALUES (88, '2024-01-18T08:00', 136, 80, 14, 'Good progress in regaining motor control, focusing on balance.'); --#9P3R1, 29
INSERT INTO appointment (id, date_time, employee_id, patient_id, therapy_id, session_notes) VALUES (89, '2024-01-22T08:00', 136, 80, 14, ''); --#9P3R1, 29
INSERT INTO appointment (id, date_time, employee_id, patient_id, therapy_id, session_notes) VALUES (90, '2024-01-24T08:00', 136, 80, 14, ''); --#9P3R1, 29
INSERT INTO appointment (id, date_time, employee_id, patient_id, therapy_id, session_notes) VALUES (91, '2024-01-25T08:00', 136, 80, 14, ''); --#9P3R1, 29
INSERT INTO appointment (id, date_time, employee_id, patient_id, therapy_id, session_notes) VALUES (92, '2024-01-26T08:00', 136, 80, 14, ''); --#9P3R1, 29
INSERT INTO appointment (id, date_time, employee_id, patient_id, therapy_id, session_notes) VALUES (93, '2024-01-29T08:00', 127, 80, 14, ''); --#9P3R1, 29
INSERT INTO appointment (id, date_time, employee_id, patient_id, therapy_id, session_notes) VALUES (94, '2024-01-31T08:00', 127, 80, 14, ''); --#9P3R1, 29
INSERT INTO appointment (id, date_time, employee_id, patient_id, therapy_id, session_notes) VALUES (95, '2024-02-02T08:00', 127, 80, 14, ''); --#9P3R1, 29
INSERT INTO appointment (id, date_time, employee_id, patient_id, therapy_id, session_notes) VALUES (96, '2024-02-05T08:00', 127, 80, 14, ''); --#9P3R1, 29
INSERT INTO appointment (id, date_time, employee_id, patient_id, therapy_id, session_notes) VALUES (97, '2024-02-08T08:00', 136, 80, 14, ''); --#9P3R1, 29
INSERT INTO appointment (id, date_time, employee_id, patient_id, therapy_id, session_notes) VALUES (98, '2024-02-12T08:00', 136, 80, 14, ''); --#9P3R1, 29
INSERT INTO appointment (id, date_time, employee_id, patient_id, therapy_id, session_notes) VALUES (99, '2024-02-15T08:00', 136, 80, 14, ''); --#9P3R1, 29
INSERT INTO appointment (id, date_time, employee_id, patient_id, therapy_id, session_notes) VALUES (100, '2024-02-16T08:00', 136, 80, 14, ''); --#9P3R1, 29
INSERT INTO appointment (id, date_time, employee_id, patient_id, therapy_id, session_notes) VALUES (101, '2024-02-19T08:00', 127, 80, 14, ''); --#9P3R1, 29
INSERT INTO appointment (id, date_time, employee_id, patient_id, therapy_id, session_notes) VALUES (102, '2024-02-21T08:00', 136, 80, 14, ''); --#9P3R1, 29
INSERT INTO appointment (id, date_time, employee_id, patient_id, therapy_id, session_notes) VALUES (103, '2024-02-26T08:00', 136, 80, 14, ''); --#9P3R1, 29
INSERT INTO appointment (id, date_time, employee_id, patient_id, therapy_id, session_notes) VALUES (104, '2024-02-27T08:00', 136, 80, 14, ''); --#9P3R1, 29
INSERT INTO appointment (id, date_time, employee_id, patient_id, therapy_id, session_notes) VALUES (105, '2024-01-04T08:00', 128, 46, 15, 'Started with gentle range of motion exercises, patient coping well.'); --#4N8P5, 10
INSERT INTO appointment (id, date_time, employee_id, patient_id, therapy_id, session_notes) VALUES (106, '2024-01-08T08:00', 128, 46, 15, 'Slight reduction in joint pain and swelling.'); --#4N8P5, 10
INSERT INTO appointment (id, date_time, employee_id, patient_id, therapy_id, session_notes) VALUES (107, '2024-01-10T08:00', 147, 46, 15, 'Patient shows progress in mobility, continuing with prescribed exercises.'); --#4N8P5, 10
INSERT INTO appointment (id, date_time, employee_id, patient_id, therapy_id, session_notes) VALUES (108, '2024-01-12T08:00', 128, 46, 15, 'Further gains in joint function, reduced discomfort.'); --#4N8P5, 10
INSERT INTO appointment (id, date_time, employee_id, patient_id, therapy_id, session_notes) VALUES (109, '2024-01-15T08:00', 128, 46, 15, 'Patient reports significant reduction in pain during movement.'); --#4N8P5, 10
INSERT INTO appointment (id, date_time, employee_id, patient_id, therapy_id, session_notes) VALUES (110, '2024-01-17T08:00', 147, 46, 15, 'Continued improvement, focusing on strengthening surrounding muscles.'); --#4N8P5, 10
INSERT INTO appointment (id, date_time, employee_id, patient_id, therapy_id, session_notes) VALUES (111, '2024-01-19T08:00', 147, 46, 15, ''); --#4N8P5, 10
INSERT INTO appointment (id, date_time, employee_id, patient_id, therapy_id, session_notes) VALUES (112, '2024-01-22T08:00', 147, 46, 15, ''); --#4N8P5, 10
INSERT INTO appointment (id, date_time, employee_id, patient_id, therapy_id, session_notes) VALUES (113, '2024-01-16T16:00', 130, 43, 16, ''); --#2T8L4, 17
INSERT INTO appointment (id, date_time, employee_id, patient_id, therapy_id, session_notes) VALUES (114, '2024-01-17T16:00', 132, 43, 16, ''); --#2T8L4, 17
INSERT INTO appointment (id, date_time, employee_id, patient_id, therapy_id, session_notes) VALUES (115, '2024-01-19T16:00', 135, 43, 16, ''); --#2T8L4, 17
INSERT INTO appointment (id, date_time, employee_id, patient_id, therapy_id, session_notes) VALUES (116, '2024-01-22T16:00', 137, 43, 16, ''); --#2T8L4, 17
INSERT INTO appointment (id, date_time, employee_id, patient_id, therapy_id, session_notes) VALUES (117, '2024-01-23T16:00', 145, 43, 16, ''); --#2T8L4, 17
INSERT INTO appointment (id, date_time, employee_id, patient_id, therapy_id, session_notes) VALUES (118, '2024-01-26T16:00', 148, 43, 16, ''); --#2T8L4, 17
INSERT INTO appointment (id, date_time, employee_id, patient_id, therapy_id, session_notes) VALUES (119, '2024-01-29T16:00', 126, 43, 16, ''); --#2T8L4, 17
INSERT INTO appointment (id, date_time, employee_id, patient_id, therapy_id, session_notes) VALUES (120, '2024-01-30T16:00', 137, 43, 16, ''); --#2T8L4, 17
INSERT INTO appointment (id, date_time, employee_id, patient_id, therapy_id, session_notes) VALUES (121, '2024-01-31T16:00', 135, 43, 16, ''); --#2T8L4, 17
INSERT INTO appointment (id, date_time, employee_id, patient_id, therapy_id, session_notes) VALUES (122, '2024-02-01T16:00', 139, 43, 16, ''); --#2T8L4, 17
INSERT INTO appointment (id, date_time, employee_id, patient_id, therapy_id, session_notes) VALUES (123, '2024-01-17T11:00', 133, 74, 17, ''); --#6F6P9, 7
INSERT INTO appointment (id, date_time, employee_id, patient_id, therapy_id, session_notes) VALUES (124, '2024-01-22T11:00', 149, 74, 17, ''); --#6F6P9, 7
INSERT INTO appointment (id, date_time, employee_id, patient_id, therapy_id, session_notes) VALUES (125, '2024-01-24T11:00', 149, 74, 17, ''); --#6F6P9, 7
INSERT INTO appointment (id, date_time, employee_id, patient_id, therapy_id, session_notes) VALUES (126, '2024-01-29T11:00', 150, 74, 17, ''); --#6F6P9, 7
INSERT INTO appointment (id, date_time, employee_id, patient_id, therapy_id, session_notes) VALUES (127, '2024-01-30T11:00', 149, 74, 17, ''); --#6F6P9, 7
INSERT INTO appointment (id, date_time, employee_id, patient_id, therapy_id, session_notes) VALUES (128, '2024-02-02T11:00', 133, 74, 17, ''); --#6F6P9, 7
INSERT INTO appointment (id, date_time, employee_id, patient_id, therapy_id, session_notes) VALUES (129, '2024-02-05T11:00', 133, 74, 17, ''); --#6F6P9, 7
INSERT INTO appointment (id, date_time, employee_id, patient_id, therapy_id, session_notes) VALUES (130, '2024-02-08T11:00', 133, 74, 17, ''); --#6F6P9, 7
INSERT INTO appointment (id, date_time, employee_id, patient_id, therapy_id, session_notes) VALUES (131, '2024-01-09T08:00', 147, 87, 18, 'Initiated therapy focusing on pain relief and muscle relaxation.'); --#2K6H8, 37
INSERT INTO appointment (id, date_time, employee_id, patient_id, therapy_id, session_notes) VALUES (132, '2024-01-10T08:00', 147, 87, 18, 'Patient reports less muscle pain, improved sleep quality.'); --#2K6H8, 37
INSERT INTO appointment (id, date_time, employee_id, patient_id, therapy_id, session_notes) VALUES (133, '2024-01-12T08:00', 147, 87, 18, 'Good progress, introduced therapeutic exercises for pain management.'); --#2K6H8, 37
INSERT INTO appointment (id, date_time, employee_id, patient_id, therapy_id, session_notes) VALUES (134, '2024-01-15T08:00', 147, 87, 18, 'Notable reduction in chronic muscle pain, patient more active.'); --#2K6H8, 37
INSERT INTO appointment (id, date_time, employee_id, patient_id, therapy_id, session_notes) VALUES (135, '2024-01-17T08:00', 128, 87, 18, 'Patient engaging in daily tasks with greater ease and comfort.'); --#2K6H8, 37
INSERT INTO appointment (id, date_time, employee_id, patient_id, therapy_id, session_notes) VALUES (136, '2024-01-19T08:00', 128, 87, 18, ''); --#2K6H8, 37
INSERT INTO appointment (id, date_time, employee_id, patient_id, therapy_id, session_notes) VALUES (137, '2024-01-22T08:00', 128, 87, 18, ''); --#2K6H8, 37
INSERT INTO appointment (id, date_time, employee_id, patient_id, therapy_id, session_notes) VALUES (138, '2024-01-11T08:00', 145, 48, 19, 'Assessment completed, started with isometric exercises.'); --#1V2V2, 3
INSERT INTO appointment (id, date_time, employee_id, patient_id, therapy_id, session_notes) VALUES (139, '2024-01-15T08:00', 135, 48, 19, 'Patient reports less pain when gripping, improvement in strength.'); --#1V2V2, 3
INSERT INTO appointment (id, date_time, employee_id, patient_id, therapy_id, session_notes) VALUES (140, '2024-01-17T08:00', 132, 48, 19, 'Good progress, introduced more dynamic exercises.'); --#1V2V2, 3
INSERT INTO appointment (id, date_time, employee_id, patient_id, therapy_id, session_notes) VALUES (141, '2024-01-18T08:00', 143, 48, 19, 'Significant reduction in pain, increased grip strength.'); --#1V2V2, 3
INSERT INTO appointment (id, date_time, employee_id, patient_id, therapy_id, session_notes) VALUES (142, '2024-01-22T08:00', 139, 48, 19, ''); --#1V2V2, 3
INSERT INTO appointment (id, date_time, employee_id, patient_id, therapy_id, session_notes) VALUES (143, '2024-01-25T08:00', 140, 48, 19, ''); --#1V2V2, 3
INSERT INTO appointment (id, date_time, employee_id, patient_id, therapy_id, session_notes) VALUES (144, '2024-01-29T08:00', 140, 48, 19, ''); --#1V2V2, 3
INSERT INTO appointment (id, date_time, employee_id, patient_id, therapy_id, session_notes) VALUES (145, '2024-01-31T08:00', 126, 48, 19, ''); --#1V2V2, 3
INSERT INTO appointment (id, date_time, employee_id, patient_id, therapy_id, session_notes) VALUES (146, '2023-12-29T18:00', 137, 27, 20, 'Began with basic range of motion exercises, patient coping well.'); --#4C7X3, 5
INSERT INTO appointment (id, date_time, employee_id, patient_id, therapy_id, session_notes) VALUES (147, '2024-01-01T18:00', 148, 27, 20, 'Slight improvement in arm movement, pain management effective.'); --#4C7X3, 5
INSERT INTO appointment (id, date_time, employee_id, patient_id, therapy_id, session_notes) VALUES (148, '2024-01-02T18:00', 140, 27, 20, 'Patient shows progress in strength, pain reducing.'); --#4C7X3, 5
INSERT INTO appointment (id, date_time, employee_id, patient_id, therapy_id, session_notes) VALUES (149, '2024-01-05T18:00', 126, 27, 20, 'Further gains in arm function, reduced discomfort.'); --#4C7X3, 5
INSERT INTO appointment (id, date_time, employee_id, patient_id, therapy_id, session_notes) VALUES (150, '2024-01-08T18:00', 146, 27, 20, 'Patient reports much less pain during daily activities.'); --#4C7X3, 5
INSERT INTO appointment (id, date_time, employee_id, patient_id, therapy_id, session_notes) VALUES (151, '2024-01-09T18:00', 135, 27, 20, 'Increased resistance in exercises, good tolerance.'); --#4C7X3, 5
INSERT INTO appointment (id, date_time, employee_id, patient_id, therapy_id, session_notes) VALUES (152, '2024-01-10T18:00', 130, 27, 20, 'Significant improvement in strength and mobility.'); --#4C7X3, 5
INSERT INTO appointment (id, date_time, employee_id, patient_id, therapy_id, session_notes) VALUES (153, '2024-01-12T18:00', 141, 27, 20, 'Patient performing all exercises with ease, minimal pain.'); --#4C7X3, 5
INSERT INTO appointment (id, date_time, employee_id, patient_id, therapy_id, session_notes) VALUES (154, '2024-01-15T18:00', 135, 27, 20, 'Biceps function greatly improved, focus on maintenance.'); --#4C7X3, 5
INSERT INTO appointment (id, date_time, employee_id, patient_id, therapy_id, session_notes) VALUES (155, '2024-01-16T18:00', 141, 27, 20, 'Excellent recovery, patient advised to continue with exercises at home.'); --#4C7X3, 5
INSERT INTO appointment (id, date_time, employee_id, patient_id, therapy_id, session_notes) VALUES (156, '2024-01-16T17:00', 141, 36, 21, 'Assessment completed, started with isometric exercises.'); --#1V2V2, 3
INSERT INTO appointment (id, date_time, employee_id, patient_id, therapy_id, session_notes) VALUES (157, '2024-01-17T17:00', 145, 36, 21, 'Patient reports less pain when gripping, improvement in strength.'); --#1V2V2, 3
INSERT INTO appointment (id, date_time, employee_id, patient_id, therapy_id, session_notes) VALUES (158, '2024-01-22T17:00', 146, 36, 21, ''); --#1V2V2, 3
INSERT INTO appointment (id, date_time, employee_id, patient_id, therapy_id, session_notes) VALUES (159, '2024-01-23T17:00', 145, 36, 21, ''); --#1V2V2, 3
INSERT INTO appointment (id, date_time, employee_id, patient_id, therapy_id, session_notes) VALUES (160, '2024-01-26T17:00', 144, 36, 21, ''); --#1V2V2, 3
INSERT INTO appointment (id, date_time, employee_id, patient_id, therapy_id, session_notes) VALUES (161, '2024-01-29T17:00', 148, 36, 21, ''); --#1V2V2, 3
INSERT INTO appointment (id, date_time, employee_id, patient_id, therapy_id, session_notes) VALUES (162, '2024-02-01T17:00', 139, 36, 21, ''); --#1V2V2, 3
INSERT INTO appointment (id, date_time, employee_id, patient_id, therapy_id, session_notes) VALUES (163, '2024-02-05T17:00', 139, 36, 21, ''); --#1V2V2, 3
INSERT INTO appointment (id, date_time, employee_id, patient_id, therapy_id, session_notes) VALUES (164, '2024-01-05T12:00', 133, 6, 22, 'Began therapy with gentle stretching, pain management strategies in place.'); --#1G8Z3, 8
INSERT INTO appointment (id, date_time, employee_id, patient_id, therapy_id, session_notes) VALUES (165, '2024-01-08T12:00', 150, 6, 22, 'Slight reduction in tenderness, patient tolerating exercises well.'); --#1G8Z3, 8
INSERT INTO appointment (id, date_time, employee_id, patient_id, therapy_id, session_notes) VALUES (166, '2024-01-10T12:00', 149, 6, 22, 'Patient shows progress in pain reduction and mobility.'); --#1G8Z3, 8
INSERT INTO appointment (id, date_time, employee_id, patient_id, therapy_id, session_notes) VALUES (167, '2024-01-11T12:00', 150, 6, 22, 'Further gains in tendon strength, continuing with progressive exercises.'); --#1G8Z3, 8
INSERT INTO appointment (id, date_time, employee_id, patient_id, therapy_id, session_notes) VALUES (168, '2024-01-15T12:00', 149, 6, 22, 'Patient reports less pain during activity, improved function.'); --#1G8Z3, 8
INSERT INTO appointment (id, date_time, employee_id, patient_id, therapy_id, session_notes) VALUES (169, '2024-01-16T12:00', 149, 6, 22, 'Continued improvement, increased exercise difficulty.'); --#1G8Z3, 8
INSERT INTO appointment (id, date_time, employee_id, patient_id, therapy_id, session_notes) VALUES (170, '2024-01-17T12:00', 150, 6, 22, 'Significant reduction in symptoms, focusing on functional movements.'); --#1G8Z3, 8
INSERT INTO appointment (id, date_time, employee_id, patient_id, therapy_id, session_notes) VALUES (171, '2024-01-22T12:00', 133, 6, 22, ''); --#1G8Z3, 8
INSERT INTO appointment (id, date_time, employee_id, patient_id, therapy_id, session_notes) VALUES (172, '2024-01-25T12:00', 150, 6, 22, ''); --#1G8Z3, 8
INSERT INTO appointment (id, date_time, employee_id, patient_id, therapy_id, session_notes) VALUES (173, '2024-01-29T12:00', 149, 6, 22, ''); --#1G8Z3, 8
INSERT INTO appointment (id, date_time, employee_id, patient_id, therapy_id, session_notes) VALUES (174, '2024-01-09T08:00', 127, 5, 23, 'Initiated muscle strengthening exercises, patient adapting well.'); --#2J6Z7, 30
INSERT INTO appointment (id, date_time, employee_id, patient_id, therapy_id, session_notes) VALUES (175, '2024-01-10T08:00', 127, 5, 23, 'Patient shows early signs of muscle tone improvement.'); --#2J6Z7, 30
INSERT INTO appointment (id, date_time, employee_id, patient_id, therapy_id, session_notes) VALUES (176, '2024-01-11T08:00', 127, 5, 23, 'Good progress, focusing on resistance training for muscle growth.'); --#2J6Z7, 30
INSERT INTO appointment (id, date_time, employee_id, patient_id, therapy_id, session_notes) VALUES (177, '2024-01-15T08:00', 127, 5, 23, 'Notable improvement in muscle strength, reduced atrophy signs.'); --#2J6Z7, 30
INSERT INTO appointment (id, date_time, employee_id, patient_id, therapy_id, session_notes) VALUES (178, '2024-01-17T08:00', 136, 5, 23, 'Patient able to perform exercises with increased resistance.'); --#2J6Z7, 30
INSERT INTO appointment (id, date_time, employee_id, patient_id, therapy_id, session_notes) VALUES (179, '2024-01-19T08:00', 136, 5, 23, ''); --#2J6Z7, 30
INSERT INTO appointment (id, date_time, employee_id, patient_id, therapy_id, session_notes) VALUES (180, '2024-01-22T08:00', 127, 5, 23, ''); --#2J6Z7, 30
INSERT INTO appointment (id, date_time, employee_id, patient_id, therapy_id, session_notes) VALUES (181, '2024-01-25T08:00', 127, 5, 23, ''); --#2J6Z7, 30
INSERT INTO appointment (id, date_time, employee_id, patient_id, therapy_id, session_notes) VALUES (182, '2024-01-10T10:00', 131, 101, 24, 'Initiated basic cognitive and motor skill exercises.'); --#8D2H9, 34
INSERT INTO appointment (id, date_time, employee_id, patient_id, therapy_id, session_notes) VALUES (183, '2024-01-15T10:00', 131, 101, 24, 'Patient shows early signs of improvement in speech and movement.'); --#8D2H9, 34
INSERT INTO appointment (id, date_time, employee_id, patient_id, therapy_id, session_notes) VALUES (184, '2024-01-16T10:00', 129, 101, 24, 'Good progress, focusing on regaining independence in daily activities.'); --#8D2H9, 34
INSERT INTO appointment (id, date_time, employee_id, patient_id, therapy_id, session_notes) VALUES (185, '2024-01-17T10:00', 131, 101, 24, 'Notable gains in limb coordination and cognitive functions.'); --#8D2H9, 34
INSERT INTO appointment (id, date_time, employee_id, patient_id, therapy_id, session_notes) VALUES (186, '2024-01-18T10:00', 131, 101, 24, 'Patient more engaged in therapy, showing improvement in self-care skills.'); --#8D2H9, 34
INSERT INTO appointment (id, date_time, employee_id, patient_id, therapy_id, session_notes) VALUES (187, '2024-01-22T10:00', 134, 101, 24, ''); --#8D2H9, 34
INSERT INTO appointment (id, date_time, employee_id, patient_id, therapy_id, session_notes) VALUES (188, '2024-01-23T10:00', 138, 101, 24, ''); --#8D2H9, 34
INSERT INTO appointment (id, date_time, employee_id, patient_id, therapy_id, session_notes) VALUES (189, '2024-01-26T10:00', 129, 101, 24, ''); --#8D2H9, 34
INSERT INTO appointment (id, date_time, employee_id, patient_id, therapy_id, session_notes) VALUES (190, '2024-01-29T10:00', 138, 101, 24, ''); --#8D2H9, 34
INSERT INTO appointment (id, date_time, employee_id, patient_id, therapy_id, session_notes) VALUES (191, '2024-01-31T10:00', 129, 101, 24, ''); --#8D2H9, 34
INSERT INTO appointment (id, date_time, employee_id, patient_id, therapy_id, session_notes) VALUES (192, '2024-02-02T10:00', 138, 101, 24, ''); --#8D2H9, 34
INSERT INTO appointment (id, date_time, employee_id, patient_id, therapy_id, session_notes) VALUES (193, '2024-02-05T10:00', 138, 101, 24, ''); --#8D2H9, 34
INSERT INTO appointment (id, date_time, employee_id, patient_id, therapy_id, session_notes) VALUES (194, '2024-02-07T10:00', 138, 101, 24, ''); --#8D2H9, 34
INSERT INTO appointment (id, date_time, employee_id, patient_id, therapy_id, session_notes) VALUES (195, '2024-02-09T10:00', 131, 101, 24, ''); --#8D2H9, 34
INSERT INTO appointment (id, date_time, employee_id, patient_id, therapy_id, session_notes) VALUES (196, '2024-02-12T10:00', 138, 101, 24, ''); --#8D2H9, 34
INSERT INTO appointment (id, date_time, employee_id, patient_id, therapy_id, session_notes) VALUES (197, '2024-02-14T10:00', 129, 101, 24, ''); --#8D2H9, 34
INSERT INTO appointment (id, date_time, employee_id, patient_id, therapy_id, session_notes) VALUES (198, '2024-02-16T10:00', 134, 101, 24, ''); --#8D2H9, 34
INSERT INTO appointment (id, date_time, employee_id, patient_id, therapy_id, session_notes) VALUES (199, '2024-02-19T10:00', 131, 101, 24, ''); --#8D2H9, 34
INSERT INTO appointment (id, date_time, employee_id, patient_id, therapy_id, session_notes) VALUES (200, '2024-02-20T10:00', 129, 101, 24, ''); --#8D2H9, 34
INSERT INTO appointment (id, date_time, employee_id, patient_id, therapy_id, session_notes) VALUES (201, '2024-02-23T10:00', 134, 101, 24, ''); --#8D2H9, 34
INSERT INTO appointment (id, date_time, employee_id, patient_id, therapy_id, session_notes) VALUES (202, '2024-01-05T12:00', 139, 70, 25, 'Initial assessment completed, beginning targeted exercises for spinal alignment.'); --#5R9N7, 24
INSERT INTO appointment (id, date_time, employee_id, patient_id, therapy_id, session_notes) VALUES (203, '2024-01-08T12:00', 148, 70, 25, 'Patient is adapting well to exercises, showing early signs of improved posture.'); --#5R9N7, 24
INSERT INTO appointment (id, date_time, employee_id, patient_id, therapy_id, session_notes) VALUES (204, '2024-01-11T12:00', 144, 70, 25, 'Notable progress in spinal alignment, patient demonstrates increased awareness of posture.'); --#5R9N7, 24
INSERT INTO appointment (id, date_time, employee_id, patient_id, therapy_id, session_notes) VALUES (205, '2024-01-15T12:00', 137, 70, 25, 'Continued improvement in alignment, encouraged by patient''s commitment to exercises.'); --#5R9N7, 24
INSERT INTO appointment (id, date_time, employee_id, patient_id, therapy_id, session_notes) VALUES (206, '2024-01-16T12:00', 141, 70, 25, 'Significant reduction in discomfort, spinal curvature showing gradual correction.'); --#5R9N7, 24
INSERT INTO appointment (id, date_time, employee_id, patient_id, therapy_id, session_notes) VALUES (207, '2024-01-19T12:00', 139, 70, 25, ''); --#5R9N7, 24
INSERT INTO appointment (id, date_time, employee_id, patient_id, therapy_id, session_notes) VALUES (208, '2024-01-22T12:00', 146, 70, 25, ''); --#5R9N7, 24
INSERT INTO appointment (id, date_time, employee_id, patient_id, therapy_id, session_notes) VALUES (209, '2024-01-23T12:00', 141, 70, 25, ''); --#5R9N7, 24
INSERT INTO appointment (id, date_time, employee_id, patient_id, therapy_id, session_notes) VALUES (210, '2024-01-15T18:00', 132, 69, 26, 'Initiated gentle neck and shoulder exercises.'); --#8G5H3, 26
INSERT INTO appointment (id, date_time, employee_id, patient_id, therapy_id, session_notes) VALUES (211, '2024-01-16T18:00', 139, 69, 26, 'Patient reports less neck pain and arm tingling.'); --#8G5H3, 26
INSERT INTO appointment (id, date_time, employee_id, patient_id, therapy_id, session_notes) VALUES (212, '2024-01-18T18:00', 145, 69, 26, 'Good progress, increased range of neck motion.'); --#8G5H3, 26
INSERT INTO appointment (id, date_time, employee_id, patient_id, therapy_id, session_notes) VALUES (213, '2024-01-19T18:00', 130, 69, 26, ''); --#8G5H3, 26
INSERT INTO appointment (id, date_time, employee_id, patient_id, therapy_id, session_notes) VALUES (214, '2024-01-22T18:00', 144, 69, 26, ''); --#8G5H3, 26
INSERT INTO appointment (id, date_time, employee_id, patient_id, therapy_id, session_notes) VALUES (215, '2024-01-23T18:00', 126, 69, 26, ''); --#8G5H3, 26
INSERT INTO appointment (id, date_time, employee_id, patient_id, therapy_id, session_notes) VALUES (216, '2024-01-25T18:00', 148, 69, 26, ''); --#8G5H3, 26
INSERT INTO appointment (id, date_time, employee_id, patient_id, therapy_id, session_notes) VALUES (217, '2024-01-29T18:00', 130, 69, 26, ''); --#8G5H3, 26
INSERT INTO appointment (id, date_time, employee_id, patient_id, therapy_id, session_notes) VALUES (218, '2024-01-05T18:00', 133, 96, 27, 'Began therapy with gentle stretching, pain management strategies in place.'); --#1G8Z3, 8
INSERT INTO appointment (id, date_time, employee_id, patient_id, therapy_id, session_notes) VALUES (219, '2024-01-08T18:00', 149, 96, 27, 'Slight reduction in tenderness, patient tolerating exercises well.'); --#1G8Z3, 8
INSERT INTO appointment (id, date_time, employee_id, patient_id, therapy_id, session_notes) VALUES (220, '2024-01-10T18:00', 133, 96, 27, 'Patient shows progress in pain reduction and mobility.'); --#1G8Z3, 8
INSERT INTO appointment (id, date_time, employee_id, patient_id, therapy_id, session_notes) VALUES (221, '2024-01-12T18:00', 149, 96, 27, 'Further gains in tendon strength, continuing with progressive exercises.'); --#1G8Z3, 8
INSERT INTO appointment (id, date_time, employee_id, patient_id, therapy_id, session_notes) VALUES (222, '2024-01-15T18:00', 150, 96, 27, 'Patient reports less pain during activity, improved function.'); --#1G8Z3, 8
INSERT INTO appointment (id, date_time, employee_id, patient_id, therapy_id, session_notes) VALUES (223, '2024-01-16T18:00', 133, 96, 27, 'Continued improvement, increased exercise difficulty.'); --#1G8Z3, 8
INSERT INTO appointment (id, date_time, employee_id, patient_id, therapy_id, session_notes) VALUES (224, '2024-01-17T18:00', 150, 96, 27, 'Significant reduction in symptoms, focusing on functional movements.'); --#1G8Z3, 8
INSERT INTO appointment (id, date_time, employee_id, patient_id, therapy_id, session_notes) VALUES (225, '2024-01-19T18:00', 133, 96, 27, ''); --#1G8Z3, 8
INSERT INTO appointment (id, date_time, employee_id, patient_id, therapy_id, session_notes) VALUES (226, '2024-01-22T18:00', 150, 96, 27, ''); --#1G8Z3, 8
INSERT INTO appointment (id, date_time, employee_id, patient_id, therapy_id, session_notes) VALUES (227, '2024-01-24T18:00', 133, 96, 27, ''); --#1G8Z3, 8
INSERT INTO appointment (id, date_time, employee_id, patient_id, therapy_id, session_notes) VALUES (228, '2024-01-18T19:00', 140, 103, 29, 'Initiated therapy focusing on sciatic nerve relief.'); --#9P1H4, 22
INSERT INTO appointment (id, date_time, employee_id, patient_id, therapy_id, session_notes) VALUES (229, '2024-01-22T19:00', 139, 103, 29, ''); --#9P1H4, 22
INSERT INTO appointment (id, date_time, employee_id, patient_id, therapy_id, session_notes) VALUES (230, '2024-01-24T19:00', 130, 103, 29, ''); --#9P1H4, 22
INSERT INTO appointment (id, date_time, employee_id, patient_id, therapy_id, session_notes) VALUES (231, '2024-01-29T19:00', 139, 103, 29, ''); --#9P1H4, 22
INSERT INTO appointment (id, date_time, employee_id, patient_id, therapy_id, session_notes) VALUES (232, '2024-01-31T19:00', 142, 103, 29, ''); --#9P1H4, 22
INSERT INTO appointment (id, date_time, employee_id, patient_id, therapy_id, session_notes) VALUES (233, '2024-02-02T19:00', 126, 103, 29, ''); --#9P1H4, 22
INSERT INTO appointment (id, date_time, employee_id, patient_id, therapy_id, session_notes) VALUES (234, '2024-02-05T19:00', 140, 103, 29, ''); --#9P1H4, 22
INSERT INTO appointment (id, date_time, employee_id, patient_id, therapy_id, session_notes) VALUES (235, '2024-01-09T09:00', 133, 25, 30, 'Started with low-impact exercises, patient adapting well.'); --#6F6P9, 7
INSERT INTO appointment (id, date_time, employee_id, patient_id, therapy_id, session_notes) VALUES (236, '2024-01-10T09:00', 149, 25, 30, 'Patient reports reduced joint stiffness, especially in the morning.'); --#6F6P9, 7
INSERT INTO appointment (id, date_time, employee_id, patient_id, therapy_id, session_notes) VALUES (237, '2024-01-12T09:00', 150, 25, 30, 'Continued progress with range of motion exercises.'); --#6F6P9, 7
INSERT INTO appointment (id, date_time, employee_id, patient_id, therapy_id, session_notes) VALUES (238, '2024-01-15T09:00', 133, 25, 30, 'Notable decrease in joint pain, increased exercise intensity.'); --#6F6P9, 7
INSERT INTO appointment (id, date_time, employee_id, patient_id, therapy_id, session_notes) VALUES (239, '2024-01-18T09:00', 149, 25, 30, 'Patient more active, managing daily activities with less pain.'); --#6F6P9, 7
INSERT INTO appointment (id, date_time, employee_id, patient_id, therapy_id, session_notes) VALUES (240, '2024-01-22T09:00', 149, 25, 30, ''); --#6F6P9, 7
INSERT INTO appointment (id, date_time, employee_id, patient_id, therapy_id, session_notes) VALUES (241, '2024-01-25T09:00', 133, 25, 30, ''); --#6F6P9, 7
INSERT INTO appointment (id, date_time, employee_id, patient_id, therapy_id, session_notes) VALUES (242, '2024-01-26T09:00', 149, 25, 30, ''); --#6F6P9, 7
INSERT INTO appointment (id, date_time, employee_id, patient_id, therapy_id, session_notes) VALUES (243, '2024-01-09T11:00', 137, 98, 31, 'Initiated therapy with basic ankle mobilization.'); --#6W1E6, 18
INSERT INTO appointment (id, date_time, employee_id, patient_id, therapy_id, session_notes) VALUES (244, '2024-01-10T11:00', 146, 98, 31, 'Patient reports reduced swelling and pain, improvement in stability.'); --#6W1E6, 18
INSERT INTO appointment (id, date_time, employee_id, patient_id, therapy_id, session_notes) VALUES (245, '2024-01-15T11:00', 126, 98, 31, 'Good progress, introduced balance and proprioception exercises.'); --#6W1E6, 18
INSERT INTO appointment (id, date_time, employee_id, patient_id, therapy_id, session_notes) VALUES (246, '2024-01-18T11:00', 146, 98, 31, 'Notable gains in ankle strength and mobility.'); --#6W1E6, 18
INSERT INTO appointment (id, date_time, employee_id, patient_id, therapy_id, session_notes) VALUES (247, '2024-01-22T11:00', 145, 98, 31, ''); --#6W1E6, 18
INSERT INTO appointment (id, date_time, employee_id, patient_id, therapy_id, session_notes) VALUES (248, '2024-01-23T11:00', 137, 98, 31, ''); --#6W1E6, 18
INSERT INTO appointment (id, date_time, employee_id, patient_id, therapy_id, session_notes) VALUES (249, '2024-01-26T11:00', 143, 98, 31, ''); --#6W1E6, 18
INSERT INTO appointment (id, date_time, employee_id, patient_id, therapy_id, session_notes) VALUES (250, '2024-01-29T11:00', 137, 98, 31, ''); --#6W1E6, 18
INSERT INTO appointment (id, date_time, employee_id, patient_id, therapy_id, session_notes) VALUES (251, '2024-01-11T15:00', 132, 7, 32, 'Began therapy with gentle cervical mobilization.'); --#8H6H1, 27
INSERT INTO appointment (id, date_time, employee_id, patient_id, therapy_id, session_notes) VALUES (252, '2024-01-15T15:00', 126, 7, 32, 'Patient reports reduced neck pain and stiffness.'); --#8H6H1, 27
INSERT INTO appointment (id, date_time, employee_id, patient_id, therapy_id, session_notes) VALUES (253, '2024-01-18T15:00', 139, 7, 32, 'Good progress, introduced neck strengthening exercises.'); --#8H6H1, 27
INSERT INTO appointment (id, date_time, employee_id, patient_id, therapy_id, session_notes) VALUES (254, '2024-01-19T15:00', 148, 7, 32, ''); --#8H6H1, 27
INSERT INTO appointment (id, date_time, employee_id, patient_id, therapy_id, session_notes) VALUES (255, '2024-01-22T15:00', 142, 7, 32, ''); --#8H6H1, 27
INSERT INTO appointment (id, date_time, employee_id, patient_id, therapy_id, session_notes) VALUES (256, '2024-01-24T15:00', 141, 7, 32, ''); --#8H6H1, 27
INSERT INTO appointment (id, date_time, employee_id, patient_id, therapy_id, session_notes) VALUES (257, '2024-01-25T15:00', 144, 7, 32, ''); --#8H6H1, 27
INSERT INTO appointment (id, date_time, employee_id, patient_id, therapy_id, session_notes) VALUES (258, '2024-01-26T15:00', 135, 7, 32, ''); --#8H6H1, 27
INSERT INTO appointment (id, date_time, employee_id, patient_id, therapy_id, session_notes) VALUES (259, '2024-01-29T15:00', 142, 7, 32, ''); --#8H6H1, 27
INSERT INTO appointment (id, date_time, employee_id, patient_id, therapy_id, session_notes) VALUES (260, '2024-01-30T15:00', 137, 7, 32, ''); --#8H6H1, 27
INSERT INTO appointment (id, date_time, employee_id, patient_id, therapy_id, session_notes) VALUES (261, '2024-01-05T18:00', 137, 105, 33, 'Initiated therapy with gentle stretching and strengthening.'); --#8I5F5, 4
INSERT INTO appointment (id, date_time, employee_id, patient_id, therapy_id, session_notes) VALUES (262, '2024-01-08T18:00', 135, 105, 33, 'Patient reports reduced pain, improved elbow mobility.'); --#8I5F5, 4
INSERT INTO appointment (id, date_time, employee_id, patient_id, therapy_id, session_notes) VALUES (263, '2024-01-11T18:00', 143, 105, 33, 'Progressing with exercises, pain decreasing gradually.'); --#8I5F5, 4
INSERT INTO appointment (id, date_time, employee_id, patient_id, therapy_id, session_notes) VALUES (264, '2024-01-15T18:00', 146, 105, 33, 'Notable improvement in strength, daily activities easier to perform.'); --#8I5F5, 4
INSERT INTO appointment (id, date_time, employee_id, patient_id, therapy_id, session_notes) VALUES (265, '2024-01-18T18:00', 146, 105, 33, 'Continued reduction in pain, especially during wrist movements.'); --#8I5F5, 4
INSERT INTO appointment (id, date_time, employee_id, patient_id, therapy_id, session_notes) VALUES (266, '2024-01-22T18:00', 132, 105, 33, ''); --#8I5F5, 4
INSERT INTO appointment (id, date_time, employee_id, patient_id, therapy_id, session_notes) VALUES (267, '2024-01-25T18:00', 145, 105, 33, ''); --#8I5F5, 4
INSERT INTO appointment (id, date_time, employee_id, patient_id, therapy_id, session_notes) VALUES (268, '2024-01-29T18:00', 140, 105, 33, ''); --#8I5F5, 4
INSERT INTO appointment (id, date_time, employee_id, patient_id, therapy_id, session_notes) VALUES (269, '2024-01-08T15:00', 126, 21, 34, 'Initial assessment done, started with gentle stretching.'); --#7Z8V8, 2
INSERT INTO appointment (id, date_time, employee_id, patient_id, therapy_id, session_notes) VALUES (270, '2024-01-11T15:00', 141, 21, 34, 'Slight improvement in movement, pain management strategies in place.'); --#7Z8V8, 2
INSERT INTO appointment (id, date_time, employee_id, patient_id, therapy_id, session_notes) VALUES (271, '2024-01-12T15:00', 142, 21, 34, 'Patient shows increased range of motion, exercises intensified.'); --#7Z8V8, 2
INSERT INTO appointment (id, date_time, employee_id, patient_id, therapy_id, session_notes) VALUES (272, '2024-01-15T15:00', 145, 21, 34, 'Further improvement in shoulder flexibility.'); --#7Z8V8, 2
INSERT INTO appointment (id, date_time, employee_id, patient_id, therapy_id, session_notes) VALUES (273, '2024-01-16T15:00', 142, 21, 34, 'Patient can perform daily activities with less discomfort.'); --#7Z8V8, 2
INSERT INTO appointment (id, date_time, employee_id, patient_id, therapy_id, session_notes) VALUES (274, '2024-01-19T15:00', 139, 21, 34, ''); --#7Z8V8, 2
INSERT INTO appointment (id, date_time, employee_id, patient_id, therapy_id, session_notes) VALUES (275, '2024-01-22T15:00', 144, 21, 34, ''); --#7Z8V8, 2
INSERT INTO appointment (id, date_time, employee_id, patient_id, therapy_id, session_notes) VALUES (276, '2024-01-23T15:00', 132, 21, 34, ''); --#7Z8V8, 2
INSERT INTO appointment (id, date_time, employee_id, patient_id, therapy_id, session_notes) VALUES (277, '2024-01-26T15:00', 145, 21, 34, ''); --#7Z8V8, 2
INSERT INTO appointment (id, date_time, employee_id, patient_id, therapy_id, session_notes) VALUES (278, '2024-01-29T15:00', 144, 21, 34, ''); --#7Z8V8, 2
INSERT INTO appointment (id, date_time, employee_id, patient_id, therapy_id, session_notes) VALUES (279, '2024-01-02T15:00', 137, 100, 35, 'Initial evaluation complete, begun with basic knee stabilization exercises.'); --#3H4O2, 12
INSERT INTO appointment (id, date_time, employee_id, patient_id, therapy_id, session_notes) VALUES (280, '2024-01-04T15:00', 137, 100, 35, 'Patient shows early progress in knee stability, continued with light exercises.'); --#3H4O2, 12
INSERT INTO appointment (id, date_time, employee_id, patient_id, therapy_id, session_notes) VALUES (281, '2024-01-08T15:00', 144, 100, 35, 'Slight improvement in knee strength, introduced balance exercises.'); --#3H4O2, 12
INSERT INTO appointment (id, date_time, employee_id, patient_id, therapy_id, session_notes) VALUES (282, '2024-01-10T15:00', 142, 100, 35, 'Good progress in range of motion, pain reduction noticeable.'); --#3H4O2, 12
INSERT INTO appointment (id, date_time, employee_id, patient_id, therapy_id, session_notes) VALUES (283, '2024-01-11T15:00', 146, 100, 35, 'Patient tolerating increased exercise intensity well, improved stability.'); --#3H4O2, 12
INSERT INTO appointment (id, date_time, employee_id, patient_id, therapy_id, session_notes) VALUES (284, '2024-01-15T15:00', 135, 100, 35, 'Continued gains in knee function, focusing on strengthening.'); --#3H4O2, 12
INSERT INTO appointment (id, date_time, employee_id, patient_id, therapy_id, session_notes) VALUES (285, '2024-01-16T15:00', 132, 100, 35, 'Significant improvement in knee mobility and strength.'); --#3H4O2, 12
INSERT INTO appointment (id, date_time, employee_id, patient_id, therapy_id, session_notes) VALUES (286, '2024-01-19T15:00', 142, 100, 35, ''); --#3H4O2, 12
INSERT INTO appointment (id, date_time, employee_id, patient_id, therapy_id, session_notes) VALUES (287, '2024-01-22T15:00', 135, 100, 35, ''); --#3H4O2, 12
INSERT INTO appointment (id, date_time, employee_id, patient_id, therapy_id, session_notes) VALUES (288, '2024-01-24T15:00', 132, 100, 35, ''); --#3H4O2, 12
INSERT INTO appointment (id, date_time, employee_id, patient_id, therapy_id, session_notes) VALUES (289, '2024-01-29T15:00', 145, 100, 35, ''); --#3H4O2, 12
INSERT INTO appointment (id, date_time, employee_id, patient_id, therapy_id, session_notes) VALUES (290, '2024-02-01T15:00', 145, 100, 35, ''); --#3H4O2, 12
INSERT INTO appointment (id, date_time, employee_id, patient_id, therapy_id, session_notes) VALUES (291, '2024-02-05T15:00', 135, 100, 35, ''); --#3H4O2, 12
INSERT INTO appointment (id, date_time, employee_id, patient_id, therapy_id, session_notes) VALUES (292, '2024-02-08T15:00', 142, 100, 35, ''); --#3H4O2, 12
INSERT INTO appointment (id, date_time, employee_id, patient_id, therapy_id, session_notes) VALUES (293, '2024-02-09T15:00', 141, 100, 35, ''); --#3H4O2, 12
INSERT INTO appointment (id, date_time, employee_id, patient_id, therapy_id, session_notes) VALUES (294, '2024-02-12T15:00', 139, 100, 35, ''); --#3H4O2, 12
INSERT INTO appointment (id, date_time, employee_id, patient_id, therapy_id, session_notes) VALUES (295, '2024-02-14T15:00', 126, 100, 35, ''); --#3H4O2, 12
INSERT INTO appointment (id, date_time, employee_id, patient_id, therapy_id, session_notes) VALUES (296, '2024-02-19T15:00', 132, 100, 35, ''); --#3H4O2, 12
INSERT INTO appointment (id, date_time, employee_id, patient_id, therapy_id, session_notes) VALUES (297, '2024-02-20T15:00', 140, 100, 35, ''); --#3H4O2, 12
INSERT INTO appointment (id, date_time, employee_id, patient_id, therapy_id, session_notes) VALUES (298, '2024-02-22T15:00', 140, 100, 35, ''); --#3H4O2, 12
INSERT INTO appointment (id, date_time, employee_id, patient_id, therapy_id, session_notes) VALUES (299, '2024-01-04T10:00', 133, 3, 36, 'Began therapy with gentle stretching, pain management strategies in place.'); --#1G8Z3, 8
INSERT INTO appointment (id, date_time, employee_id, patient_id, therapy_id, session_notes) VALUES (300, '2024-01-08T10:00', 133, 3, 36, 'Slight reduction in tenderness, patient tolerating exercises well.'); --#1G8Z3, 8
INSERT INTO appointment (id, date_time, employee_id, patient_id, therapy_id, session_notes) VALUES (301, '2024-01-10T10:00', 133, 3, 36, 'Patient shows progress in pain reduction and mobility.'); --#1G8Z3, 8
INSERT INTO appointment (id, date_time, employee_id, patient_id, therapy_id, session_notes) VALUES (302, '2024-01-11T10:00', 150, 3, 36, 'Further gains in tendon strength, continuing with progressive exercises.'); --#1G8Z3, 8
INSERT INTO appointment (id, date_time, employee_id, patient_id, therapy_id, session_notes) VALUES (303, '2024-01-15T10:00', 149, 3, 36, 'Patient reports less pain during activity, improved function.'); --#1G8Z3, 8
INSERT INTO appointment (id, date_time, employee_id, patient_id, therapy_id, session_notes) VALUES (304, '2024-01-18T10:00', 150, 3, 36, 'Continued improvement, increased exercise difficulty.'); --#1G8Z3, 8
INSERT INTO appointment (id, date_time, employee_id, patient_id, therapy_id, session_notes) VALUES (305, '2024-01-22T10:00', 149, 3, 36, ''); --#1G8Z3, 8
INSERT INTO appointment (id, date_time, employee_id, patient_id, therapy_id, session_notes) VALUES (306, '2024-01-24T10:00', 133, 3, 36, ''); --#1G8Z3, 8
INSERT INTO appointment (id, date_time, employee_id, patient_id, therapy_id, session_notes) VALUES (307, '2024-01-25T10:00', 150, 3, 36, ''); --#1G8Z3, 8
INSERT INTO appointment (id, date_time, employee_id, patient_id, therapy_id, session_notes) VALUES (308, '2024-01-26T10:00', 150, 3, 36, ''); --#1G8Z3, 8
INSERT INTO appointment (id, date_time, employee_id, patient_id, therapy_id, session_notes) VALUES (309, '2024-01-15T16:00', 147, 82, 38, ''); --#2K6H8, 37
INSERT INTO appointment (id, date_time, employee_id, patient_id, therapy_id, session_notes) VALUES (310, '2024-01-16T16:00', 128, 82, 38, ''); --#2K6H8, 37
INSERT INTO appointment (id, date_time, employee_id, patient_id, therapy_id, session_notes) VALUES (311, '2024-01-19T16:00', 147, 82, 38, ''); --#2K6H8, 37
INSERT INTO appointment (id, date_time, employee_id, patient_id, therapy_id, session_notes) VALUES (312, '2024-01-22T16:00', 147, 82, 38, ''); --#2K6H8, 37
INSERT INTO appointment (id, date_time, employee_id, patient_id, therapy_id, session_notes) VALUES (313, '2024-01-25T16:00', 147, 82, 38, ''); --#2K6H8, 37
INSERT INTO appointment (id, date_time, employee_id, patient_id, therapy_id, session_notes) VALUES (314, '2024-01-29T16:00', 128, 82, 38, ''); --#2K6H8, 37
INSERT INTO appointment (id, date_time, employee_id, patient_id, therapy_id, session_notes) VALUES (315, '2024-02-01T16:00', 147, 82, 38, ''); --#2K6H8, 37
INSERT INTO appointment (id, date_time, employee_id, patient_id, therapy_id, session_notes) VALUES (316, '2024-01-18T08:00', 128, 47, 39, 'Began with relaxation techniques and gentle stretching.'); --#6L2M9, 36
INSERT INTO appointment (id, date_time, employee_id, patient_id, therapy_id, session_notes) VALUES (317, '2024-01-22T08:00', 147, 47, 39, ''); --#6L2M9, 36
INSERT INTO appointment (id, date_time, employee_id, patient_id, therapy_id, session_notes) VALUES (318, '2024-01-23T08:00', 147, 47, 39, ''); --#6L2M9, 36
INSERT INTO appointment (id, date_time, employee_id, patient_id, therapy_id, session_notes) VALUES (319, '2024-01-25T08:00', 128, 47, 39, ''); --#6L2M9, 36
INSERT INTO appointment (id, date_time, employee_id, patient_id, therapy_id, session_notes) VALUES (320, '2024-01-29T08:00', 147, 47, 39, ''); --#6L2M9, 36
INSERT INTO appointment (id, date_time, employee_id, patient_id, therapy_id, session_notes) VALUES (321, '2024-01-31T08:00', 128, 47, 39, ''); --#6L2M9, 36
INSERT INTO appointment (id, date_time, employee_id, patient_id, therapy_id, session_notes) VALUES (322, '2024-01-15T09:00', 143, 14, 40, 'Began gentle mobilization exercises, patient tolerating well.'); --#5G3Y4, 1
INSERT INTO appointment (id, date_time, employee_id, patient_id, therapy_id, session_notes) VALUES (323, '2024-01-16T09:00', 137, 14, 40, 'Slight improvement in shoulder mobility, continuing with prescribed exercises.'); --#5G3Y4, 1
INSERT INTO appointment (id, date_time, employee_id, patient_id, therapy_id, session_notes) VALUES (324, '2024-01-18T09:00', 135, 14, 40, 'Patient showing progress in range of motion, pain slightly reduced.'); --#5G3Y4, 1
INSERT INTO appointment (id, date_time, employee_id, patient_id, therapy_id, session_notes) VALUES (325, '2024-01-22T09:00', 141, 14, 40, ''); --#5G3Y4, 1
INSERT INTO appointment (id, date_time, employee_id, patient_id, therapy_id, session_notes) VALUES (326, '2024-01-23T09:00', 145, 14, 40, ''); --#5G3Y4, 1
INSERT INTO appointment (id, date_time, employee_id, patient_id, therapy_id, session_notes) VALUES (327, '2024-01-25T09:00', 146, 14, 40, ''); --#5G3Y4, 1
INSERT INTO appointment (id, date_time, employee_id, patient_id, therapy_id, session_notes) VALUES (328, '2024-01-26T09:00', 126, 14, 40, ''); --#5G3Y4, 1
INSERT INTO appointment (id, date_time, employee_id, patient_id, therapy_id, session_notes) VALUES (329, '2024-01-29T09:00', 130, 14, 40, ''); --#5G3Y4, 1
INSERT INTO appointment (id, date_time, employee_id, patient_id, therapy_id, session_notes) VALUES (330, '2024-01-30T09:00', 148, 14, 40, ''); --#5G3Y4, 1
INSERT INTO appointment (id, date_time, employee_id, patient_id, therapy_id, session_notes) VALUES (331, '2024-01-31T09:00', 141, 14, 40, ''); --#5G3Y4, 1
INSERT INTO appointment (id, date_time, employee_id, patient_id, therapy_id, session_notes) VALUES (332, '2024-02-02T09:00', 146, 14, 40, ''); --#5G3Y4, 1
INSERT INTO appointment (id, date_time, employee_id, patient_id, therapy_id, session_notes) VALUES (333, '2024-02-05T09:00', 142, 14, 40, ''); --#5G3Y4, 1
INSERT INTO appointment (id, date_time, employee_id, patient_id, therapy_id, session_notes) VALUES (334, '2024-01-09T17:00', 139, 8, 43, 'Assessment completed, initiated posture correction exercises.'); --#8K1H7, 25
INSERT INTO appointment (id, date_time, employee_id, patient_id, therapy_id, session_notes) VALUES (335, '2024-01-11T17:00', 140, 8, 43, 'Patient shows early signs of improved posture, reduced discomfort.'); --#8K1H7, 25
INSERT INTO appointment (id, date_time, employee_id, patient_id, therapy_id, session_notes) VALUES (336, '2024-01-15T17:00', 139, 8, 43, 'Good progress, focusing on strengthening core and back muscles.'); --#8K1H7, 25
INSERT INTO appointment (id, date_time, employee_id, patient_id, therapy_id, session_notes) VALUES (337, '2024-01-18T17:00', 148, 8, 43, 'Notable improvement in posture, reduced neck and back strain.'); --#8K1H7, 25
INSERT INTO appointment (id, date_time, employee_id, patient_id, therapy_id, session_notes) VALUES (338, '2024-01-22T17:00', 148, 8, 43, ''); --#8K1H7, 25
INSERT INTO appointment (id, date_time, employee_id, patient_id, therapy_id, session_notes) VALUES (339, '2024-01-23T17:00', 148, 8, 43, ''); --#8K1H7, 25
INSERT INTO appointment (id, date_time, employee_id, patient_id, therapy_id, session_notes) VALUES (340, '2024-01-24T17:00', 132, 8, 43, ''); --#8K1H7, 25
INSERT INTO appointment (id, date_time, employee_id, patient_id, therapy_id, session_notes) VALUES (341, '2024-01-18T14:00', 137, 51, 45, ''); --#6F2G1, 13
INSERT INTO appointment (id, date_time, employee_id, patient_id, therapy_id, session_notes) VALUES (342, '2024-01-19T14:00', 135, 51, 45, ''); --#6F2G1, 13
INSERT INTO appointment (id, date_time, employee_id, patient_id, therapy_id, session_notes) VALUES (343, '2024-01-22T14:00', 148, 51, 45, ''); --#6F2G1, 13
INSERT INTO appointment (id, date_time, employee_id, patient_id, therapy_id, session_notes) VALUES (344, '2024-01-23T14:00', 148, 51, 45, ''); --#6F2G1, 13
INSERT INTO appointment (id, date_time, employee_id, patient_id, therapy_id, session_notes) VALUES (345, '2024-01-24T14:00', 139, 51, 45, ''); --#6F2G1, 13
INSERT INTO appointment (id, date_time, employee_id, patient_id, therapy_id, session_notes) VALUES (346, '2024-01-26T14:00', 141, 51, 45, ''); --#6F2G1, 13
INSERT INTO appointment (id, date_time, employee_id, patient_id, therapy_id, session_notes) VALUES (347, '2024-01-29T14:00', 141, 51, 45, ''); --#6F2G1, 13
INSERT INTO appointment (id, date_time, employee_id, patient_id, therapy_id, session_notes) VALUES (348, '2024-01-30T14:00', 137, 51, 45, ''); --#6F2G1, 13
INSERT INTO appointment (id, date_time, employee_id, patient_id, therapy_id, session_notes) VALUES (349, '2024-01-01T12:00', 145, 91, 46, 'Began with basic knee mobilization, patient tolerating well.'); --#6F2G1, 13
INSERT INTO appointment (id, date_time, employee_id, patient_id, therapy_id, session_notes) VALUES (350, '2024-01-03T12:00', 135, 91, 46, 'Slight improvement in knee movement, pain management effective.'); --#6F2G1, 13
INSERT INTO appointment (id, date_time, employee_id, patient_id, therapy_id, session_notes) VALUES (351, '2024-01-05T12:00', 140, 91, 46, 'Patient shows progress in strength, introduced more dynamic exercises.'); --#6F2G1, 13
INSERT INTO appointment (id, date_time, employee_id, patient_id, therapy_id, session_notes) VALUES (352, '2024-01-08T12:00', 126, 91, 46, 'Notable improvement in knee function, reduced discomfort.'); --#6F2G1, 13
INSERT INTO appointment (id, date_time, employee_id, patient_id, therapy_id, session_notes) VALUES (353, '2024-01-10T12:00', 145, 91, 46, 'Patient able to perform daily activities with less pain.'); --#6F2G1, 13
INSERT INTO appointment (id, date_time, employee_id, patient_id, therapy_id, session_notes) VALUES (354, '2024-01-12T12:00', 137, 91, 46, 'Continued progress, focusing on knee stability.'); --#6F2G1, 13
INSERT INTO appointment (id, date_time, employee_id, patient_id, therapy_id, session_notes) VALUES (355, '2024-01-15T12:00', 126, 91, 46, 'Significant gains in knee mobility and strength.'); --#6F2G1, 13
INSERT INTO appointment (id, date_time, employee_id, patient_id, therapy_id, session_notes) VALUES (356, '2024-01-17T12:00', 142, 91, 46, 'Knee function nearly back to normal, continue with strengthening exercises.'); --#6F2G1, 13
INSERT INTO appointment (id, date_time, employee_id, patient_id, therapy_id, session_notes) VALUES (357, '2024-01-03T17:00', 137, 12, 47, 'Initiated therapy with gentle stretching and strengthening.'); --#8I5F5, 4
INSERT INTO appointment (id, date_time, employee_id, patient_id, therapy_id, session_notes) VALUES (358, '2024-01-05T17:00', 140, 12, 47, 'Patient reports reduced pain, improved elbow mobility.'); --#8I5F5, 4
INSERT INTO appointment (id, date_time, employee_id, patient_id, therapy_id, session_notes) VALUES (359, '2024-01-08T17:00', 142, 12, 47, 'Progressing with exercises, pain decreasing gradually.'); --#8I5F5, 4
INSERT INTO appointment (id, date_time, employee_id, patient_id, therapy_id, session_notes) VALUES (360, '2024-01-11T17:00', 132, 12, 47, 'Notable improvement in strength, daily activities easier to perform.'); --#8I5F5, 4
INSERT INTO appointment (id, date_time, employee_id, patient_id, therapy_id, session_notes) VALUES (361, '2024-01-15T17:00', 135, 12, 47, 'Continued reduction in pain, especially during wrist movements.'); --#8I5F5, 4
INSERT INTO appointment (id, date_time, employee_id, patient_id, therapy_id, session_notes) VALUES (362, '2024-01-17T17:00', 148, 12, 47, 'Patient able to lift heavier objects with less discomfort.'); --#8I5F5, 4
INSERT INTO appointment (id, date_time, employee_id, patient_id, therapy_id, session_notes) VALUES (363, '2024-01-19T17:00', 142, 12, 47, ''); --#8I5F5, 4
INSERT INTO appointment (id, date_time, employee_id, patient_id, therapy_id, session_notes) VALUES (364, '2024-01-22T17:00', 140, 12, 47, ''); --#8I5F5, 4
INSERT INTO appointment (id, date_time, employee_id, patient_id, therapy_id, session_notes) VALUES (365, '2024-01-05T11:00', 141, 72, 48, 'Began gentle mobilization exercises, patient tolerating well.'); --#5G3Y4, 1
INSERT INTO appointment (id, date_time, employee_id, patient_id, therapy_id, session_notes) VALUES (366, '2024-01-08T11:00', 126, 72, 48, 'Slight improvement in shoulder mobility, continuing with prescribed exercises.'); --#5G3Y4, 1
INSERT INTO appointment (id, date_time, employee_id, patient_id, therapy_id, session_notes) VALUES (367, '2024-01-10T11:00', 142, 72, 48, 'Patient showing progress in range of motion, pain slightly reduced.'); --#5G3Y4, 1
INSERT INTO appointment (id, date_time, employee_id, patient_id, therapy_id, session_notes) VALUES (368, '2024-01-12T11:00', 146, 72, 48, 'Notable improvement in shoulder strength, exercises becoming more challenging.'); --#5G3Y4, 1
INSERT INTO appointment (id, date_time, employee_id, patient_id, therapy_id, session_notes) VALUES (369, '2024-01-15T11:00', 145, 72, 48, 'Patient reports less discomfort, improved daily function.'); --#5G3Y4, 1
INSERT INTO appointment (id, date_time, employee_id, patient_id, therapy_id, session_notes) VALUES (370, '2024-01-18T11:00', 130, 72, 48, 'Continued progress, increased exercise intensity.'); --#5G3Y4, 1
INSERT INTO appointment (id, date_time, employee_id, patient_id, therapy_id, session_notes) VALUES (371, '2024-01-22T11:00', 141, 72, 48, ''); --#5G3Y4, 1
INSERT INTO appointment (id, date_time, employee_id, patient_id, therapy_id, session_notes) VALUES (372, '2024-01-23T11:00', 135, 72, 48, ''); --#5G3Y4, 1
INSERT INTO appointment (id, date_time, employee_id, patient_id, therapy_id, session_notes) VALUES (373, '2024-01-26T11:00', 145, 72, 48, ''); --#5G3Y4, 1
INSERT INTO appointment (id, date_time, employee_id, patient_id, therapy_id, session_notes) VALUES (374, '2024-01-29T11:00', 148, 72, 48, ''); --#5G3Y4, 1
INSERT INTO appointment (id, date_time, employee_id, patient_id, therapy_id, session_notes) VALUES (375, '2024-01-31T11:00', 141, 72, 48, ''); --#5G3Y4, 1
INSERT INTO appointment (id, date_time, employee_id, patient_id, therapy_id, session_notes) VALUES (376, '2024-02-01T11:00', 143, 72, 48, ''); --#5G3Y4, 1
INSERT INTO appointment (id, date_time, employee_id, patient_id, therapy_id, session_notes) VALUES (377, '2024-01-01T09:00', 146, 89, 49, 'Initial assessment done, started with gentle stretching.'); --#7Z8V8, 2
INSERT INTO appointment (id, date_time, employee_id, patient_id, therapy_id, session_notes) VALUES (378, '2024-01-04T09:00', 144, 89, 49, 'Slight improvement in movement, pain management strategies in place.'); --#7Z8V8, 2
INSERT INTO appointment (id, date_time, employee_id, patient_id, therapy_id, session_notes) VALUES (379, '2024-01-05T09:00', 130, 89, 49, 'Patient shows increased range of motion, exercises intensified.'); --#7Z8V8, 2
INSERT INTO appointment (id, date_time, employee_id, patient_id, therapy_id, session_notes) VALUES (380, '2024-01-08T09:00', 148, 89, 49, 'Further improvement in shoulder flexibility.'); --#7Z8V8, 2
INSERT INTO appointment (id, date_time, employee_id, patient_id, therapy_id, session_notes) VALUES (381, '2024-01-10T09:00', 146, 89, 49, 'Patient can perform daily activities with less discomfort.'); --#7Z8V8, 2
INSERT INTO appointment (id, date_time, employee_id, patient_id, therapy_id, session_notes) VALUES (382, '2024-01-15T09:00', 148, 89, 49, 'Significant gains in mobility, therapy progressing well.'); --#7Z8V8, 2
INSERT INTO appointment (id, date_time, employee_id, patient_id, therapy_id, session_notes) VALUES (383, '2024-01-18T09:00', 144, 89, 49, 'Continued improvement, focusing on strengthening.'); --#7Z8V8, 2
INSERT INTO appointment (id, date_time, employee_id, patient_id, therapy_id, session_notes) VALUES (384, '2024-01-22T09:00', 142, 89, 49, ''); --#7Z8V8, 2
INSERT INTO appointment (id, date_time, employee_id, patient_id, therapy_id, session_notes) VALUES (385, '2024-01-23T09:00', 130, 89, 49, ''); --#7Z8V8, 2
INSERT INTO appointment (id, date_time, employee_id, patient_id, therapy_id, session_notes) VALUES (386, '2024-01-25T09:00', 139, 89, 49, ''); --#7Z8V8, 2
INSERT INTO appointment (id, date_time, employee_id, patient_id, therapy_id, session_notes) VALUES (387, '2023-12-29T18:00', 148, 13, 50, 'Started with gentle hip mobilization exercises.'); --#2T8L4, 17
INSERT INTO appointment (id, date_time, employee_id, patient_id, therapy_id, session_notes) VALUES (388, '2024-01-01T18:00', 140, 13, 50, 'Patient reports reduced hip pain, improved mobility.'); --#2T8L4, 17
INSERT INTO appointment (id, date_time, employee_id, patient_id, therapy_id, session_notes) VALUES (389, '2024-01-04T18:00', 141, 13, 50, 'Good progress, introduced hip strengthening exercises.'); --#2T8L4, 17
INSERT INTO appointment (id, date_time, employee_id, patient_id, therapy_id, session_notes) VALUES (390, '2024-01-05T18:00', 132, 13, 50, 'Notable improvement in hip function, pain reducing.'); --#2T8L4, 17
INSERT INTO appointment (id, date_time, employee_id, patient_id, therapy_id, session_notes) VALUES (391, '2024-01-08T18:00', 132, 13, 50, 'Patient able to walk and sit with less discomfort.'); --#2T8L4, 17
INSERT INTO appointment (id, date_time, employee_id, patient_id, therapy_id, session_notes) VALUES (392, '2024-01-09T18:00', 132, 13, 50, 'Continued improvement, focusing on flexibility and strength.'); --#2T8L4, 17
INSERT INTO appointment (id, date_time, employee_id, patient_id, therapy_id, session_notes) VALUES (393, '2024-01-12T18:00', 146, 13, 50, 'Significant reduction in hip pain and inflammation.'); --#2T8L4, 17
INSERT INTO appointment (id, date_time, employee_id, patient_id, therapy_id, session_notes) VALUES (394, '2024-01-15T18:00', 144, 13, 50, 'Hip mobility nearly back to normal, pain well managed.'); --#2T8L4, 17
INSERT INTO appointment (id, date_time, employee_id, patient_id, therapy_id, session_notes) VALUES (395, '2024-01-16T18:00', 140, 13, 50, 'Patient performing all exercises with ease, minimal discomfort.'); --#2T8L4, 17
INSERT INTO appointment (id, date_time, employee_id, patient_id, therapy_id, session_notes) VALUES (396, '2024-01-18T18:00', 132, 13, 50, 'Excellent recovery, advised on long-term hip care.'); --#2T8L4, 17
INSERT INTO appointment (id, date_time, employee_id, patient_id, therapy_id, session_notes) VALUES (397, '2023-12-25T08:00', 136, 40, 51, 'Began with pain assessment and gentle exercises.'); --#7X4N5, 31
INSERT INTO appointment (id, date_time, employee_id, patient_id, therapy_id, session_notes) VALUES (398, '2023-12-28T08:00', 127, 40, 51, 'Patient reports reduced pain levels, improved mood.'); --#7X4N5, 31
INSERT INTO appointment (id, date_time, employee_id, patient_id, therapy_id, session_notes) VALUES (399, '2024-01-01T08:00', 136, 40, 51, 'Good progress, introduced pain coping strategies.'); --#7X4N5, 31
INSERT INTO appointment (id, date_time, employee_id, patient_id, therapy_id, session_notes) VALUES (400, '2024-01-02T08:00', 127, 40, 51, 'Notable improvement in managing chronic pain, increased activity level.'); --#7X4N5, 31
INSERT INTO appointment (id, date_time, employee_id, patient_id, therapy_id, session_notes) VALUES (401, '2024-01-04T08:00', 136, 40, 51, 'Patient more engaged in daily activities, better pain control.'); --#7X4N5, 31
INSERT INTO appointment (id, date_time, employee_id, patient_id, therapy_id, session_notes) VALUES (402, '2024-01-08T08:00', 136, 40, 51, 'Significant improvement in quality of life, pain well managed.'); --#7X4N5, 31
INSERT INTO appointment (id, date_time, employee_id, patient_id, therapy_id, session_notes) VALUES (403, '2024-01-19T13:00', 128, 41, 52, ''); --#6L2M9, 36
INSERT INTO appointment (id, date_time, employee_id, patient_id, therapy_id, session_notes) VALUES (404, '2024-01-22T13:00', 147, 41, 52, ''); --#6L2M9, 36
INSERT INTO appointment (id, date_time, employee_id, patient_id, therapy_id, session_notes) VALUES (405, '2024-01-25T13:00', 128, 41, 52, ''); --#6L2M9, 36
INSERT INTO appointment (id, date_time, employee_id, patient_id, therapy_id, session_notes) VALUES (406, '2024-01-26T13:00', 147, 41, 52, ''); --#6L2M9, 36
INSERT INTO appointment (id, date_time, employee_id, patient_id, therapy_id, session_notes) VALUES (407, '2024-01-29T13:00', 128, 41, 52, ''); --#6L2M9, 36
INSERT INTO appointment (id, date_time, employee_id, patient_id, therapy_id, session_notes) VALUES (408, '2024-01-30T13:00', 128, 41, 52, ''); --#6L2M9, 36
INSERT INTO appointment (id, date_time, employee_id, patient_id, therapy_id, session_notes) VALUES (409, '2023-12-26T17:00', 142, 26, 53, 'Initiated gentle calf and Achilles stretching.'); --#5C3G3, 20
INSERT INTO appointment (id, date_time, employee_id, patient_id, therapy_id, session_notes) VALUES (410, '2023-12-27T17:00', 140, 26, 53, 'Patient reports less stiffness and pain in Achilles tendon.'); --#5C3G3, 20
INSERT INTO appointment (id, date_time, employee_id, patient_id, therapy_id, session_notes) VALUES (411, '2023-12-29T17:00', 140, 26, 53, 'Good progress, increased exercise intensity for tendon strength.'); --#5C3G3, 20
INSERT INTO appointment (id, date_time, employee_id, patient_id, therapy_id, session_notes) VALUES (412, '2024-01-01T17:00', 135, 26, 53, 'Notable improvement in flexibility and pain reduction.'); --#5C3G3, 20
INSERT INTO appointment (id, date_time, employee_id, patient_id, therapy_id, session_notes) VALUES (413, '2024-01-03T17:00', 143, 26, 53, 'Patient able to engage in light jogging with minimal discomfort.'); --#5C3G3, 20
INSERT INTO appointment (id, date_time, employee_id, patient_id, therapy_id, session_notes) VALUES (414, '2024-01-08T17:00', 137, 26, 53, 'Continued gains in Achilles strength, focusing on dynamic exercises.'); --#5C3G3, 20
INSERT INTO appointment (id, date_time, employee_id, patient_id, therapy_id, session_notes) VALUES (415, '2024-01-09T17:00', 132, 26, 53, 'Significant reduction in symptoms, improved tendon function.'); --#5C3G3, 20
INSERT INTO appointment (id, date_time, employee_id, patient_id, therapy_id, session_notes) VALUES (416, '2024-01-10T17:00', 141, 26, 53, 'Patient performing more strenuous activities with ease.'); --#5C3G3, 20
INSERT INTO appointment (id, date_time, employee_id, patient_id, therapy_id, session_notes) VALUES (417, '2024-01-11T17:00', 135, 26, 53, 'Continued improvement, focusing on long-term tendon health.'); --#5C3G3, 20
INSERT INTO appointment (id, date_time, employee_id, patient_id, therapy_id, session_notes) VALUES (418, '2024-01-15T17:00', 132, 26, 53, 'Excellent progress, near-complete recovery in tendon function.'); --#5C3G3, 20
INSERT INTO appointment (id, date_time, employee_id, patient_id, therapy_id, session_notes) VALUES (419, '2024-01-18T17:00', 137, 26, 53, 'Achilles tendon showing great resilience, patient resuming most activities.'); --#5C3G3, 20
INSERT INTO appointment (id, date_time, employee_id, patient_id, therapy_id, session_notes) VALUES (420, '2024-01-22T17:00', 142, 26, 53, ''); --#5C3G3, 20
INSERT INTO appointment (id, date_time, employee_id, patient_id, therapy_id, session_notes) VALUES (421, '2024-01-19T15:00', 129, 15, 54, ''); --#8D2H9, 34
INSERT INTO appointment (id, date_time, employee_id, patient_id, therapy_id, session_notes) VALUES (422, '2024-01-22T15:00', 138, 15, 54, ''); --#8D2H9, 34
INSERT INTO appointment (id, date_time, employee_id, patient_id, therapy_id, session_notes) VALUES (423, '2024-01-25T15:00', 134, 15, 54, ''); --#8D2H9, 34
INSERT INTO appointment (id, date_time, employee_id, patient_id, therapy_id, session_notes) VALUES (424, '2024-01-29T15:00', 138, 15, 54, ''); --#8D2H9, 34
INSERT INTO appointment (id, date_time, employee_id, patient_id, therapy_id, session_notes) VALUES (425, '2024-01-31T15:00', 131, 15, 54, ''); --#8D2H9, 34
INSERT INTO appointment (id, date_time, employee_id, patient_id, therapy_id, session_notes) VALUES (426, '2024-02-01T15:00', 138, 15, 54, ''); --#8D2H9, 34
INSERT INTO appointment (id, date_time, employee_id, patient_id, therapy_id, session_notes) VALUES (427, '2024-02-05T15:00', 134, 15, 54, ''); --#8D2H9, 34
INSERT INTO appointment (id, date_time, employee_id, patient_id, therapy_id, session_notes) VALUES (428, '2024-02-07T15:00', 129, 15, 54, ''); --#8D2H9, 34
INSERT INTO appointment (id, date_time, employee_id, patient_id, therapy_id, session_notes) VALUES (429, '2024-02-09T15:00', 134, 15, 54, ''); --#8D2H9, 34
INSERT INTO appointment (id, date_time, employee_id, patient_id, therapy_id, session_notes) VALUES (430, '2024-02-12T15:00', 138, 15, 54, ''); --#8D2H9, 34
INSERT INTO appointment (id, date_time, employee_id, patient_id, therapy_id, session_notes) VALUES (431, '2024-02-13T15:00', 134, 15, 54, ''); --#8D2H9, 34
INSERT INTO appointment (id, date_time, employee_id, patient_id, therapy_id, session_notes) VALUES (432, '2024-02-14T15:00', 129, 15, 54, ''); --#8D2H9, 34
INSERT INTO appointment (id, date_time, employee_id, patient_id, therapy_id, session_notes) VALUES (433, '2024-02-16T15:00', 134, 15, 54, ''); --#8D2H9, 34
INSERT INTO appointment (id, date_time, employee_id, patient_id, therapy_id, session_notes) VALUES (434, '2024-02-19T15:00', 131, 15, 54, ''); --#8D2H9, 34
INSERT INTO appointment (id, date_time, employee_id, patient_id, therapy_id, session_notes) VALUES (435, '2024-02-20T15:00', 131, 15, 54, ''); --#8D2H9, 34
INSERT INTO appointment (id, date_time, employee_id, patient_id, therapy_id, session_notes) VALUES (436, '2024-02-22T15:00', 129, 15, 54, ''); --#8D2H9, 34
INSERT INTO appointment (id, date_time, employee_id, patient_id, therapy_id, session_notes) VALUES (437, '2024-02-23T15:00', 131, 15, 54, ''); --#8D2H9, 34
INSERT INTO appointment (id, date_time, employee_id, patient_id, therapy_id, session_notes) VALUES (438, '2024-02-26T15:00', 138, 15, 54, ''); --#8D2H9, 34
INSERT INTO appointment (id, date_time, employee_id, patient_id, therapy_id, session_notes) VALUES (439, '2024-02-27T15:00', 131, 15, 54, ''); --#8D2H9, 34
INSERT INTO appointment (id, date_time, employee_id, patient_id, therapy_id, session_notes) VALUES (440, '2024-02-29T15:00', 129, 15, 54, ''); --#8D2H9, 34
INSERT INTO appointment (id, date_time, employee_id, patient_id, therapy_id, session_notes) VALUES (441, '2024-01-09T19:00', 146, 34, 55, 'Assessment completed, initiated posture correction exercises.'); --#8K1H7, 25
INSERT INTO appointment (id, date_time, employee_id, patient_id, therapy_id, session_notes) VALUES (442, '2024-01-12T19:00', 137, 34, 55, 'Patient shows early signs of improved posture, reduced discomfort.'); --#8K1H7, 25
INSERT INTO appointment (id, date_time, employee_id, patient_id, therapy_id, session_notes) VALUES (443, '2024-01-15T19:00', 142, 34, 55, 'Good progress, focusing on strengthening core and back muscles.'); --#8K1H7, 25
INSERT INTO appointment (id, date_time, employee_id, patient_id, therapy_id, session_notes) VALUES (444, '2024-01-17T19:00', 148, 34, 55, 'Notable improvement in posture, reduced neck and back strain.'); --#8K1H7, 25
INSERT INTO appointment (id, date_time, employee_id, patient_id, therapy_id, session_notes) VALUES (445, '2024-01-22T19:00', 142, 34, 55, ''); --#8K1H7, 25
INSERT INTO appointment (id, date_time, employee_id, patient_id, therapy_id, session_notes) VALUES (446, '2024-01-24T19:00', 146, 34, 55, ''); --#8K1H7, 25
INSERT INTO appointment (id, date_time, employee_id, patient_id, therapy_id, session_notes) VALUES (447, '2024-01-29T19:00', 144, 34, 55, ''); --#8K1H7, 25
INSERT INTO appointment (id, date_time, employee_id, patient_id, therapy_id, session_notes) VALUES (448, '2024-01-05T08:00', 132, 75, 56, 'Initial assessment completed, beginning targeted exercises for spinal alignment.'); --#5R9N7, 24
INSERT INTO appointment (id, date_time, employee_id, patient_id, therapy_id, session_notes) VALUES (449, '2024-01-08T08:00', 139, 75, 56, 'Patient is adapting well to exercises, showing early signs of improved posture.'); --#5R9N7, 24
INSERT INTO appointment (id, date_time, employee_id, patient_id, therapy_id, session_notes) VALUES (450, '2024-01-11T08:00', 137, 75, 56, 'Notable progress in spinal alignment, patient demonstrates increased awareness of posture.'); --#5R9N7, 24
INSERT INTO appointment (id, date_time, employee_id, patient_id, therapy_id, session_notes) VALUES (451, '2024-01-15T08:00', 140, 75, 56, 'Continued improvement in alignment, encouraged by patient''s commitment to exercises.'); --#5R9N7, 24
INSERT INTO appointment (id, date_time, employee_id, patient_id, therapy_id, session_notes) VALUES (452, '2024-01-18T08:00', 132, 75, 56, 'Significant reduction in discomfort, spinal curvature showing gradual correction.'); --#5R9N7, 24
INSERT INTO appointment (id, date_time, employee_id, patient_id, therapy_id, session_notes) VALUES (453, '2024-01-19T08:00', 143, 75, 56, ''); --#5R9N7, 24
INSERT INTO appointment (id, date_time, employee_id, patient_id, therapy_id, session_notes) VALUES (454, '2024-01-22T08:00', 145, 75, 56, ''); --#5R9N7, 24
INSERT INTO appointment (id, date_time, employee_id, patient_id, therapy_id, session_notes) VALUES (455, '2024-01-24T08:00', 137, 75, 56, ''); --#5R9N7, 24
INSERT INTO appointment (id, date_time, employee_id, patient_id, therapy_id, session_notes) VALUES (456, '2024-01-17T10:00', 129, 93, 57, 'Initiated low-impact exercises, focusing on joint mobility.'); --#4D5C2, 9
INSERT INTO appointment (id, date_time, employee_id, patient_id, therapy_id, session_notes) VALUES (457, '2024-01-18T10:00', 138, 93, 57, 'Patient reports less morning stiffness, slight improvement in movement.'); --#4D5C2, 9
INSERT INTO appointment (id, date_time, employee_id, patient_id, therapy_id, session_notes) VALUES (458, '2024-01-22T10:00', 134, 93, 57, ''); --#4D5C2, 9
INSERT INTO appointment (id, date_time, employee_id, patient_id, therapy_id, session_notes) VALUES (459, '2024-01-24T10:00', 138, 93, 57, ''); --#4D5C2, 9
INSERT INTO appointment (id, date_time, employee_id, patient_id, therapy_id, session_notes) VALUES (460, '2024-01-29T10:00', 131, 93, 57, ''); --#4D5C2, 9
INSERT INTO appointment (id, date_time, employee_id, patient_id, therapy_id, session_notes) VALUES (461, '2024-01-30T10:00', 134, 93, 57, ''); --#4D5C2, 9
INSERT INTO appointment (id, date_time, employee_id, patient_id, therapy_id, session_notes) VALUES (462, '2024-02-02T10:00', 134, 93, 57, ''); --#4D5C2, 9
INSERT INTO appointment (id, date_time, employee_id, patient_id, therapy_id, session_notes) VALUES (463, '2024-02-05T10:00', 134, 93, 57, ''); --#4D5C2, 9
INSERT INTO appointment (id, date_time, employee_id, patient_id, therapy_id, session_notes) VALUES (464, '2023-12-28T16:00', 139, 102, 58, 'Assessment completed, initiated posture correction exercises.'); --#8K1H7, 25
INSERT INTO appointment (id, date_time, employee_id, patient_id, therapy_id, session_notes) VALUES (465, '2023-12-29T16:00', 148, 102, 58, 'Patient shows early signs of improved posture, reduced discomfort.'); --#8K1H7, 25
INSERT INTO appointment (id, date_time, employee_id, patient_id, therapy_id, session_notes) VALUES (466, '2024-01-01T16:00', 145, 102, 58, 'Good progress, focusing on strengthening core and back muscles.'); --#8K1H7, 25
INSERT INTO appointment (id, date_time, employee_id, patient_id, therapy_id, session_notes) VALUES (467, '2024-01-04T16:00', 137, 102, 58, 'Notable improvement in posture, reduced neck and back strain.'); --#8K1H7, 25
INSERT INTO appointment (id, date_time, employee_id, patient_id, therapy_id, session_notes) VALUES (468, '2024-01-08T16:00', 126, 102, 58, 'Patient more aware of proper posture, continuing with exercises.'); --#8K1H7, 25
INSERT INTO appointment (id, date_time, employee_id, patient_id, therapy_id, session_notes) VALUES (469, '2024-01-10T16:00', 132, 102, 58, 'Continued improvement, significant reduction in pain and tension.'); --#8K1H7, 25
INSERT INTO appointment (id, date_time, employee_id, patient_id, therapy_id, session_notes) VALUES (470, '2024-01-11T16:00', 139, 102, 58, 'Excellent progress, patient demonstrates much improved posture.'); --#8K1H7, 25
INSERT INTO appointment (id, date_time, employee_id, patient_id, therapy_id, session_notes) VALUES (471, '2024-01-17T15:00', 139, 68, 59, 'Initial assessment done, started with gentle stretching.'); --#7Z8V8, 2
INSERT INTO appointment (id, date_time, employee_id, patient_id, therapy_id, session_notes) VALUES (472, '2024-01-22T15:00', 135, 68, 59, ''); --#7Z8V8, 2
INSERT INTO appointment (id, date_time, employee_id, patient_id, therapy_id, session_notes) VALUES (473, '2024-01-25T15:00', 139, 68, 59, ''); --#7Z8V8, 2
INSERT INTO appointment (id, date_time, employee_id, patient_id, therapy_id, session_notes) VALUES (474, '2024-01-29T15:00', 148, 68, 59, ''); --#7Z8V8, 2
INSERT INTO appointment (id, date_time, employee_id, patient_id, therapy_id, session_notes) VALUES (475, '2024-01-30T15:00', 143, 68, 59, ''); --#7Z8V8, 2
INSERT INTO appointment (id, date_time, employee_id, patient_id, therapy_id, session_notes) VALUES (476, '2024-01-31T15:00', 137, 68, 59, ''); --#7Z8V8, 2
INSERT INTO appointment (id, date_time, employee_id, patient_id, therapy_id, session_notes) VALUES (477, '2024-02-05T15:00', 145, 68, 59, ''); --#7Z8V8, 2
INSERT INTO appointment (id, date_time, employee_id, patient_id, therapy_id, session_notes) VALUES (478, '2024-02-06T15:00', 146, 68, 59, ''); --#7Z8V8, 2
INSERT INTO appointment (id, date_time, employee_id, patient_id, therapy_id, session_notes) VALUES (479, '2024-02-07T15:00', 141, 68, 59, ''); --#7Z8V8, 2
INSERT INTO appointment (id, date_time, employee_id, patient_id, therapy_id, session_notes) VALUES (480, '2024-02-12T15:00', 130, 68, 59, ''); --#7Z8V8, 2
INSERT INTO appointment (id, date_time, employee_id, patient_id, therapy_id, session_notes) VALUES (481, '2024-01-17T17:00', 147, 84, 60, ''); --#2K6H8, 37
INSERT INTO appointment (id, date_time, employee_id, patient_id, therapy_id, session_notes) VALUES (482, '2024-01-22T17:00', 128, 84, 60, ''); --#2K6H8, 37
INSERT INTO appointment (id, date_time, employee_id, patient_id, therapy_id, session_notes) VALUES (483, '2024-01-25T17:00', 128, 84, 60, ''); --#2K6H8, 37
INSERT INTO appointment (id, date_time, employee_id, patient_id, therapy_id, session_notes) VALUES (484, '2024-01-26T17:00', 128, 84, 60, ''); --#2K6H8, 37
INSERT INTO appointment (id, date_time, employee_id, patient_id, therapy_id, session_notes) VALUES (485, '2024-01-29T17:00', 147, 84, 60, ''); --#2K6H8, 37
INSERT INTO appointment (id, date_time, employee_id, patient_id, therapy_id, session_notes) VALUES (486, '2024-02-01T17:00', 147, 84, 60, ''); --#2K6H8, 37
INSERT INTO appointment (id, date_time, employee_id, patient_id, therapy_id, session_notes) VALUES (487, '2024-02-05T17:00', 147, 84, 60, ''); --#2K6H8, 37
INSERT INTO appointment (id, date_time, employee_id, patient_id, therapy_id, session_notes) VALUES (488, '2024-01-18T12:00', 136, 23, 61, 'Began with basic motor skill exercises, patient showing initial progress.'); --#9P3R1, 29
INSERT INTO appointment (id, date_time, employee_id, patient_id, therapy_id, session_notes) VALUES (489, '2024-01-22T12:00', 136, 23, 61, ''); --#9P3R1, 29
INSERT INTO appointment (id, date_time, employee_id, patient_id, therapy_id, session_notes) VALUES (490, '2024-01-25T12:00', 127, 23, 61, ''); --#9P3R1, 29
INSERT INTO appointment (id, date_time, employee_id, patient_id, therapy_id, session_notes) VALUES (491, '2024-01-29T12:00', 136, 23, 61, ''); --#9P3R1, 29
INSERT INTO appointment (id, date_time, employee_id, patient_id, therapy_id, session_notes) VALUES (492, '2024-01-31T12:00', 136, 23, 61, ''); --#9P3R1, 29
INSERT INTO appointment (id, date_time, employee_id, patient_id, therapy_id, session_notes) VALUES (493, '2024-02-02T12:00', 127, 23, 61, ''); --#9P3R1, 29
INSERT INTO appointment (id, date_time, employee_id, patient_id, therapy_id, session_notes) VALUES (494, '2024-02-05T12:00', 127, 23, 61, ''); --#9P3R1, 29
INSERT INTO appointment (id, date_time, employee_id, patient_id, therapy_id, session_notes) VALUES (495, '2024-02-08T12:00', 127, 23, 61, ''); --#9P3R1, 29
INSERT INTO appointment (id, date_time, employee_id, patient_id, therapy_id, session_notes) VALUES (496, '2024-02-09T12:00', 136, 23, 61, ''); --#9P3R1, 29
INSERT INTO appointment (id, date_time, employee_id, patient_id, therapy_id, session_notes) VALUES (497, '2024-02-12T12:00', 127, 23, 61, ''); --#9P3R1, 29
INSERT INTO appointment (id, date_time, employee_id, patient_id, therapy_id, session_notes) VALUES (498, '2024-02-14T12:00', 127, 23, 61, ''); --#9P3R1, 29
INSERT INTO appointment (id, date_time, employee_id, patient_id, therapy_id, session_notes) VALUES (499, '2024-02-16T12:00', 136, 23, 61, ''); --#9P3R1, 29
INSERT INTO appointment (id, date_time, employee_id, patient_id, therapy_id, session_notes) VALUES (500, '2024-02-19T12:00', 136, 23, 61, ''); --#9P3R1, 29
INSERT INTO appointment (id, date_time, employee_id, patient_id, therapy_id, session_notes) VALUES (501, '2024-02-21T12:00', 127, 23, 61, ''); --#9P3R1, 29
INSERT INTO appointment (id, date_time, employee_id, patient_id, therapy_id, session_notes) VALUES (502, '2024-02-23T12:00', 136, 23, 61, ''); --#9P3R1, 29
INSERT INTO appointment (id, date_time, employee_id, patient_id, therapy_id, session_notes) VALUES (503, '2024-02-26T12:00', 136, 23, 61, ''); --#9P3R1, 29
INSERT INTO appointment (id, date_time, employee_id, patient_id, therapy_id, session_notes) VALUES (504, '2024-02-27T12:00', 127, 23, 61, ''); --#9P3R1, 29
INSERT INTO appointment (id, date_time, employee_id, patient_id, therapy_id, session_notes) VALUES (505, '2024-02-29T12:00', 127, 23, 61, ''); --#9P3R1, 29
INSERT INTO appointment (id, date_time, employee_id, patient_id, therapy_id, session_notes) VALUES (506, '2024-03-04T12:00', 136, 23, 61, ''); --#9P3R1, 29
INSERT INTO appointment (id, date_time, employee_id, patient_id, therapy_id, session_notes) VALUES (507, '2024-03-07T12:00', 127, 23, 61, ''); --#9P3R1, 29
INSERT INTO appointment (id, date_time, employee_id, patient_id, therapy_id, session_notes) VALUES (508, '2024-01-01T18:00', 147, 30, 62, 'Started with gentle range of motion exercises, patient coping well.'); --#4N8P5, 10
INSERT INTO appointment (id, date_time, employee_id, patient_id, therapy_id, session_notes) VALUES (509, '2024-01-04T18:00', 128, 30, 62, 'Slight reduction in joint pain and swelling.'); --#4N8P5, 10
INSERT INTO appointment (id, date_time, employee_id, patient_id, therapy_id, session_notes) VALUES (510, '2024-01-08T18:00', 128, 30, 62, 'Patient shows progress in mobility, continuing with prescribed exercises.'); --#4N8P5, 10
INSERT INTO appointment (id, date_time, employee_id, patient_id, therapy_id, session_notes) VALUES (511, '2024-01-09T18:00', 128, 30, 62, 'Further gains in joint function, reduced discomfort.'); --#4N8P5, 10
INSERT INTO appointment (id, date_time, employee_id, patient_id, therapy_id, session_notes) VALUES (512, '2024-01-10T18:00', 128, 30, 62, 'Patient reports significant reduction in pain during movement.'); --#4N8P5, 10
INSERT INTO appointment (id, date_time, employee_id, patient_id, therapy_id, session_notes) VALUES (513, '2024-01-11T18:00', 128, 30, 62, 'Continued improvement, focusing on strengthening surrounding muscles.'); --#4N8P5, 10
INSERT INTO appointment (id, date_time, employee_id, patient_id, therapy_id, session_notes) VALUES (514, '2024-01-12T18:00', 128, 30, 62, 'Significant reduction in inflammation and pain.'); --#4N8P5, 10
INSERT INTO appointment (id, date_time, employee_id, patient_id, therapy_id, session_notes) VALUES (515, '2024-01-15T18:00', 128, 30, 62, 'Joint function nearly back to normal, advised on preventive strategies.'); --#4N8P5, 10
INSERT INTO appointment (id, date_time, employee_id, patient_id, therapy_id, session_notes) VALUES (516, '2024-01-17T10:00', 147, 86, 63, ''); --#4N8P5, 10
INSERT INTO appointment (id, date_time, employee_id, patient_id, therapy_id, session_notes) VALUES (517, '2024-01-18T10:00', 128, 86, 63, ''); --#4N8P5, 10
INSERT INTO appointment (id, date_time, employee_id, patient_id, therapy_id, session_notes) VALUES (518, '2024-01-19T10:00', 128, 86, 63, ''); --#4N8P5, 10
INSERT INTO appointment (id, date_time, employee_id, patient_id, therapy_id, session_notes) VALUES (519, '2024-01-22T10:00', 128, 86, 63, ''); --#4N8P5, 10
INSERT INTO appointment (id, date_time, employee_id, patient_id, therapy_id, session_notes) VALUES (520, '2024-01-25T10:00', 147, 86, 63, ''); --#4N8P5, 10
INSERT INTO appointment (id, date_time, employee_id, patient_id, therapy_id, session_notes) VALUES (521, '2024-01-29T10:00', 147, 86, 63, ''); --#4N8P5, 10
INSERT INTO appointment (id, date_time, employee_id, patient_id, therapy_id, session_notes) VALUES (522, '2024-02-01T10:00', 128, 86, 63, ''); --#4N8P5, 10
INSERT INTO appointment (id, date_time, employee_id, patient_id, therapy_id, session_notes) VALUES (523, '2024-02-05T10:00', 147, 86, 63, ''); --#4N8P5, 10
INSERT INTO appointment (id, date_time, employee_id, patient_id, therapy_id, session_notes) VALUES (524, '2024-01-05T18:00', 128, 49, 64, 'Initiated gentle exercises tailored for joint mobility.'); --#7R3N6, 11
INSERT INTO appointment (id, date_time, employee_id, patient_id, therapy_id, session_notes) VALUES (525, '2024-01-08T18:00', 128, 49, 64, 'Patient reports reduced pain, especially in the mornings.'); --#7R3N6, 11
INSERT INTO appointment (id, date_time, employee_id, patient_id, therapy_id, session_notes) VALUES (526, '2024-01-09T18:00', 128, 49, 64, 'Good progress, introduced more dynamic exercises.'); --#7R3N6, 11
INSERT INTO appointment (id, date_time, employee_id, patient_id, therapy_id, session_notes) VALUES (527, '2024-01-12T18:00', 128, 49, 64, 'Notable improvement in joint flexibility and strength.'); --#7R3N6, 11
INSERT INTO appointment (id, date_time, employee_id, patient_id, therapy_id, session_notes) VALUES (528, '2024-01-15T18:00', 128, 49, 64, 'Patient managing daily activities with less discomfort.'); --#7R3N6, 11
INSERT INTO appointment (id, date_time, employee_id, patient_id, therapy_id, session_notes) VALUES (529, '2024-01-17T18:00', 128, 49, 64, 'Continued improvement, exercises becoming more challenging.'); --#7R3N6, 11
INSERT INTO appointment (id, date_time, employee_id, patient_id, therapy_id, session_notes) VALUES (530, '2024-01-18T18:00', 147, 49, 64, 'Significant gains in joint function, pain management effective.'); --#7R3N6, 11
INSERT INTO appointment (id, date_time, employee_id, patient_id, therapy_id, session_notes) VALUES (531, '2024-01-22T18:00', 128, 49, 64, ''); --#7R3N6, 11
INSERT INTO appointment (id, date_time, employee_id, patient_id, therapy_id, session_notes) VALUES (532, '2024-01-11T19:00', 132, 90, 65, 'Began therapy with foot and calf stretching.'); --#6B5Q3, 19
INSERT INTO appointment (id, date_time, employee_id, patient_id, therapy_id, session_notes) VALUES (533, '2024-01-15T19:00', 139, 90, 65, 'Patient reports less heel pain, especially in the mornings.'); --#6B5Q3, 19
INSERT INTO appointment (id, date_time, employee_id, patient_id, therapy_id, session_notes) VALUES (534, '2024-01-16T19:00', 139, 90, 65, 'Good progress, introduced strengthening exercises for foot arch.'); --#6B5Q3, 19
INSERT INTO appointment (id, date_time, employee_id, patient_id, therapy_id, session_notes) VALUES (535, '2024-01-17T19:00', 137, 90, 65, 'Notable reduction in heel pain, arch support exercises effective.'); --#6B5Q3, 19
INSERT INTO appointment (id, date_time, employee_id, patient_id, therapy_id, session_notes) VALUES (536, '2024-01-19T19:00', 148, 90, 65, ''); --#6B5Q3, 19
INSERT INTO appointment (id, date_time, employee_id, patient_id, therapy_id, session_notes) VALUES (537, '2024-01-22T19:00', 145, 90, 65, ''); --#6B5Q3, 19
INSERT INTO appointment (id, date_time, employee_id, patient_id, therapy_id, session_notes) VALUES (538, '2024-01-23T19:00', 142, 90, 65, ''); --#6B5Q3, 19
INSERT INTO appointment (id, date_time, employee_id, patient_id, therapy_id, session_notes) VALUES (539, '2024-01-24T19:00', 142, 90, 65, ''); --#6B5Q3, 19
INSERT INTO appointment (id, date_time, employee_id, patient_id, therapy_id, session_notes) VALUES (540, '2023-12-29T10:00', 145, 92, 66, 'Began therapy with gentle calf and shin stretching.'); --#7P3Y5, 15
INSERT INTO appointment (id, date_time, employee_id, patient_id, therapy_id, session_notes) VALUES (541, '2024-01-01T10:00', 145, 92, 66, 'Patient reports less shin pain during walking, good progress.'); --#7P3Y5, 15
INSERT INTO appointment (id, date_time, employee_id, patient_id, therapy_id, session_notes) VALUES (542, '2024-01-02T10:00', 148, 92, 66, 'Continued improvement, focusing on strengthening lower leg muscles.'); --#7P3Y5, 15
INSERT INTO appointment (id, date_time, employee_id, patient_id, therapy_id, session_notes) VALUES (543, '2024-01-05T10:00', 135, 92, 66, 'Notable reduction in discomfort, introduced impact control exercises.'); --#7P3Y5, 15
INSERT INTO appointment (id, date_time, employee_id, patient_id, therapy_id, session_notes) VALUES (544, '2024-01-08T10:00', 148, 92, 66, 'Patient able to engage in light jogging with minimal pain.'); --#7P3Y5, 15
INSERT INTO appointment (id, date_time, employee_id, patient_id, therapy_id, session_notes) VALUES (545, '2024-01-10T10:00', 137, 92, 66, 'Excellent recovery, advised on proper footwear and running techniques.'); --#7P3Y5, 15
INSERT INTO appointment (id, date_time, employee_id, patient_id, therapy_id, session_notes) VALUES (546, '2024-01-09T10:00', 143, 79, 68, 'Initiated therapy with non-weight bearing exercises.'); --#9M8D2, 16
INSERT INTO appointment (id, date_time, employee_id, patient_id, therapy_id, session_notes) VALUES (547, '2024-01-10T10:00', 146, 79, 68, 'Patient reports reduced pain, slight improvement in mobility.'); --#9M8D2, 16
INSERT INTO appointment (id, date_time, employee_id, patient_id, therapy_id, session_notes) VALUES (548, '2024-01-12T10:00', 148, 79, 68, 'Good progress, introduced gentle weight-bearing activities.'); --#9M8D2, 16
INSERT INTO appointment (id, date_time, employee_id, patient_id, therapy_id, session_notes) VALUES (549, '2024-01-15T10:00', 137, 79, 68, 'Further improvement in function, pain management effective.'); --#9M8D2, 16
INSERT INTO appointment (id, date_time, employee_id, patient_id, therapy_id, session_notes) VALUES (550, '2024-01-17T10:00', 137, 79, 68, 'Patient able to perform daily activities with less discomfort.'); --#9M8D2, 16
INSERT INTO appointment (id, date_time, employee_id, patient_id, therapy_id, session_notes) VALUES (551, '2024-01-19T10:00', 130, 79, 68, ''); --#9M8D2, 16
INSERT INTO appointment (id, date_time, employee_id, patient_id, therapy_id, session_notes) VALUES (552, '2024-01-22T10:00', 140, 79, 68, ''); --#9M8D2, 16
INSERT INTO appointment (id, date_time, employee_id, patient_id, therapy_id, session_notes) VALUES (553, '2024-01-24T10:00', 140, 79, 68, ''); --#9M8D2, 16
INSERT INTO appointment (id, date_time, employee_id, patient_id, therapy_id, session_notes) VALUES (554, '2024-01-25T10:00', 143, 79, 68, ''); --#9M8D2, 16
INSERT INTO appointment (id, date_time, employee_id, patient_id, therapy_id, session_notes) VALUES (555, '2024-01-26T10:00', 135, 79, 68, ''); --#9M8D2, 16
INSERT INTO appointment (id, date_time, employee_id, patient_id, therapy_id, session_notes) VALUES (556, '2024-01-10T19:00', 137, 18, 72, 'Started with gentle hip mobilization exercises.'); --#2T8L4, 17
INSERT INTO appointment (id, date_time, employee_id, patient_id, therapy_id, session_notes) VALUES (557, '2024-01-11T19:00', 146, 18, 72, 'Patient reports reduced hip pain, improved mobility.'); --#2T8L4, 17
INSERT INTO appointment (id, date_time, employee_id, patient_id, therapy_id, session_notes) VALUES (558, '2024-01-12T19:00', 139, 18, 72, 'Good progress, introduced hip strengthening exercises.'); --#2T8L4, 17
INSERT INTO appointment (id, date_time, employee_id, patient_id, therapy_id, session_notes) VALUES (559, '2024-01-15T19:00', 146, 18, 72, 'Notable improvement in hip function, pain reducing.'); --#2T8L4, 17
INSERT INTO appointment (id, date_time, employee_id, patient_id, therapy_id, session_notes) VALUES (560, '2024-01-16T19:00', 126, 18, 72, 'Patient able to walk and sit with less discomfort.'); --#2T8L4, 17
INSERT INTO appointment (id, date_time, employee_id, patient_id, therapy_id, session_notes) VALUES (561, '2024-01-18T19:00', 143, 18, 72, 'Continued improvement, focusing on flexibility and strength.'); --#2T8L4, 17
INSERT INTO appointment (id, date_time, employee_id, patient_id, therapy_id, session_notes) VALUES (562, '2024-01-22T19:00', 145, 18, 72, ''); --#2T8L4, 17
INSERT INTO appointment (id, date_time, employee_id, patient_id, therapy_id, session_notes) VALUES (563, '2024-01-24T19:00', 126, 18, 72, ''); --#2T8L4, 17
INSERT INTO appointment (id, date_time, employee_id, patient_id, therapy_id, session_notes) VALUES (564, '2024-01-26T19:00', 145, 18, 72, ''); --#2T8L4, 17
INSERT INTO appointment (id, date_time, employee_id, patient_id, therapy_id, session_notes) VALUES (565, '2024-01-29T19:00', 143, 18, 72, ''); --#2T8L4, 17
INSERT INTO appointment (id, date_time, employee_id, patient_id, therapy_id, session_notes) VALUES (566, '2024-01-08T10:00', 148, 4, 73, 'Began gentle mobilization exercises, patient tolerating well.'); --#5G3Y4, 1
INSERT INTO appointment (id, date_time, employee_id, patient_id, therapy_id, session_notes) VALUES (567, '2024-01-09T10:00', 144, 4, 73, 'Slight improvement in shoulder mobility, continuing with prescribed exercises.'); --#5G3Y4, 1
INSERT INTO appointment (id, date_time, employee_id, patient_id, therapy_id, session_notes) VALUES (568, '2024-01-10T10:00', 126, 4, 73, 'Patient showing progress in range of motion, pain slightly reduced.'); --#5G3Y4, 1
INSERT INTO appointment (id, date_time, employee_id, patient_id, therapy_id, session_notes) VALUES (569, '2024-01-15T10:00', 145, 4, 73, 'Notable improvement in shoulder strength, exercises becoming more challenging.'); --#5G3Y4, 1
INSERT INTO appointment (id, date_time, employee_id, patient_id, therapy_id, session_notes) VALUES (570, '2024-01-17T10:00', 140, 4, 73, 'Patient reports less discomfort, improved daily function.'); --#5G3Y4, 1
INSERT INTO appointment (id, date_time, employee_id, patient_id, therapy_id, session_notes) VALUES (571, '2024-01-19T10:00', 137, 4, 73, ''); --#5G3Y4, 1
INSERT INTO appointment (id, date_time, employee_id, patient_id, therapy_id, session_notes) VALUES (572, '2024-01-22T10:00', 143, 4, 73, ''); --#5G3Y4, 1
INSERT INTO appointment (id, date_time, employee_id, patient_id, therapy_id, session_notes) VALUES (573, '2024-01-25T10:00', 135, 4, 73, ''); --#5G3Y4, 1
INSERT INTO appointment (id, date_time, employee_id, patient_id, therapy_id, session_notes) VALUES (574, '2024-01-26T10:00', 142, 4, 73, ''); --#5G3Y4, 1
INSERT INTO appointment (id, date_time, employee_id, patient_id, therapy_id, session_notes) VALUES (575, '2024-01-29T10:00', 137, 4, 73, ''); --#5G3Y4, 1
INSERT INTO appointment (id, date_time, employee_id, patient_id, therapy_id, session_notes) VALUES (576, '2024-02-01T10:00', 144, 4, 73, ''); --#5G3Y4, 1
INSERT INTO appointment (id, date_time, employee_id, patient_id, therapy_id, session_notes) VALUES (577, '2024-02-02T10:00', 148, 4, 73, ''); --#5G3Y4, 1
INSERT INTO appointment (id, date_time, employee_id, patient_id, therapy_id, session_notes) VALUES (578, '2024-01-04T08:00', 139, 35, 74, 'Began with basic knee mobilization, patient tolerating well.'); --#6F2G1, 13
INSERT INTO appointment (id, date_time, employee_id, patient_id, therapy_id, session_notes) VALUES (579, '2024-01-05T08:00', 143, 35, 74, 'Slight improvement in knee movement, pain management effective.'); --#6F2G1, 13
INSERT INTO appointment (id, date_time, employee_id, patient_id, therapy_id, session_notes) VALUES (580, '2024-01-08T08:00', 145, 35, 74, 'Patient shows progress in strength, introduced more dynamic exercises.'); --#6F2G1, 13
INSERT INTO appointment (id, date_time, employee_id, patient_id, therapy_id, session_notes) VALUES (581, '2024-01-09T08:00', 144, 35, 74, 'Notable improvement in knee function, reduced discomfort.'); --#6F2G1, 13
INSERT INTO appointment (id, date_time, employee_id, patient_id, therapy_id, session_notes) VALUES (582, '2024-01-12T08:00', 146, 35, 74, 'Patient able to perform daily activities with less pain.'); --#6F2G1, 13
INSERT INTO appointment (id, date_time, employee_id, patient_id, therapy_id, session_notes) VALUES (583, '2024-01-15T08:00', 141, 35, 74, 'Continued progress, focusing on knee stability.'); --#6F2G1, 13
INSERT INTO appointment (id, date_time, employee_id, patient_id, therapy_id, session_notes) VALUES (584, '2024-01-16T08:00', 141, 35, 74, 'Significant gains in knee mobility and strength.'); --#6F2G1, 13
INSERT INTO appointment (id, date_time, employee_id, patient_id, therapy_id, session_notes) VALUES (585, '2024-01-18T08:00', 137, 35, 74, 'Knee function nearly back to normal, continue with strengthening exercises.'); --#6F2G1, 13
INSERT INTO appointment (id, date_time, employee_id, patient_id, therapy_id, session_notes) VALUES (586, '2024-01-12T19:00', 150, 22, 75, 'Started with low-impact exercises, patient adapting well.'); --#6F6P9, 7
INSERT INTO appointment (id, date_time, employee_id, patient_id, therapy_id, session_notes) VALUES (587, '2024-01-15T19:00', 150, 22, 75, 'Patient reports reduced joint stiffness, especially in the morning.'); --#6F6P9, 7
INSERT INTO appointment (id, date_time, employee_id, patient_id, therapy_id, session_notes) VALUES (588, '2024-01-18T19:00', 149, 22, 75, 'Continued progress with range of motion exercises.'); --#6F6P9, 7
INSERT INTO appointment (id, date_time, employee_id, patient_id, therapy_id, session_notes) VALUES (589, '2024-01-19T19:00', 150, 22, 75, ''); --#6F6P9, 7
INSERT INTO appointment (id, date_time, employee_id, patient_id, therapy_id, session_notes) VALUES (590, '2024-01-22T19:00', 149, 22, 75, ''); --#6F6P9, 7
INSERT INTO appointment (id, date_time, employee_id, patient_id, therapy_id, session_notes) VALUES (591, '2024-01-23T19:00', 133, 22, 75, ''); --#6F6P9, 7
INSERT INTO appointment (id, date_time, employee_id, patient_id, therapy_id, session_notes) VALUES (592, '2024-01-24T19:00', 133, 22, 75, ''); --#6F6P9, 7
INSERT INTO appointment (id, date_time, employee_id, patient_id, therapy_id, session_notes) VALUES (593, '2024-01-25T19:00', 150, 22, 75, ''); --#6F6P9, 7
INSERT INTO appointment (id, date_time, employee_id, patient_id, therapy_id, session_notes) VALUES (594, '2024-01-04T18:00', 149, 39, 76, 'Began with injury assessment and basic mobility exercises.'); --#5Z9B5, 33
INSERT INTO appointment (id, date_time, employee_id, patient_id, therapy_id, session_notes) VALUES (595, '2024-01-08T18:00', 133, 39, 76, 'Patient shows early signs of recovery, reduced pain.'); --#5Z9B5, 33
INSERT INTO appointment (id, date_time, employee_id, patient_id, therapy_id, session_notes) VALUES (596, '2024-01-09T18:00', 150, 39, 76, 'Good progress, focusing on regaining strength in injured area.'); --#5Z9B5, 33
INSERT INTO appointment (id, date_time, employee_id, patient_id, therapy_id, session_notes) VALUES (597, '2024-01-11T18:00', 133, 39, 76, 'Notable improvement in injury recovery, increased exercise intensity.'); --#5Z9B5, 33
INSERT INTO appointment (id, date_time, employee_id, patient_id, therapy_id, session_notes) VALUES (598, '2024-01-12T18:00', 150, 39, 76, 'Patient able to engage in light sports activities with minimal discomfort.'); --#5Z9B5, 33
INSERT INTO appointment (id, date_time, employee_id, patient_id, therapy_id, session_notes) VALUES (599, '2024-01-15T18:00', 149, 39, 76, 'Continued improvement in sports-specific movements.'); --#5Z9B5, 33
INSERT INTO appointment (id, date_time, employee_id, patient_id, therapy_id, session_notes) VALUES (600, '2024-01-18T18:00', 150, 39, 76, 'Significant gains in function, injury healing well.'); --#5Z9B5, 33
INSERT INTO appointment (id, date_time, employee_id, patient_id, therapy_id, session_notes) VALUES (601, '2024-01-22T18:00', 150, 39, 76, ''); --#5Z9B5, 33
INSERT INTO appointment (id, date_time, employee_id, patient_id, therapy_id, session_notes) VALUES (602, '2024-01-17T12:00', 131, 45, 77, 'Initiated low-impact exercises, focusing on joint mobility.'); --#4D5C2, 9
INSERT INTO appointment (id, date_time, employee_id, patient_id, therapy_id, session_notes) VALUES (603, '2024-01-22T12:00', 131, 45, 77, ''); --#4D5C2, 9
INSERT INTO appointment (id, date_time, employee_id, patient_id, therapy_id, session_notes) VALUES (604, '2024-01-23T12:00', 131, 45, 77, ''); --#4D5C2, 9
INSERT INTO appointment (id, date_time, employee_id, patient_id, therapy_id, session_notes) VALUES (605, '2024-01-24T12:00', 131, 45, 77, ''); --#4D5C2, 9
INSERT INTO appointment (id, date_time, employee_id, patient_id, therapy_id, session_notes) VALUES (606, '2024-01-25T12:00', 129, 45, 77, ''); --#4D5C2, 9
INSERT INTO appointment (id, date_time, employee_id, patient_id, therapy_id, session_notes) VALUES (607, '2024-01-26T12:00', 131, 45, 77, ''); --#4D5C2, 9
INSERT INTO appointment (id, date_time, employee_id, patient_id, therapy_id, session_notes) VALUES (608, '2024-01-29T12:00', 129, 45, 77, ''); --#4D5C2, 9
INSERT INTO appointment (id, date_time, employee_id, patient_id, therapy_id, session_notes) VALUES (609, '2024-01-31T12:00', 134, 45, 77, ''); --#4D5C2, 9
INSERT INTO appointment (id, date_time, employee_id, patient_id, therapy_id, session_notes) VALUES (610, '2024-01-15T17:00', 128, 104, 78, 'Initiated gentle exercises tailored for joint mobility.'); --#7R3N6, 11
INSERT INTO appointment (id, date_time, employee_id, patient_id, therapy_id, session_notes) VALUES (611, '2024-01-18T17:00', 128, 104, 78, 'Patient reports reduced pain, especially in the mornings.'); --#7R3N6, 11
INSERT INTO appointment (id, date_time, employee_id, patient_id, therapy_id, session_notes) VALUES (612, '2024-01-22T17:00', 147, 104, 78, ''); --#7R3N6, 11
INSERT INTO appointment (id, date_time, employee_id, patient_id, therapy_id, session_notes) VALUES (613, '2024-01-24T17:00', 147, 104, 78, ''); --#7R3N6, 11
INSERT INTO appointment (id, date_time, employee_id, patient_id, therapy_id, session_notes) VALUES (614, '2024-01-26T17:00', 147, 104, 78, ''); --#7R3N6, 11
INSERT INTO appointment (id, date_time, employee_id, patient_id, therapy_id, session_notes) VALUES (615, '2024-01-29T17:00', 128, 104, 78, ''); --#7R3N6, 11
INSERT INTO appointment (id, date_time, employee_id, patient_id, therapy_id, session_notes) VALUES (616, '2024-02-01T17:00', 128, 104, 78, ''); --#7R3N6, 11
INSERT INTO appointment (id, date_time, employee_id, patient_id, therapy_id, session_notes) VALUES (617, '2024-02-02T17:00', 147, 104, 78, ''); --#7R3N6, 11
INSERT INTO appointment (id, date_time, employee_id, patient_id, therapy_id, session_notes) VALUES (618, '2024-01-18T17:00', 146, 19, 79, 'Began with gentle core strengthening and flexibility exercises.'); --#3N4P6, 21
INSERT INTO appointment (id, date_time, employee_id, patient_id, therapy_id, session_notes) VALUES (619, '2024-01-22T17:00', 141, 19, 79, ''); --#3N4P6, 21
INSERT INTO appointment (id, date_time, employee_id, patient_id, therapy_id, session_notes) VALUES (620, '2024-01-23T17:00', 132, 19, 79, ''); --#3N4P6, 21
INSERT INTO appointment (id, date_time, employee_id, patient_id, therapy_id, session_notes) VALUES (621, '2024-01-25T17:00', 135, 19, 79, ''); --#3N4P6, 21
INSERT INTO appointment (id, date_time, employee_id, patient_id, therapy_id, session_notes) VALUES (622, '2024-01-29T17:00', 145, 19, 79, ''); --#3N4P6, 21
INSERT INTO appointment (id, date_time, employee_id, patient_id, therapy_id, session_notes) VALUES (623, '2024-02-01T17:00', 148, 19, 79, ''); --#3N4P6, 21
INSERT INTO appointment (id, date_time, employee_id, patient_id, therapy_id, session_notes) VALUES (624, '2024-02-05T17:00', 139, 19, 79, ''); --#3N4P6, 21
INSERT INTO appointment (id, date_time, employee_id, patient_id, therapy_id, session_notes) VALUES (625, '2024-02-07T17:00', 148, 19, 79, ''); --#3N4P6, 21
INSERT INTO appointment (id, date_time, employee_id, patient_id, therapy_id, session_notes) VALUES (626, '2024-02-08T17:00', 141, 19, 79, ''); --#3N4P6, 21
INSERT INTO appointment (id, date_time, employee_id, patient_id, therapy_id, session_notes) VALUES (627, '2024-02-12T17:00', 130, 19, 79, ''); --#3N4P6, 21
INSERT INTO appointment (id, date_time, employee_id, patient_id, therapy_id, session_notes) VALUES (628, '2024-02-13T17:00', 145, 19, 79, ''); --#3N4P6, 21
INSERT INTO appointment (id, date_time, employee_id, patient_id, therapy_id, session_notes) VALUES (629, '2024-02-16T17:00', 130, 19, 79, ''); --#3N4P6, 21
INSERT INTO appointment (id, date_time, employee_id, patient_id, therapy_id, session_notes) VALUES (630, '2024-02-19T17:00', 130, 19, 79, ''); --#3N4P6, 21
INSERT INTO appointment (id, date_time, employee_id, patient_id, therapy_id, session_notes) VALUES (631, '2024-02-21T17:00', 145, 19, 79, ''); --#3N4P6, 21
INSERT INTO appointment (id, date_time, employee_id, patient_id, therapy_id, session_notes) VALUES (632, '2024-01-05T11:00', 144, 17, 81, 'Assessment completed, started with isometric exercises.'); --#1V2V2, 3
INSERT INTO appointment (id, date_time, employee_id, patient_id, therapy_id, session_notes) VALUES (633, '2024-01-08T11:00', 137, 17, 81, 'Patient reports less pain when gripping, improvement in strength.'); --#1V2V2, 3
INSERT INTO appointment (id, date_time, employee_id, patient_id, therapy_id, session_notes) VALUES (634, '2024-01-10T11:00', 145, 17, 81, 'Good progress, introduced more dynamic exercises.'); --#1V2V2, 3
INSERT INTO appointment (id, date_time, employee_id, patient_id, therapy_id, session_notes) VALUES (635, '2024-01-15T11:00', 144, 17, 81, 'Significant reduction in pain, increased grip strength.'); --#1V2V2, 3
INSERT INTO appointment (id, date_time, employee_id, patient_id, therapy_id, session_notes) VALUES (636, '2024-01-18T11:00', 139, 17, 81, 'Patient performing daily tasks more easily.'); --#1V2V2, 3
INSERT INTO appointment (id, date_time, employee_id, patient_id, therapy_id, session_notes) VALUES (637, '2024-01-19T11:00', 139, 17, 81, ''); --#1V2V2, 3
INSERT INTO appointment (id, date_time, employee_id, patient_id, therapy_id, session_notes) VALUES (638, '2024-01-22T11:00', 143, 17, 81, ''); --#1V2V2, 3
INSERT INTO appointment (id, date_time, employee_id, patient_id, therapy_id, session_notes) VALUES (639, '2024-01-23T11:00', 143, 17, 81, ''); --#1V2V2, 3
INSERT INTO appointment (id, date_time, employee_id, patient_id, therapy_id, session_notes) VALUES (640, '2024-01-18T13:00', 144, 95, 82, ''); --#6B5Q3, 19
INSERT INTO appointment (id, date_time, employee_id, patient_id, therapy_id, session_notes) VALUES (641, '2024-01-19T13:00', 132, 95, 82, ''); --#6B5Q3, 19
INSERT INTO appointment (id, date_time, employee_id, patient_id, therapy_id, session_notes) VALUES (642, '2024-01-22T13:00', 132, 95, 82, ''); --#6B5Q3, 19
INSERT INTO appointment (id, date_time, employee_id, patient_id, therapy_id, session_notes) VALUES (643, '2024-01-23T13:00', 146, 95, 82, ''); --#6B5Q3, 19
INSERT INTO appointment (id, date_time, employee_id, patient_id, therapy_id, session_notes) VALUES (644, '2024-01-24T13:00', 146, 95, 82, ''); --#6B5Q3, 19
INSERT INTO appointment (id, date_time, employee_id, patient_id, therapy_id, session_notes) VALUES (645, '2024-01-26T13:00', 141, 95, 82, ''); --#6B5Q3, 19
INSERT INTO appointment (id, date_time, employee_id, patient_id, therapy_id, session_notes) VALUES (646, '2024-01-29T13:00', 139, 95, 82, ''); --#6B5Q3, 19
INSERT INTO appointment (id, date_time, employee_id, patient_id, therapy_id, session_notes) VALUES (647, '2024-02-01T13:00', 137, 95, 82, ''); --#6B5Q3, 19
INSERT INTO appointment (id, date_time, employee_id, patient_id, therapy_id, session_notes) VALUES (648, '2024-01-16T10:00', 140, 9, 83, 'Assessment completed, started with isometric exercises.'); --#1V2V2, 3
INSERT INTO appointment (id, date_time, employee_id, patient_id, therapy_id, session_notes) VALUES (649, '2024-01-17T10:00', 142, 9, 83, 'Patient reports less pain when gripping, improvement in strength.'); --#1V2V2, 3
INSERT INTO appointment (id, date_time, employee_id, patient_id, therapy_id, session_notes) VALUES (650, '2024-01-22T10:00', 137, 9, 83, ''); --#1V2V2, 3
INSERT INTO appointment (id, date_time, employee_id, patient_id, therapy_id, session_notes) VALUES (651, '2024-01-23T10:00', 137, 9, 83, ''); --#1V2V2, 3
INSERT INTO appointment (id, date_time, employee_id, patient_id, therapy_id, session_notes) VALUES (652, '2024-01-25T10:00', 141, 9, 83, ''); --#1V2V2, 3
INSERT INTO appointment (id, date_time, employee_id, patient_id, therapy_id, session_notes) VALUES (653, '2024-01-29T10:00', 146, 9, 83, ''); --#1V2V2, 3
INSERT INTO appointment (id, date_time, employee_id, patient_id, therapy_id, session_notes) VALUES (654, '2024-02-01T10:00', 144, 9, 83, ''); --#1V2V2, 3
INSERT INTO appointment (id, date_time, employee_id, patient_id, therapy_id, session_notes) VALUES (655, '2024-02-05T10:00', 130, 9, 83, ''); --#1V2V2, 3
INSERT INTO appointment (id, date_time, employee_id, patient_id, therapy_id, session_notes) VALUES (656, '2024-01-19T14:00', 146, 77, 84, ''); --#6W1E6, 18
INSERT INTO appointment (id, date_time, employee_id, patient_id, therapy_id, session_notes) VALUES (657, '2024-01-22T14:00', 137, 77, 84, ''); --#6W1E6, 18
INSERT INTO appointment (id, date_time, employee_id, patient_id, therapy_id, session_notes) VALUES (658, '2024-01-24T14:00', 137, 77, 84, ''); --#6W1E6, 18
INSERT INTO appointment (id, date_time, employee_id, patient_id, therapy_id, session_notes) VALUES (659, '2024-01-25T14:00', 130, 77, 84, ''); --#6W1E6, 18
INSERT INTO appointment (id, date_time, employee_id, patient_id, therapy_id, session_notes) VALUES (660, '2024-01-26T14:00', 144, 77, 84, ''); --#6W1E6, 18
INSERT INTO appointment (id, date_time, employee_id, patient_id, therapy_id, session_notes) VALUES (661, '2024-01-29T14:00', 145, 77, 84, ''); --#6W1E6, 18
INSERT INTO appointment (id, date_time, employee_id, patient_id, therapy_id, session_notes) VALUES (662, '2024-02-01T14:00', 130, 77, 84, ''); --#6W1E6, 18
INSERT INTO appointment (id, date_time, employee_id, patient_id, therapy_id, session_notes) VALUES (663, '2024-02-05T14:00', 148, 77, 84, ''); --#6W1E6, 18
INSERT INTO appointment (id, date_time, employee_id, patient_id, therapy_id, session_notes) VALUES (664, '2024-01-18T17:00', 146, 29, 85, ''); --#3H4O2, 12
INSERT INTO appointment (id, date_time, employee_id, patient_id, therapy_id, session_notes) VALUES (665, '2024-01-22T17:00', 142, 29, 85, ''); --#3H4O2, 12
INSERT INTO appointment (id, date_time, employee_id, patient_id, therapy_id, session_notes) VALUES (666, '2024-01-24T17:00', 140, 29, 85, ''); --#3H4O2, 12
INSERT INTO appointment (id, date_time, employee_id, patient_id, therapy_id, session_notes) VALUES (667, '2024-01-25T17:00', 144, 29, 85, ''); --#3H4O2, 12
INSERT INTO appointment (id, date_time, employee_id, patient_id, therapy_id, session_notes) VALUES (668, '2024-01-29T17:00', 132, 29, 85, ''); --#3H4O2, 12
INSERT INTO appointment (id, date_time, employee_id, patient_id, therapy_id, session_notes) VALUES (669, '2024-01-31T17:00', 146, 29, 85, ''); --#3H4O2, 12
INSERT INTO appointment (id, date_time, employee_id, patient_id, therapy_id, session_notes) VALUES (670, '2024-02-01T17:00', 139, 29, 85, ''); --#3H4O2, 12
INSERT INTO appointment (id, date_time, employee_id, patient_id, therapy_id, session_notes) VALUES (671, '2024-02-05T17:00', 142, 29, 85, ''); --#3H4O2, 12
INSERT INTO appointment (id, date_time, employee_id, patient_id, therapy_id, session_notes) VALUES (672, '2024-02-08T17:00', 126, 29, 85, ''); --#3H4O2, 12
INSERT INTO appointment (id, date_time, employee_id, patient_id, therapy_id, session_notes) VALUES (673, '2024-02-12T17:00', 141, 29, 85, ''); --#3H4O2, 12
INSERT INTO appointment (id, date_time, employee_id, patient_id, therapy_id, session_notes) VALUES (674, '2024-02-15T17:00', 144, 29, 85, ''); --#3H4O2, 12
INSERT INTO appointment (id, date_time, employee_id, patient_id, therapy_id, session_notes) VALUES (675, '2024-02-16T17:00', 141, 29, 85, ''); --#3H4O2, 12
INSERT INTO appointment (id, date_time, employee_id, patient_id, therapy_id, session_notes) VALUES (676, '2024-02-19T17:00', 145, 29, 85, ''); --#3H4O2, 12
INSERT INTO appointment (id, date_time, employee_id, patient_id, therapy_id, session_notes) VALUES (677, '2024-02-20T17:00', 145, 29, 85, ''); --#3H4O2, 12
INSERT INTO appointment (id, date_time, employee_id, patient_id, therapy_id, session_notes) VALUES (678, '2024-02-23T17:00', 142, 29, 85, ''); --#3H4O2, 12
INSERT INTO appointment (id, date_time, employee_id, patient_id, therapy_id, session_notes) VALUES (679, '2024-02-26T17:00', 145, 29, 85, ''); --#3H4O2, 12
INSERT INTO appointment (id, date_time, employee_id, patient_id, therapy_id, session_notes) VALUES (680, '2024-02-27T17:00', 144, 29, 85, ''); --#3H4O2, 12
INSERT INTO appointment (id, date_time, employee_id, patient_id, therapy_id, session_notes) VALUES (681, '2024-03-01T17:00', 139, 29, 85, ''); --#3H4O2, 12
INSERT INTO appointment (id, date_time, employee_id, patient_id, therapy_id, session_notes) VALUES (682, '2024-03-04T17:00', 145, 29, 85, ''); --#3H4O2, 12
INSERT INTO appointment (id, date_time, employee_id, patient_id, therapy_id, session_notes) VALUES (683, '2024-03-07T17:00', 140, 29, 85, ''); --#3H4O2, 12
INSERT INTO appointment (id, date_time, employee_id, patient_id, therapy_id, session_notes) VALUES (684, '2024-01-10T13:00', 143, 20, 86, 'Began with gentle core strengthening and flexibility exercises.'); --#3N4P6, 21
INSERT INTO appointment (id, date_time, employee_id, patient_id, therapy_id, session_notes) VALUES (685, '2024-01-15T13:00', 135, 20, 86, 'Patient reports reduced lower back pain, improved posture.'); --#3N4P6, 21
INSERT INTO appointment (id, date_time, employee_id, patient_id, therapy_id, session_notes) VALUES (686, '2024-01-16T13:00', 132, 20, 86, 'Good progress, introduced modified Pilates exercises.'); --#3N4P6, 21
INSERT INTO appointment (id, date_time, employee_id, patient_id, therapy_id, session_notes) VALUES (687, '2024-01-19T13:00', 141, 20, 86, ''); --#3N4P6, 21
INSERT INTO appointment (id, date_time, employee_id, patient_id, therapy_id, session_notes) VALUES (688, '2024-01-22T13:00', 143, 20, 86, ''); --#3N4P6, 21
INSERT INTO appointment (id, date_time, employee_id, patient_id, therapy_id, session_notes) VALUES (689, '2024-01-24T13:00', 144, 20, 86, ''); --#3N4P6, 21
INSERT INTO appointment (id, date_time, employee_id, patient_id, therapy_id, session_notes) VALUES (690, '2024-01-25T13:00', 140, 20, 86, ''); --#3N4P6, 21
INSERT INTO appointment (id, date_time, employee_id, patient_id, therapy_id, session_notes) VALUES (691, '2024-01-29T13:00', 142, 20, 86, ''); --#3N4P6, 21
INSERT INTO appointment (id, date_time, employee_id, patient_id, therapy_id, session_notes) VALUES (692, '2024-01-30T13:00', 142, 20, 86, ''); --#3N4P6, 21
INSERT INTO appointment (id, date_time, employee_id, patient_id, therapy_id, session_notes) VALUES (693, '2024-02-01T13:00', 137, 20, 86, ''); --#3N4P6, 21
INSERT INTO appointment (id, date_time, employee_id, patient_id, therapy_id, session_notes) VALUES (694, '2024-02-05T13:00', 142, 20, 86, ''); --#3N4P6, 21
INSERT INTO appointment (id, date_time, employee_id, patient_id, therapy_id, session_notes) VALUES (695, '2024-02-08T13:00', 130, 20, 86, ''); --#3N4P6, 21
INSERT INTO appointment (id, date_time, employee_id, patient_id, therapy_id, session_notes) VALUES (696, '2024-02-12T13:00', 135, 20, 86, ''); --#3N4P6, 21
INSERT INTO appointment (id, date_time, employee_id, patient_id, therapy_id, session_notes) VALUES (697, '2024-02-15T13:00', 145, 20, 86, ''); --#3N4P6, 21
INSERT INTO appointment (id, date_time, employee_id, patient_id, therapy_id, session_notes) VALUES (698, '2024-01-18T15:00', 146, 81, 87, 'Initial assessment done, started with gentle stretching.'); --#7Z8V8, 2
INSERT INTO appointment (id, date_time, employee_id, patient_id, therapy_id, session_notes) VALUES (699, '2024-01-22T15:00', 137, 81, 87, ''); --#7Z8V8, 2
INSERT INTO appointment (id, date_time, employee_id, patient_id, therapy_id, session_notes) VALUES (700, '2024-01-25T15:00', 145, 81, 87, ''); --#7Z8V8, 2
INSERT INTO appointment (id, date_time, employee_id, patient_id, therapy_id, session_notes) VALUES (701, '2024-01-29T15:00', 140, 81, 87, ''); --#7Z8V8, 2
INSERT INTO appointment (id, date_time, employee_id, patient_id, therapy_id, session_notes) VALUES (702, '2024-01-31T15:00', 141, 81, 87, ''); --#7Z8V8, 2
INSERT INTO appointment (id, date_time, employee_id, patient_id, therapy_id, session_notes) VALUES (703, '2024-02-01T15:00', 142, 81, 87, ''); --#7Z8V8, 2
INSERT INTO appointment (id, date_time, employee_id, patient_id, therapy_id, session_notes) VALUES (704, '2024-02-02T15:00', 126, 81, 87, ''); --#7Z8V8, 2
INSERT INTO appointment (id, date_time, employee_id, patient_id, therapy_id, session_notes) VALUES (705, '2024-02-05T15:00', 135, 81, 87, ''); --#7Z8V8, 2
INSERT INTO appointment (id, date_time, employee_id, patient_id, therapy_id, session_notes) VALUES (706, '2024-02-08T15:00', 146, 81, 87, ''); --#7Z8V8, 2
INSERT INTO appointment (id, date_time, employee_id, patient_id, therapy_id, session_notes) VALUES (707, '2024-02-12T15:00', 141, 81, 87, ''); --#7Z8V8, 2
INSERT INTO appointment (id, date_time, employee_id, patient_id, therapy_id, session_notes) VALUES (708, '2023-12-25T12:00', 137, 42, 89, 'Initiated gentle calf and Achilles stretching.'); --#5C3G3, 20
INSERT INTO appointment (id, date_time, employee_id, patient_id, therapy_id, session_notes) VALUES (709, '2023-12-27T12:00', 141, 42, 89, 'Patient reports less stiffness and pain in Achilles tendon.'); --#5C3G3, 20
INSERT INTO appointment (id, date_time, employee_id, patient_id, therapy_id, session_notes) VALUES (710, '2024-01-01T12:00', 139, 42, 89, 'Good progress, increased exercise intensity for tendon strength.'); --#5C3G3, 20
INSERT INTO appointment (id, date_time, employee_id, patient_id, therapy_id, session_notes) VALUES (711, '2024-01-04T12:00', 145, 42, 89, 'Notable improvement in flexibility and pain reduction.'); --#5C3G3, 20
INSERT INTO appointment (id, date_time, employee_id, patient_id, therapy_id, session_notes) VALUES (712, '2024-01-08T12:00', 130, 42, 89, 'Patient able to engage in light jogging with minimal discomfort.'); --#5C3G3, 20
INSERT INTO appointment (id, date_time, employee_id, patient_id, therapy_id, session_notes) VALUES (713, '2024-01-11T12:00', 126, 42, 89, 'Continued gains in Achilles strength, focusing on dynamic exercises.'); --#5C3G3, 20
INSERT INTO appointment (id, date_time, employee_id, patient_id, therapy_id, session_notes) VALUES (714, '2024-01-15T12:00', 140, 42, 89, 'Significant reduction in symptoms, improved tendon function.'); --#5C3G3, 20
INSERT INTO appointment (id, date_time, employee_id, patient_id, therapy_id, session_notes) VALUES (715, '2024-01-17T12:00', 144, 42, 89, 'Patient performing more strenuous activities with ease.'); --#5C3G3, 20
INSERT INTO appointment (id, date_time, employee_id, patient_id, therapy_id, session_notes) VALUES (716, '2024-01-19T12:00', 148, 42, 89, ''); --#5C3G3, 20
INSERT INTO appointment (id, date_time, employee_id, patient_id, therapy_id, session_notes) VALUES (717, '2024-01-22T12:00', 140, 42, 89, ''); --#5C3G3, 20
INSERT INTO appointment (id, date_time, employee_id, patient_id, therapy_id, session_notes) VALUES (718, '2024-01-24T12:00', 139, 42, 89, ''); --#5C3G3, 20
INSERT INTO appointment (id, date_time, employee_id, patient_id, therapy_id, session_notes) VALUES (719, '2024-01-26T12:00', 145, 42, 89, ''); --#5C3G3, 20