INSERT INTO _user (status, id, email, first_name, last_name, password, role) VALUES ('ACTIVE', 1, 'admin@medbay.life', 'John', 'Doe', '$2a$12$SeGau0IRVXpWhR/ISf6D1.p3.MhM4MGftXAwpkuN3g9oATdCEbjeO', 'ADMIN'); --med123bay
--password : password
INSERT INTO _user (created_at, id, email, first_name, last_name, password, role, status) VALUES ('2023-12-07T05:13', 2, 'korina.grubišić@outlook.com', 'Korina', 'Grubišić', '$2a$12$MlnyH21ePO39K3ufi9qxO.MXpbIJqThmjnuR0J8mqqhxizKIeqeC6', 'PATIENT', 'ACTIVE');
INSERT INTO patient (id, date_of_birth, address, mbo, phone_number) VALUES (2, '1970-01-03', 'Krvavi most 16', '9431489538', '0925040995');
INSERT INTO _user (created_at, id, email, first_name, last_name, password, role, status) VALUES ('2022-09-09T10:08', 3, 'regina.petrović@yahoo.com', 'Regina', 'Petrović', '$2a$12$MlnyH21ePO39K3ufi9qxO.MXpbIJqThmjnuR0J8mqqhxizKIeqeC6', 'PATIENT', 'ACTIVE');
INSERT INTO patient (id, date_of_birth, address, mbo, phone_number) VALUES (3, '1953-11-06', 'Amruševa 47', '3767946689', '0987371136');
INSERT INTO _user (created_at, id, email, first_name, last_name, password, role, status) VALUES ('2022-10-14T17:52', 4, 'mia.bošnjak@yahoo.com', 'Mia', 'Bošnjak', '$2a$12$MlnyH21ePO39K3ufi9qxO.MXpbIJqThmjnuR0J8mqqhxizKIeqeC6', 'PATIENT', 'ACTIVE');
INSERT INTO patient (id, date_of_birth, address, mbo, phone_number) VALUES (4, '1986-08-18', 'Deželićeva 30', '5681062102', '0978865320');
INSERT INTO _user (created_at, id, email, first_name, last_name, password, role, status) VALUES ('2023-07-21T10:24', 5, 'cvita.vlašić@icloud.com', 'Cvita', 'Vlašić', '$2a$12$MlnyH21ePO39K3ufi9qxO.MXpbIJqThmjnuR0J8mqqhxizKIeqeC6', 'PATIENT', 'ACTIVE');
INSERT INTO patient (id, date_of_birth, address, mbo, phone_number) VALUES (5, '1960-06-12', 'Šoštarićeva 42', '3259976205', '0985223255');
INSERT INTO _user (created_at, id, email, first_name, last_name, password, role, status) VALUES ('2023-04-09T20:14', 6, 'đurđa.špoljarić@icloud.com', 'Đurđa', 'Špoljarić', '$2a$12$MlnyH21ePO39K3ufi9qxO.MXpbIJqThmjnuR0J8mqqhxizKIeqeC6', 'PATIENT', 'ACTIVE');
INSERT INTO patient (id, date_of_birth, address, mbo, phone_number) VALUES (6, '1986-03-25', 'Sermageova 22', '0808313347', '0972135634');
INSERT INTO _user (created_at, id, email, first_name, last_name, password, role, status) VALUES ('2023-02-06T23:18', 7, 'đurđica.stipić@outlook.com', 'Đurđica', 'Stipić', '$2a$12$MlnyH21ePO39K3ufi9qxO.MXpbIJqThmjnuR0J8mqqhxizKIeqeC6', 'PATIENT', 'ACTIVE');
INSERT INTO patient (id, date_of_birth, address, mbo, phone_number) VALUES (7, '1953-02-24', 'Gajeva 07', '9738761358', '0981126210');
INSERT INTO _user (created_at, id, email, first_name, last_name, password, role, status) VALUES ('2023-12-14T21:46', 8, 'zdravka.đukić@icloud.com', 'Zdravka', 'Đukić', '$2a$12$MlnyH21ePO39K3ufi9qxO.MXpbIJqThmjnuR0J8mqqhxizKIeqeC6', 'PATIENT', 'ACTIVE');
INSERT INTO patient (id, date_of_birth, address, mbo, phone_number) VALUES (8, '1959-08-10', 'Cesarčeva 39', '2511154520', '0928852374');
INSERT INTO _user (created_at, id, email, first_name, last_name, password, role, status) VALUES ('2023-04-07T15:54', 9, 'zvjezdana.kovačić@outlook.com', 'Zvjezdana', 'Kovačić', '$2a$12$MlnyH21ePO39K3ufi9qxO.MXpbIJqThmjnuR0J8mqqhxizKIeqeC6', 'PATIENT', 'ACTIVE');
INSERT INTO patient (id, date_of_birth, address, mbo, phone_number) VALUES (9, '1968-05-01', 'Ulica Ljudevita Posavskog 26', '8058465136', '0971477016');
INSERT INTO _user (created_at, id, email, first_name, last_name, password, role, status) VALUES ('2022-08-25T16:19', 10, 'iris.kos@icloud.com', 'Iris', 'Kos', '$2a$12$MlnyH21ePO39K3ufi9qxO.MXpbIJqThmjnuR0J8mqqhxizKIeqeC6', 'PATIENT', 'ACTIVE');
INSERT INTO patient (id, date_of_birth, address, mbo, phone_number) VALUES (10, '1983-03-28', 'Bauerova 33', '5658466294', '0956143156');
INSERT INTO _user (created_at, id, email, first_name, last_name, password, role, status) VALUES ('2023-07-19T08:46', 11, 'cvita.sekulić@gmail.com', 'Cvita', 'Sekulić', '$2a$12$MlnyH21ePO39K3ufi9qxO.MXpbIJqThmjnuR0J8mqqhxizKIeqeC6', 'PATIENT', 'ACTIVE');
INSERT INTO patient (id, date_of_birth, address, mbo, phone_number) VALUES (11, '1965-01-19', 'Ulica kneza Domagoja 44', '0953074064', '0928391527');
INSERT INTO _user (created_at, id, email, first_name, last_name, password, role, status) VALUES ('2023-07-15T04:35', 12, 'margita.radočaj@outlook.com', 'Margita', 'Radočaj', '$2a$12$MlnyH21ePO39K3ufi9qxO.MXpbIJqThmjnuR0J8mqqhxizKIeqeC6', 'PATIENT', 'ACTIVE');
INSERT INTO patient (id, date_of_birth, address, mbo, phone_number) VALUES (12, '1977-02-28', 'Trg hrvatskih velikana 47', '5988184939', '0920527144');
INSERT INTO _user (created_at, id, email, first_name, last_name, password, role, status) VALUES ('2022-11-03T03:39', 13, 'sanda.valentić@yahoo.com', 'Sanda', 'Valentić', '$2a$12$MlnyH21ePO39K3ufi9qxO.MXpbIJqThmjnuR0J8mqqhxizKIeqeC6', 'PATIENT', 'ACTIVE');
INSERT INTO patient (id, date_of_birth, address, mbo, phone_number) VALUES (13, '1982-06-29', 'Nodilova 01', '2513279531', '0920865675');
INSERT INTO _user (created_at, id, email, first_name, last_name, password, role, status) VALUES ('2023-08-07T12:09', 14, 'olga.perić@gmail.com', 'Olga', 'Perić', '$2a$12$MlnyH21ePO39K3ufi9qxO.MXpbIJqThmjnuR0J8mqqhxizKIeqeC6', 'PATIENT', 'ACTIVE');
INSERT INTO patient (id, date_of_birth, address, mbo, phone_number) VALUES (14, '1998-02-06', 'Martićeva 07', '8893939141', '0918503072');
INSERT INTO _user (created_at, id, email, first_name, last_name, password, role, status) VALUES ('2022-12-13T02:44', 15, 'jasmina.dujmović@yahoo.com', 'Jasmina', 'Dujmović', '$2a$12$MlnyH21ePO39K3ufi9qxO.MXpbIJqThmjnuR0J8mqqhxizKIeqeC6', 'PATIENT', 'ACTIVE');
INSERT INTO patient (id, date_of_birth, address, mbo, phone_number) VALUES (15, '1962-08-05', 'Ilica 49', '6380757607', '0959326910');
INSERT INTO _user (created_at, id, email, first_name, last_name, password, role, status) VALUES ('2022-08-12T16:17', 16, 'majda.vidović@gmail.com', 'Majda', 'Vidović', '$2a$12$MlnyH21ePO39K3ufi9qxO.MXpbIJqThmjnuR0J8mqqhxizKIeqeC6', 'PATIENT', 'ACTIVE');
INSERT INTO patient (id, date_of_birth, address, mbo, phone_number) VALUES (16, '1964-12-02', 'Antuna Vrančića 48', '8473764383', '0983254445');
INSERT INTO _user (created_at, id, email, first_name, last_name, password, role, status) VALUES ('2023-05-02T16:49', 17, 'spomenka.pejić@yahoo.com', 'Spomenka', 'Pejić', '$2a$12$MlnyH21ePO39K3ufi9qxO.MXpbIJqThmjnuR0J8mqqhxizKIeqeC6', 'PATIENT', 'ACTIVE');
INSERT INTO patient (id, date_of_birth, address, mbo, phone_number) VALUES (17, '1965-03-22', 'Petrinjska 46', '9908792852', '0977922164');
INSERT INTO _user (created_at, id, email, first_name, last_name, password, role, status) VALUES ('2023-11-14T17:51', 18, 'nika.krznarić@gmail.com', 'Nika', 'Krznarić', '$2a$12$MlnyH21ePO39K3ufi9qxO.MXpbIJqThmjnuR0J8mqqhxizKIeqeC6', 'PATIENT', 'ACTIVE');
INSERT INTO patient (id, date_of_birth, address, mbo, phone_number) VALUES (18, '1995-04-11', 'Rusanova 20', '0862904277', '0921568301');
INSERT INTO _user (created_at, id, email, first_name, last_name, password, role, status) VALUES ('2022-09-29T11:38', 19, 'tereza.martinović@outlook.com', 'Tereza', 'Martinović', '$2a$12$MlnyH21ePO39K3ufi9qxO.MXpbIJqThmjnuR0J8mqqhxizKIeqeC6', 'PATIENT', 'ACTIVE');
INSERT INTO patient (id, date_of_birth, address, mbo, phone_number) VALUES (19, '1969-04-06', 'Ulica Ivana Trnskog 41', '5063496018', '0959306474');
INSERT INTO _user (created_at, id, email, first_name, last_name, password, role, status) VALUES ('2022-10-10T01:21', 20, 'željana.ružić@yahoo.com', 'Željana', 'Ružić', '$2a$12$MlnyH21ePO39K3ufi9qxO.MXpbIJqThmjnuR0J8mqqhxizKIeqeC6', 'PATIENT', 'ACTIVE');
INSERT INTO patient (id, date_of_birth, address, mbo, phone_number) VALUES (20, '1963-06-23', 'Rokova ulica 25', '6861624794', '0910044079');
INSERT INTO _user (created_at, id, email, first_name, last_name, password, role, status) VALUES ('2023-07-02T06:07', 21, 'sara.antunović@outlook.com', 'Sara', 'Antunović', '$2a$12$MlnyH21ePO39K3ufi9qxO.MXpbIJqThmjnuR0J8mqqhxizKIeqeC6', 'PATIENT', 'ACTIVE');
INSERT INTO patient (id, date_of_birth, address, mbo, phone_number) VALUES (21, '1977-11-15', 'Laginjina 17', '3083766406', '0979595851');
INSERT INTO _user (created_at, id, email, first_name, last_name, password, role, status) VALUES ('2023-10-03T20:38', 22, 'jela.lončar@gmail.com', 'Jela', 'Lončar', '$2a$12$MlnyH21ePO39K3ufi9qxO.MXpbIJqThmjnuR0J8mqqhxizKIeqeC6', 'PATIENT', 'ACTIVE');
INSERT INTO patient (id, date_of_birth, address, mbo, phone_number) VALUES (22, '1972-08-01', 'Ribnjak 09', '5782926976', '0914758693');
INSERT INTO _user (created_at, id, email, first_name, last_name, password, role, status) VALUES ('2023-06-13T19:22', 23, 'mirna.jukić@outlook.com', 'Mirna', 'Jukić', '$2a$12$MlnyH21ePO39K3ufi9qxO.MXpbIJqThmjnuR0J8mqqhxizKIeqeC6', 'PATIENT', 'ACTIVE');
INSERT INTO patient (id, date_of_birth, address, mbo, phone_number) VALUES (23, '1996-04-25', 'Bogišićeva 22', '1682785128', '0972454954');
INSERT INTO _user (created_at, id, email, first_name, last_name, password, role, status) VALUES ('2023-09-28T08:13', 24, 'božana.delić@outlook.com', 'Božana', 'Delić', '$2a$12$MlnyH21ePO39K3ufi9qxO.MXpbIJqThmjnuR0J8mqqhxizKIeqeC6', 'PATIENT', 'ACTIVE');
INSERT INTO patient (id, date_of_birth, address, mbo, phone_number) VALUES (24, '1952-05-08', 'Bogišićeva 30', '9246405274', '0958608942');
INSERT INTO _user (created_at, id, email, first_name, last_name, password, role, status) VALUES ('2023-03-16T09:09', 25, 'branislava.stojanović@yahoo.com', 'Branislava', 'Stojanović', '$2a$12$MlnyH21ePO39K3ufi9qxO.MXpbIJqThmjnuR0J8mqqhxizKIeqeC6', 'PATIENT', 'ACTIVE');
INSERT INTO patient (id, date_of_birth, address, mbo, phone_number) VALUES (25, '1962-10-15', 'Mrazovićeva 34', '6510505543', '0919174798');
INSERT INTO _user (created_at, id, email, first_name, last_name, password, role, status) VALUES ('2022-08-28T06:12', 26, 'katica.stanić@gmail.com', 'Katica', 'Stanić', '$2a$12$MlnyH21ePO39K3ufi9qxO.MXpbIJqThmjnuR0J8mqqhxizKIeqeC6', 'PATIENT', 'ACTIVE');
INSERT INTO patient (id, date_of_birth, address, mbo, phone_number) VALUES (26, '2001-01-22', 'Mažuranićev trg 40', '8755867594', '0928036082');
INSERT INTO _user (created_at, id, email, first_name, last_name, password, role, status) VALUES ('2022-11-01T02:54', 27, 'vjera.sabljak@gmail.com', 'Vjera', 'Sabljak', '$2a$12$MlnyH21ePO39K3ufi9qxO.MXpbIJqThmjnuR0J8mqqhxizKIeqeC6', 'PATIENT', 'ACTIVE');
INSERT INTO patient (id, date_of_birth, address, mbo, phone_number) VALUES (27, '1967-02-23', 'Ulica fra Filipa Grabovca 22', '8673856162', '0910393786');
INSERT INTO _user (created_at, id, email, first_name, last_name, password, role, status) VALUES ('2023-03-16T14:58', 28, 'erna.tomić@icloud.com', 'Erna', 'Tomić', '$2a$12$MlnyH21ePO39K3ufi9qxO.MXpbIJqThmjnuR0J8mqqhxizKIeqeC6', 'PATIENT', 'ACTIVE');
INSERT INTO patient (id, date_of_birth, address, mbo, phone_number) VALUES (28, '1973-10-25', 'Kružićeva 37', '3075653987', '0917809294');
INSERT INTO _user (created_at, id, email, first_name, last_name, password, role, status) VALUES ('2023-07-25T18:00', 29, 'željkica.andrić@icloud.com', 'Željkica', 'Andrić', '$2a$12$MlnyH21ePO39K3ufi9qxO.MXpbIJqThmjnuR0J8mqqhxizKIeqeC6', 'PATIENT', 'ACTIVE');
INSERT INTO patient (id, date_of_birth, address, mbo, phone_number) VALUES (29, '1980-04-06', 'Hebrangova 20', '9174776918', '0914955345');
INSERT INTO _user (created_at, id, email, first_name, last_name, password, role, status) VALUES ('2023-06-16T03:07', 30, 'kristina.tadić@yahoo.com', 'Kristina', 'Tadić', '$2a$12$MlnyH21ePO39K3ufi9qxO.MXpbIJqThmjnuR0J8mqqhxizKIeqeC6', 'PATIENT', 'ACTIVE');
INSERT INTO patient (id, date_of_birth, address, mbo, phone_number) VALUES (30, '1962-12-26', 'Bogišićeva 26', '3400165671', '0923476986');
INSERT INTO _user (created_at, id, email, first_name, last_name, password, role, status) VALUES ('2023-03-10T00:17', 31, 'vjekoslava.abramović@gmail.com', 'Vjekoslava', 'Abramović', '$2a$12$MlnyH21ePO39K3ufi9qxO.MXpbIJqThmjnuR0J8mqqhxizKIeqeC6', 'PATIENT', 'ACTIVE');
INSERT INTO patient (id, date_of_birth, address, mbo, phone_number) VALUES (31, '1986-07-20', 'Ivana Belostenca 37', '4471415020', '0957005104');
INSERT INTO _user (created_at, id, email, first_name, last_name, password, role, status) VALUES ('2023-08-15T18:25', 32, 'marjana.knežević@outlook.com', 'Marjana', 'Knežević', '$2a$12$MlnyH21ePO39K3ufi9qxO.MXpbIJqThmjnuR0J8mqqhxizKIeqeC6', 'PATIENT', 'ACTIVE');
INSERT INTO patient (id, date_of_birth, address, mbo, phone_number) VALUES (32, '1979-03-06', 'Trg hrvatskih velikana 42', '4976726358', '0950612239');
INSERT INTO _user (created_at, id, email, first_name, last_name, password, role, status) VALUES ('2022-10-26T01:09', 33, 'slobodanka.franjić@gmail.com', 'Slobodanka', 'Franjić', '$2a$12$MlnyH21ePO39K3ufi9qxO.MXpbIJqThmjnuR0J8mqqhxizKIeqeC6', 'PATIENT', 'ACTIVE');
INSERT INTO patient (id, date_of_birth, address, mbo, phone_number) VALUES (33, '1999-03-23', 'Derenčinova 09', '9467442839', '0975521816');
INSERT INTO _user (created_at, id, email, first_name, last_name, password, role, status) VALUES ('2023-02-24T15:36', 34, 'nedjeljka.glavaš@yahoo.com', 'Nedjeljka', 'Glavaš', '$2a$12$MlnyH21ePO39K3ufi9qxO.MXpbIJqThmjnuR0J8mqqhxizKIeqeC6', 'PATIENT', 'ACTIVE');
INSERT INTO patient (id, date_of_birth, address, mbo, phone_number) VALUES (34, '1979-02-28', 'Bogovićeva 46', '0150272989', '0913200704');
INSERT INTO _user (created_at, id, email, first_name, last_name, password, role, status) VALUES ('2022-12-23T21:08', 35, 'ljuba.martinović@icloud.com', 'Ljuba', 'Martinović', '$2a$12$MlnyH21ePO39K3ufi9qxO.MXpbIJqThmjnuR0J8mqqhxizKIeqeC6', 'PATIENT', 'ACTIVE');
INSERT INTO patient (id, date_of_birth, address, mbo, phone_number) VALUES (35, '1954-07-24', 'Branimirova 36', '6819502476', '0989826076');
INSERT INTO _user (created_at, id, email, first_name, last_name, password, role, status) VALUES ('2022-11-04T05:43', 36, 'davorka.grgurić@icloud.com', 'Davorka', 'Grgurić', '$2a$12$MlnyH21ePO39K3ufi9qxO.MXpbIJqThmjnuR0J8mqqhxizKIeqeC6', 'PATIENT', 'ACTIVE');
INSERT INTO patient (id, date_of_birth, address, mbo, phone_number) VALUES (36, '1991-05-02', 'Streljačka 17', '6898638912', '0989645371');
INSERT INTO _user (created_at, id, email, first_name, last_name, password, role, status) VALUES ('2023-07-28T18:22', 37, 'zvjezdana.vukelić@outlook.com', 'Zvjezdana', 'Vukelić', '$2a$12$MlnyH21ePO39K3ufi9qxO.MXpbIJqThmjnuR0J8mqqhxizKIeqeC6', 'PATIENT', 'ACTIVE');
INSERT INTO patient (id, date_of_birth, address, mbo, phone_number) VALUES (37, '1971-11-22', 'Runjaninova 47', '6218762695', '0987094157');
INSERT INTO _user (created_at, id, email, first_name, last_name, password, role, status) VALUES ('2023-10-16T05:01', 38, 'vladimira.mustapić@yahoo.com', 'Vladimira', 'Mustapić', '$2a$12$MlnyH21ePO39K3ufi9qxO.MXpbIJqThmjnuR0J8mqqhxizKIeqeC6', 'PATIENT', 'ACTIVE');
INSERT INTO patient (id, date_of_birth, address, mbo, phone_number) VALUES (38, '1974-01-29', 'Zrinjevac 24', '3140928622', '0927810180');
INSERT INTO _user (created_at, id, email, first_name, last_name, password, role, status) VALUES ('2022-08-31T20:10', 39, 'snežana.grubišić@icloud.com', 'Snežana', 'Grubišić', '$2a$12$MlnyH21ePO39K3ufi9qxO.MXpbIJqThmjnuR0J8mqqhxizKIeqeC6', 'PATIENT', 'ACTIVE');
INSERT INTO patient (id, date_of_birth, address, mbo, phone_number) VALUES (39, '1999-06-08', 'Britanski trg 46', '9817569784', '0955588150');
INSERT INTO _user (created_at, id, email, first_name, last_name, password, role, status) VALUES ('2022-12-22T22:40', 40, 'gabriela.karlović@gmail.com', 'Gabriela', 'Karlović', '$2a$12$MlnyH21ePO39K3ufi9qxO.MXpbIJqThmjnuR0J8mqqhxizKIeqeC6', 'PATIENT', 'ACTIVE');
INSERT INTO patient (id, date_of_birth, address, mbo, phone_number) VALUES (40, '1987-11-10', 'Ulica Ljudevita Posavskog 02', '6502563286', '0911444103');
INSERT INTO _user (created_at, id, email, first_name, last_name, password, role, status) VALUES ('2024-01-07T05:00', 41, 'ana.kordić@outlook.com', 'Ana', 'Kordić', '$2a$12$MlnyH21ePO39K3ufi9qxO.MXpbIJqThmjnuR0J8mqqhxizKIeqeC6', 'PATIENT', 'ACTIVE');
INSERT INTO patient (id, date_of_birth, address, mbo, phone_number) VALUES (41, '2001-10-10', 'Skalinska 38', '1724138512', '0987962836');
INSERT INTO _user (created_at, id, email, first_name, last_name, password, role, status) VALUES ('2023-06-10T13:18', 42, 'lucia.gregurić@yahoo.com', 'Lucia', 'Gregurić', '$2a$12$MlnyH21ePO39K3ufi9qxO.MXpbIJqThmjnuR0J8mqqhxizKIeqeC6', 'PATIENT', 'ACTIVE');
INSERT INTO patient (id, date_of_birth, address, mbo, phone_number) VALUES (42, '1968-05-15', 'Svačićev trg 08', '5717156740', '0920117208');
INSERT INTO _user (created_at, id, email, first_name, last_name, password, role, status) VALUES ('2023-03-24T15:31', 43, 'vukosava.matić@icloud.com', 'Vukosava', 'Matić', '$2a$12$MlnyH21ePO39K3ufi9qxO.MXpbIJqThmjnuR0J8mqqhxizKIeqeC6', 'PATIENT', 'ACTIVE');
INSERT INTO patient (id, date_of_birth, address, mbo, phone_number) VALUES (43, '1968-01-26', 'Zavrtnica 03', '8740243661', '0910566681');
INSERT INTO _user (created_at, id, email, first_name, last_name, password, role, status) VALUES ('2023-01-16T15:12', 44, 'manuela.radić@outlook.com', 'Manuela', 'Radić', '$2a$12$MlnyH21ePO39K3ufi9qxO.MXpbIJqThmjnuR0J8mqqhxizKIeqeC6', 'PATIENT', 'ACTIVE');
INSERT INTO patient (id, date_of_birth, address, mbo, phone_number) VALUES (44, '1954-08-04', 'Šubićeva 23', '7826637967', '0973281546');
INSERT INTO _user (created_at, id, email, first_name, last_name, password, role, status) VALUES ('2022-08-21T03:10', 45, 'sonja.matković@icloud.com', 'Sonja', 'Matković', '$2a$12$MlnyH21ePO39K3ufi9qxO.MXpbIJqThmjnuR0J8mqqhxizKIeqeC6', 'PATIENT', 'ACTIVE');
INSERT INTO patient (id, date_of_birth, address, mbo, phone_number) VALUES (45, '1990-10-10', 'Trg Republike Hrvatske 15', '6179771451', '0920225113');
INSERT INTO _user (created_at, id, email, first_name, last_name, password, role, status) VALUES ('2023-10-07T15:34', 46, 'mirela.filipović@yahoo.com', 'Mirela', 'Filipović', '$2a$12$MlnyH21ePO39K3ufi9qxO.MXpbIJqThmjnuR0J8mqqhxizKIeqeC6', 'PATIENT', 'ACTIVE');
INSERT INTO patient (id, date_of_birth, address, mbo, phone_number) VALUES (46, '1963-04-29', 'Rakovčeva 05', '8939401023', '0910582006');
INSERT INTO _user (created_at, id, email, first_name, last_name, password, role, status) VALUES ('2022-12-17T01:52', 47, 'spomenka.babić@gmail.com', 'Spomenka', 'Babić', '$2a$12$MlnyH21ePO39K3ufi9qxO.MXpbIJqThmjnuR0J8mqqhxizKIeqeC6', 'PATIENT', 'ACTIVE');
INSERT INTO patient (id, date_of_birth, address, mbo, phone_number) VALUES (47, '1950-02-27', 'Ulica Bartola Kašića 38', '8119271688', '0989368403');
INSERT INTO _user (created_at, id, email, first_name, last_name, password, role, status) VALUES ('2022-11-21T07:02', 48, 'rafaela.kovačić@icloud.com', 'Rafaela', 'Kovačić', '$2a$12$MlnyH21ePO39K3ufi9qxO.MXpbIJqThmjnuR0J8mqqhxizKIeqeC6', 'PATIENT', 'ACTIVE');
INSERT INTO patient (id, date_of_birth, address, mbo, phone_number) VALUES (48, '2003-10-15', 'Gupčeva zvijezda 49', '8859828273', '0927423672');
INSERT INTO _user (created_at, id, email, first_name, last_name, password, role, status) VALUES ('2023-09-24T13:16', 49, 'natalija.knežević@outlook.com', 'Natalija', 'Knežević', '$2a$12$MlnyH21ePO39K3ufi9qxO.MXpbIJqThmjnuR0J8mqqhxizKIeqeC6', 'PATIENT', 'ACTIVE');
INSERT INTO patient (id, date_of_birth, address, mbo, phone_number) VALUES (49, '1970-12-01', 'Strossmayerov trg 48', '8396089205', '0912620383');
INSERT INTO _user (created_at, id, email, first_name, last_name, password, role, status) VALUES ('2023-08-22T07:05', 50, 'klara.đukić@gmail.com', 'Klara', 'Đukić', '$2a$12$MlnyH21ePO39K3ufi9qxO.MXpbIJqThmjnuR0J8mqqhxizKIeqeC6', 'PATIENT', 'ACTIVE');
INSERT INTO patient (id, date_of_birth, address, mbo, phone_number) VALUES (50, '1999-05-24', 'Crvenog križa 29', '5049232759', '0915973647');
INSERT INTO _user (created_at, id, email, first_name, last_name, password, role, status) VALUES ('2022-11-06T23:49', 51, 'daliborka.herceg@icloud.com', 'Daliborka', 'Herceg', '$2a$12$MlnyH21ePO39K3ufi9qxO.MXpbIJqThmjnuR0J8mqqhxizKIeqeC6', 'PATIENT', 'ACTIVE');
INSERT INTO patient (id, date_of_birth, address, mbo, phone_number) VALUES (51, '1970-09-18', 'Novakova 23', '3224558115', '0958560026');
INSERT INTO _user (created_at, id, email, first_name, last_name, password, role, status) VALUES ('2024-01-08T22:42', 52, 'nikolina.miletić@outlook.com', 'Nikolina', 'Miletić', '$2a$12$MlnyH21ePO39K3ufi9qxO.MXpbIJqThmjnuR0J8mqqhxizKIeqeC6', 'PATIENT', 'PENDING');
INSERT INTO patient (id, date_of_birth, address, mbo, phone_number) VALUES (52, '1969-08-11', 'Erdodyeva 41', '7317193015', '0911517222');
INSERT INTO _user (created_at, id, email, first_name, last_name, password, role, status) VALUES ('2024-01-07T22:18', 53, 'dražena.stojanović@icloud.com', 'Dražena', 'Stojanović', '$2a$12$MlnyH21ePO39K3ufi9qxO.MXpbIJqThmjnuR0J8mqqhxizKIeqeC6', 'PATIENT', 'PENDING');
INSERT INTO patient (id, date_of_birth, address, mbo, phone_number) VALUES (53, '1976-11-30', 'Ulica Ante Kovačića 36', '3724662477', '0924945017');
INSERT INTO _user (created_at, id, email, first_name, last_name, password, role, status) VALUES ('2024-01-09T15:07', 54, 'dajana.cvitković@yahoo.com', 'Dajana', 'Cvitković', '$2a$12$MlnyH21ePO39K3ufi9qxO.MXpbIJqThmjnuR0J8mqqhxizKIeqeC6', 'PATIENT', 'PENDING');
INSERT INTO patient (id, date_of_birth, address, mbo, phone_number) VALUES (54, '1962-01-25', 'Trg svibanjskih žrtava 1995. 09', '0983170501', '0923307685');
INSERT INTO _user (created_at, id, email, first_name, last_name, password, role, status) VALUES ('2024-01-04T12:17', 55, 'mladenka.grgić@icloud.com', 'Mladenka', 'Grgić', '$2a$12$MlnyH21ePO39K3ufi9qxO.MXpbIJqThmjnuR0J8mqqhxizKIeqeC6', 'PATIENT', 'PENDING');
INSERT INTO patient (id, date_of_birth, address, mbo, phone_number) VALUES (55, '1971-02-12', 'Zvonarnička 41', '3791759791', '0959084192');
INSERT INTO _user (created_at, id, email, first_name, last_name, password, role, status) VALUES ('2024-01-01T04:13', 56, 'radmila.katić@outlook.com', 'Radmila', 'Katić', '$2a$12$MlnyH21ePO39K3ufi9qxO.MXpbIJqThmjnuR0J8mqqhxizKIeqeC6', 'PATIENT', 'PENDING');
INSERT INTO patient (id, date_of_birth, address, mbo, phone_number) VALUES (56, '1996-02-03', 'Jurišićeva 25', '8148851379', '0988429447');
INSERT INTO _user (created_at, id, email, first_name, last_name, password, role, status) VALUES ('2024-01-02T15:08', 57, 'zorka.sekulić@icloud.com', 'Zorka', 'Sekulić', '$2a$12$MlnyH21ePO39K3ufi9qxO.MXpbIJqThmjnuR0J8mqqhxizKIeqeC6', 'PATIENT', 'PENDING');
INSERT INTO patient (id, date_of_birth, address, mbo, phone_number) VALUES (57, '2004-10-12', 'Lepušićeva 30', '6776163895', '0950481309');
INSERT INTO _user (created_at, id, email, first_name, last_name, password, role, status) VALUES ('2022-12-08T05:44', 58, 'zdenka.zorić@outlook.com', 'Zdenka', 'Zorić', '$2a$12$MlnyH21ePO39K3ufi9qxO.MXpbIJqThmjnuR0J8mqqhxizKIeqeC6', 'PATIENT', 'DEACTIVATED');
INSERT INTO patient (id, date_of_birth, address, mbo, phone_number) VALUES (58, '1984-09-09', 'Šulekova 44', '9313763222', '0982515871');
INSERT INTO _user (created_at, id, email, first_name, last_name, password, role, status) VALUES ('2022-11-09T08:10', 59, 'marinka.radočaj@icloud.com', 'Marinka', 'Radočaj', '$2a$12$MlnyH21ePO39K3ufi9qxO.MXpbIJqThmjnuR0J8mqqhxizKIeqeC6', 'PATIENT', 'DEACTIVATED');
INSERT INTO patient (id, date_of_birth, address, mbo, phone_number) VALUES (59, '1971-08-28', 'Trg Vladka Mačeka 42', '1433896068', '0918194079');
INSERT INTO _user (created_at, id, email, first_name, last_name, password, role, status) VALUES ('2023-07-30T01:09', 60, 'stella.kovačević@yahoo.com', 'Stella', 'Kovačević', '$2a$12$MlnyH21ePO39K3ufi9qxO.MXpbIJqThmjnuR0J8mqqhxizKIeqeC6', 'PATIENT', 'DEACTIVATED');
INSERT INTO patient (id, date_of_birth, address, mbo, phone_number) VALUES (60, '1998-09-27', 'Degenova 21', '9532586792', '0984689788');
INSERT INTO _user (created_at, id, email, first_name, last_name, password, role, status) VALUES ('2022-09-27T13:39', 61, 'desanka.jukić@gmail.com', 'Desanka', 'Jukić', '$2a$12$MlnyH21ePO39K3ufi9qxO.MXpbIJqThmjnuR0J8mqqhxizKIeqeC6', 'PATIENT', 'DEACTIVATED');
INSERT INTO patient (id, date_of_birth, address, mbo, phone_number) VALUES (61, '1977-11-12', 'Lepušićeva 39', '4008872710', '0957562522');
INSERT INTO _user (created_at, id, email, first_name, last_name, password, role, status) VALUES ('2022-12-10T21:42', 62, 'bojana.benković@yahoo.com', 'Bojana', 'Benković', '$2a$12$MlnyH21ePO39K3ufi9qxO.MXpbIJqThmjnuR0J8mqqhxizKIeqeC6', 'PATIENT', 'DEACTIVATED');
INSERT INTO patient (id, date_of_birth, address, mbo, phone_number) VALUES (62, '1967-11-05', 'Bogišićeva 24', '1949378377', '0973226658');
INSERT INTO _user (created_at, id, email, first_name, last_name, password, role, status) VALUES ('2023-03-17T13:54', 63, 'silvana.kovačević@icloud.com', 'Silvana', 'Kovačević', '$2a$12$MlnyH21ePO39K3ufi9qxO.MXpbIJqThmjnuR0J8mqqhxizKIeqeC6', 'PATIENT', 'DEACTIVATED');
INSERT INTO patient (id, date_of_birth, address, mbo, phone_number) VALUES (63, '1976-10-07', 'Iblerov trg 17', '4019517712', '0972304350');
INSERT INTO _user (created_at, id, email, first_name, last_name, password, role, status) VALUES ('2023-12-19T00:49', 64, 'ida.dujmović@yahoo.com', 'Ida', 'Dujmović', '$2a$12$MlnyH21ePO39K3ufi9qxO.MXpbIJqThmjnuR0J8mqqhxizKIeqeC6', 'PATIENT', 'DEACTIVATED');
INSERT INTO patient (id, date_of_birth, address, mbo, phone_number) VALUES (64, '2002-12-29', 'Hochmannova 18', '9718993369', '0976169561');
INSERT INTO _user (created_at, id, email, first_name, last_name, password, role, status) VALUES ('2023-09-16T07:48', 65, 'damira.pranjić@yahoo.com', 'Damira', 'Pranjić', '$2a$12$MlnyH21ePO39K3ufi9qxO.MXpbIJqThmjnuR0J8mqqhxizKIeqeC6', 'PATIENT', 'DEACTIVATED');
INSERT INTO patient (id, date_of_birth, address, mbo, phone_number) VALUES (65, '1981-06-23', 'Plemićeva 30', '6026722411', '0929376347');
INSERT INTO _user (created_at, id, email, first_name, last_name, password, role, status) VALUES ('2023-12-24T11:37', 66, 'frane.radočaj@outlook.com', 'Frane', 'Radočaj', '$2a$12$MlnyH21ePO39K3ufi9qxO.MXpbIJqThmjnuR0J8mqqhxizKIeqeC6', 'PATIENT', 'ACTIVE');
INSERT INTO patient (id, date_of_birth, address, mbo, phone_number) VALUES (66, '1987-10-25', 'Berislavićeva 42', '7693197610', '0986671330');
INSERT INTO _user (created_at, id, email, first_name, last_name, password, role, status) VALUES ('2023-05-19T18:39', 67, 'miro.bašić@icloud.com', 'Miro', 'Bašić', '$2a$12$MlnyH21ePO39K3ufi9qxO.MXpbIJqThmjnuR0J8mqqhxizKIeqeC6', 'PATIENT', 'ACTIVE');
INSERT INTO patient (id, date_of_birth, address, mbo, phone_number) VALUES (67, '2002-02-24', 'Degenova 40', '4615421994', '0915773616');
INSERT INTO _user (created_at, id, email, first_name, last_name, password, role, status) VALUES ('2023-05-28T20:44', 68, 'emanuel.vojnović@gmail.com', 'Emanuel', 'Vojnović', '$2a$12$MlnyH21ePO39K3ufi9qxO.MXpbIJqThmjnuR0J8mqqhxizKIeqeC6', 'PATIENT', 'ACTIVE');
INSERT INTO patient (id, date_of_birth, address, mbo, phone_number) VALUES (68, '1963-11-24', 'Marulićev trg 08', '8594698156', '0952178357');
INSERT INTO _user (created_at, id, email, first_name, last_name, password, role, status) VALUES ('2023-12-13T05:37', 69, 'damjan.jurišić@gmail.com', 'Damjan', 'Jurišić', '$2a$12$MlnyH21ePO39K3ufi9qxO.MXpbIJqThmjnuR0J8mqqhxizKIeqeC6', 'PATIENT', 'ACTIVE');
INSERT INTO patient (id, date_of_birth, address, mbo, phone_number) VALUES (69, '1973-06-08', 'Tomislavov trg 21', '7338441049', '0917917336');
INSERT INTO _user (created_at, id, email, first_name, last_name, password, role, status) VALUES ('2023-09-29T13:35', 70, 'radovan.starčević@outlook.com', 'Radovan', 'Starčević', '$2a$12$MlnyH21ePO39K3ufi9qxO.MXpbIJqThmjnuR0J8mqqhxizKIeqeC6', 'PATIENT', 'ACTIVE');
INSERT INTO patient (id, date_of_birth, address, mbo, phone_number) VALUES (70, '1983-06-16', 'Trg Vladka Mačeka 36', '3099042264', '0970386314');
INSERT INTO _user (created_at, id, email, first_name, last_name, password, role, status) VALUES ('2022-10-24T01:04', 71, 'milan.matošević@icloud.com', 'Milan', 'Matošević', '$2a$12$MlnyH21ePO39K3ufi9qxO.MXpbIJqThmjnuR0J8mqqhxizKIeqeC6', 'PATIENT', 'ACTIVE');
INSERT INTO patient (id, date_of_birth, address, mbo, phone_number) VALUES (71, '1995-09-22', 'Varšavska 17', '8500387822', '0979936848');
INSERT INTO _user (created_at, id, email, first_name, last_name, password, role, status) VALUES ('2023-12-02T02:09', 72, 'mihael.šimunić@yahoo.com', 'Mihael', 'Šimunić', '$2a$12$MlnyH21ePO39K3ufi9qxO.MXpbIJqThmjnuR0J8mqqhxizKIeqeC6', 'PATIENT', 'ACTIVE');
INSERT INTO patient (id, date_of_birth, address, mbo, phone_number) VALUES (72, '1968-05-18', 'Gundulićeva 43', '6651343183', '0917756250');
INSERT INTO _user (created_at, id, email, first_name, last_name, password, role, status) VALUES ('2023-07-04T10:42', 73, 'mate.vukelić@gmail.com', 'Mate', 'Vukelić', '$2a$12$MlnyH21ePO39K3ufi9qxO.MXpbIJqThmjnuR0J8mqqhxizKIeqeC6', 'PATIENT', 'ACTIVE');
INSERT INTO patient (id, date_of_birth, address, mbo, phone_number) VALUES (73, '1978-06-04', 'Kurelčeva 32', '8268805207', '0955482300');
INSERT INTO _user (created_at, id, email, first_name, last_name, password, role, status) VALUES ('2023-10-12T12:50', 74, 'radovan.martić@icloud.com', 'Radovan', 'Martić', '$2a$12$MlnyH21ePO39K3ufi9qxO.MXpbIJqThmjnuR0J8mqqhxizKIeqeC6', 'PATIENT', 'ACTIVE');
INSERT INTO patient (id, date_of_birth, address, mbo, phone_number) VALUES (74, '2004-03-01', 'Račkoga 05', '2343995953', '0917010773');
INSERT INTO _user (created_at, id, email, first_name, last_name, password, role, status) VALUES ('2023-12-08T22:27', 75, 'marijo.jurković@icloud.com', 'Marijo', 'Jurković', '$2a$12$MlnyH21ePO39K3ufi9qxO.MXpbIJqThmjnuR0J8mqqhxizKIeqeC6', 'PATIENT', 'ACTIVE');
INSERT INTO patient (id, date_of_birth, address, mbo, phone_number) VALUES (75, '1988-07-08', 'Derenčinova 14', '1939157313', '0919139761');
INSERT INTO _user (created_at, id, email, first_name, last_name, password, role, status) VALUES ('2023-02-23T15:14', 76, 'stanislav.tomašić@outlook.com', 'Stanislav', 'Tomašić', '$2a$12$MlnyH21ePO39K3ufi9qxO.MXpbIJqThmjnuR0J8mqqhxizKIeqeC6', 'PATIENT', 'ACTIVE');
INSERT INTO patient (id, date_of_birth, address, mbo, phone_number) VALUES (76, '1962-02-05', 'Sermageova 08', '5886281568', '0978459459');
INSERT INTO _user (created_at, id, email, first_name, last_name, password, role, status) VALUES ('2023-05-05T23:37', 77, 'danko.vučković@icloud.com', 'Danko', 'Vučković', '$2a$12$MlnyH21ePO39K3ufi9qxO.MXpbIJqThmjnuR0J8mqqhxizKIeqeC6', 'PATIENT', 'ACTIVE');
INSERT INTO patient (id, date_of_birth, address, mbo, phone_number) VALUES (77, '1950-07-20', 'Amruševa 13', '4966908124', '0923268116');
INSERT INTO _user (created_at, id, email, first_name, last_name, password, role, status) VALUES ('2023-11-03T04:31', 78, 'mile.lovrić@yahoo.com', 'Mile', 'Lovrić', '$2a$12$MlnyH21ePO39K3ufi9qxO.MXpbIJqThmjnuR0J8mqqhxizKIeqeC6', 'PATIENT', 'ACTIVE');
INSERT INTO patient (id, date_of_birth, address, mbo, phone_number) VALUES (78, '1993-08-26', 'Ulica kneza Mutimira 46', '0515465079', '0950092719');
INSERT INTO _user (created_at, id, email, first_name, last_name, password, role, status) VALUES ('2023-01-03T11:52', 79, 'antonijo.grgurić@outlook.com', 'Antonijo', 'Grgurić', '$2a$12$MlnyH21ePO39K3ufi9qxO.MXpbIJqThmjnuR0J8mqqhxizKIeqeC6', 'PATIENT', 'ACTIVE');
INSERT INTO patient (id, date_of_birth, address, mbo, phone_number) VALUES (79, '1964-12-18', 'Tvrtkova 40', '0087563212', '0922100802');
INSERT INTO _user (created_at, id, email, first_name, last_name, password, role, status) VALUES ('2022-11-26T12:18', 80, 'dinko.posavec@icloud.com', 'Dinko', 'Posavec', '$2a$12$MlnyH21ePO39K3ufi9qxO.MXpbIJqThmjnuR0J8mqqhxizKIeqeC6', 'PATIENT', 'ACTIVE');
INSERT INTO patient (id, date_of_birth, address, mbo, phone_number) VALUES (80, '1985-11-14', 'Dežmanova 39', '5364056968', '0973118547');
INSERT INTO _user (created_at, id, email, first_name, last_name, password, role, status) VALUES ('2023-09-13T00:01', 81, 'pavo.gudelj@outlook.com', 'Pavo', 'Gudelj', '$2a$12$MlnyH21ePO39K3ufi9qxO.MXpbIJqThmjnuR0J8mqqhxizKIeqeC6', 'PATIENT', 'ACTIVE');
INSERT INTO patient (id, date_of_birth, address, mbo, phone_number) VALUES (81, '1996-12-22', 'Kordunska 27', '9531182693', '0978324998');
INSERT INTO _user (created_at, id, email, first_name, last_name, password, role, status) VALUES ('2022-11-24T00:24', 82, 'tihomir.bogović@outlook.com', 'Tihomir', 'Bogović', '$2a$12$MlnyH21ePO39K3ufi9qxO.MXpbIJqThmjnuR0J8mqqhxizKIeqeC6', 'PATIENT', 'ACTIVE');
INSERT INTO patient (id, date_of_birth, address, mbo, phone_number) VALUES (82, '1986-11-27', 'Nodilova 37', '1531101918', '0954566910');
INSERT INTO _user (created_at, id, email, first_name, last_name, password, role, status) VALUES ('2023-08-03T16:01', 83, 'igor.radić@gmail.com', 'Igor', 'Radić', '$2a$12$MlnyH21ePO39K3ufi9qxO.MXpbIJqThmjnuR0J8mqqhxizKIeqeC6', 'PATIENT', 'ACTIVE');
INSERT INTO patient (id, date_of_birth, address, mbo, phone_number) VALUES (83, '1986-06-09', 'Masarykova 27', '6295186921', '0927014195');
INSERT INTO _user (created_at, id, email, first_name, last_name, password, role, status) VALUES ('2023-03-31T15:53', 84, 'velimir.štimac@icloud.com', 'Velimir', 'Štimac', '$2a$12$MlnyH21ePO39K3ufi9qxO.MXpbIJqThmjnuR0J8mqqhxizKIeqeC6', 'PATIENT', 'ACTIVE');
INSERT INTO patient (id, date_of_birth, address, mbo, phone_number) VALUES (84, '1980-08-16', 'Trg bana J. Jelačića 29', '5722883108', '0983175836');
INSERT INTO _user (created_at, id, email, first_name, last_name, password, role, status) VALUES ('2023-07-23T20:12', 85, 'renato.dujmović@outlook.com', 'Renato', 'Dujmović', '$2a$12$MlnyH21ePO39K3ufi9qxO.MXpbIJqThmjnuR0J8mqqhxizKIeqeC6', 'PATIENT', 'ACTIVE');
INSERT INTO patient (id, date_of_birth, address, mbo, phone_number) VALUES (85, '1959-11-22', 'Ilica 31', '9486174498', '0988079316');
INSERT INTO _user (created_at, id, email, first_name, last_name, password, role, status) VALUES ('2023-08-27T13:47', 86, 'dejan.knežević@outlook.com', 'Dejan', 'Knežević', '$2a$12$MlnyH21ePO39K3ufi9qxO.MXpbIJqThmjnuR0J8mqqhxizKIeqeC6', 'PATIENT', 'ACTIVE');
INSERT INTO patient (id, date_of_birth, address, mbo, phone_number) VALUES (86, '1996-06-01', 'Ratkajev prolaz 03', '9670763709', '0952102409');
INSERT INTO _user (created_at, id, email, first_name, last_name, password, role, status) VALUES ('2023-07-20T03:38', 87, 'nikica.barišić@gmail.com', 'Nikica', 'Barišić', '$2a$12$MlnyH21ePO39K3ufi9qxO.MXpbIJqThmjnuR0J8mqqhxizKIeqeC6', 'PATIENT', 'ACTIVE');
INSERT INTO patient (id, date_of_birth, address, mbo, phone_number) VALUES (87, '1996-06-06', 'Martićeva 37', '1433008567', '0955967216');
INSERT INTO _user (created_at, id, email, first_name, last_name, password, role, status) VALUES ('2022-11-23T15:15', 88, 'nenad.jelić@outlook.com', 'Nenad', 'Jelić', '$2a$12$MlnyH21ePO39K3ufi9qxO.MXpbIJqThmjnuR0J8mqqhxizKIeqeC6', 'PATIENT', 'ACTIVE');
INSERT INTO patient (id, date_of_birth, address, mbo, phone_number) VALUES (88, '1995-10-20', 'Erdodyeva 11', '1146590616', '0989193798');
INSERT INTO _user (created_at, id, email, first_name, last_name, password, role, status) VALUES ('2023-12-16T16:47', 89, 'milivoj.crnković@icloud.com', 'Milivoj', 'Crnković', '$2a$12$MlnyH21ePO39K3ufi9qxO.MXpbIJqThmjnuR0J8mqqhxizKIeqeC6', 'PATIENT', 'ACTIVE');
INSERT INTO patient (id, date_of_birth, address, mbo, phone_number) VALUES (89, '1971-03-04', 'Trg hrvatskih velikana 22', '6517361434', '0925825527');
INSERT INTO _user (created_at, id, email, first_name, last_name, password, role, status) VALUES ('2022-12-02T08:34', 90, 'srđan.barić@outlook.com', 'Srđan', 'Barić', '$2a$12$MlnyH21ePO39K3ufi9qxO.MXpbIJqThmjnuR0J8mqqhxizKIeqeC6', 'PATIENT', 'ACTIVE');
INSERT INTO patient (id, date_of_birth, address, mbo, phone_number) VALUES (90, '1950-07-07', 'Fišerova 22', '1406367563', '0912646475');
INSERT INTO _user (created_at, id, email, first_name, last_name, password, role, status) VALUES ('2022-09-02T02:25', 91, 'vjekoslav.brkić@yahoo.com', 'Vjekoslav', 'Brkić', '$2a$12$MlnyH21ePO39K3ufi9qxO.MXpbIJqThmjnuR0J8mqqhxizKIeqeC6', 'PATIENT', 'ACTIVE');
INSERT INTO patient (id, date_of_birth, address, mbo, phone_number) VALUES (91, '1990-07-27', 'Preradovićeva 48', '2047250912', '0916590234');
INSERT INTO _user (created_at, id, email, first_name, last_name, password, role, status) VALUES ('2023-08-24T15:32', 92, 'željko.tadić@gmail.com', 'Željko', 'Tadić', '$2a$12$MlnyH21ePO39K3ufi9qxO.MXpbIJqThmjnuR0J8mqqhxizKIeqeC6', 'PATIENT', 'ACTIVE');
INSERT INTO patient (id, date_of_birth, address, mbo, phone_number) VALUES (92, '1979-01-08', 'Ulica Izidora Kršnjavog 03', '9600795236', '0911200876');
INSERT INTO _user (created_at, id, email, first_name, last_name, password, role, status) VALUES ('2023-04-08T06:14', 93, 'romano.božić@yahoo.com', 'Romano', 'Božić', '$2a$12$MlnyH21ePO39K3ufi9qxO.MXpbIJqThmjnuR0J8mqqhxizKIeqeC6', 'PATIENT', 'ACTIVE');
INSERT INTO patient (id, date_of_birth, address, mbo, phone_number) VALUES (93, '2002-10-28', 'Dolac 01', '7383986348', '0985811670');
INSERT INTO _user (created_at, id, email, first_name, last_name, password, role, status) VALUES ('2023-08-20T15:53', 94, 'tin.babić@outlook.com', 'Tin', 'Babić', '$2a$12$MlnyH21ePO39K3ufi9qxO.MXpbIJqThmjnuR0J8mqqhxizKIeqeC6', 'PATIENT', 'ACTIVE');
INSERT INTO patient (id, date_of_birth, address, mbo, phone_number) VALUES (94, '1979-06-27', 'Žigrovićeva 36', '2586994704', '0959825231');
INSERT INTO _user (created_at, id, email, first_name, last_name, password, role, status) VALUES ('2023-10-05T15:07', 95, 'vlatko.mandić@outlook.com', 'Vlatko', 'Mandić', '$2a$12$MlnyH21ePO39K3ufi9qxO.MXpbIJqThmjnuR0J8mqqhxizKIeqeC6', 'PATIENT', 'ACTIVE');
INSERT INTO patient (id, date_of_birth, address, mbo, phone_number) VALUES (95, '1993-11-14', 'Krvavi most 25', '8104779003', '0911432372');
INSERT INTO _user (created_at, id, email, first_name, last_name, password, role, status) VALUES ('2024-01-02T02:15', 96, 'gojko.vlašić@yahoo.com', 'Gojko', 'Vlašić', '$2a$12$MlnyH21ePO39K3ufi9qxO.MXpbIJqThmjnuR0J8mqqhxizKIeqeC6', 'PATIENT', 'ACTIVE');
INSERT INTO patient (id, date_of_birth, address, mbo, phone_number) VALUES (96, '1962-02-15', 'Starčevićev trg 26', '6700631176', '0989809991');
INSERT INTO _user (created_at, id, email, first_name, last_name, password, role, status) VALUES ('2022-12-07T06:46', 97, 'saša.klarić@yahoo.com', 'Saša', 'Klarić', '$2a$12$MlnyH21ePO39K3ufi9qxO.MXpbIJqThmjnuR0J8mqqhxizKIeqeC6', 'PATIENT', 'ACTIVE');
INSERT INTO patient (id, date_of_birth, address, mbo, phone_number) VALUES (97, '1997-08-29', 'Jukićeva 48', '7151398734', '0957622090');
INSERT INTO _user (created_at, id, email, first_name, last_name, password, role, status) VALUES ('2023-07-15T02:09', 98, 'lovro.božić@gmail.com', 'Lovro', 'Božić', '$2a$12$MlnyH21ePO39K3ufi9qxO.MXpbIJqThmjnuR0J8mqqhxizKIeqeC6', 'PATIENT', 'ACTIVE');
INSERT INTO patient (id, date_of_birth, address, mbo, phone_number) VALUES (98, '1978-05-31', 'Tomićeva 14', '9717958282', '0952396045');
INSERT INTO _user (created_at, id, email, first_name, last_name, password, role, status) VALUES ('2023-10-25T18:52', 99, 'antun.vlahović@yahoo.com', 'Antun', 'Vlahović', '$2a$12$MlnyH21ePO39K3ufi9qxO.MXpbIJqThmjnuR0J8mqqhxizKIeqeC6', 'PATIENT', 'ACTIVE');
INSERT INTO patient (id, date_of_birth, address, mbo, phone_number) VALUES (99, '1966-07-11', 'Ulica kneza Mutimira 04', '7108033913', '0920775068');
INSERT INTO _user (created_at, id, email, first_name, last_name, password, role, status) VALUES ('2023-08-04T22:01', 100, 'stevan.filipović@gmail.com', 'Stevan', 'Filipović', '$2a$12$MlnyH21ePO39K3ufi9qxO.MXpbIJqThmjnuR0J8mqqhxizKIeqeC6', 'PATIENT', 'ACTIVE');
INSERT INTO patient (id, date_of_birth, address, mbo, phone_number) VALUES (100, '1975-10-02', 'Mrazovićeva 24', '8557738089', '0957300513');
INSERT INTO _user (created_at, id, email, first_name, last_name, password, role, status) VALUES ('2022-12-17T16:10', 101, 'dorijan.crnković@icloud.com', 'Dorijan', 'Crnković', '$2a$12$MlnyH21ePO39K3ufi9qxO.MXpbIJqThmjnuR0J8mqqhxizKIeqeC6', 'PATIENT', 'ACTIVE');
INSERT INTO patient (id, date_of_birth, address, mbo, phone_number) VALUES (101, '1997-06-02', 'Rokov perivoj 34', '1386876371', '0911248691');
INSERT INTO _user (created_at, id, email, first_name, last_name, password, role, status) VALUES ('2022-10-24T16:05', 102, 'franko.kujundžić@yahoo.com', 'Franko', 'Kujundžić', '$2a$12$MlnyH21ePO39K3ufi9qxO.MXpbIJqThmjnuR0J8mqqhxizKIeqeC6', 'PATIENT', 'ACTIVE');
INSERT INTO patient (id, date_of_birth, address, mbo, phone_number) VALUES (102, '2003-03-24', 'Opatovina 46', '3487319872', '0971839713');
INSERT INTO _user (created_at, id, email, first_name, last_name, password, role, status) VALUES ('2022-11-05T07:33', 103, 'vladimir.andrić@yahoo.com', 'Vladimir', 'Andrić', '$2a$12$MlnyH21ePO39K3ufi9qxO.MXpbIJqThmjnuR0J8mqqhxizKIeqeC6', 'PATIENT', 'ACTIVE');
INSERT INTO patient (id, date_of_birth, address, mbo, phone_number) VALUES (103, '1986-05-30', 'Žigrovićeva 46', '3084092812', '0951052304');
INSERT INTO _user (created_at, id, email, first_name, last_name, password, role, status) VALUES ('2023-06-27T18:01', 104, 'dorijan.horvatić@gmail.com', 'Dorijan', 'Horvatić', '$2a$12$MlnyH21ePO39K3ufi9qxO.MXpbIJqThmjnuR0J8mqqhxizKIeqeC6', 'PATIENT', 'ACTIVE');
INSERT INTO patient (id, date_of_birth, address, mbo, phone_number) VALUES (104, '2003-05-26', 'Martićeva 29', '4150829373', '0986779114');
INSERT INTO _user (created_at, id, email, first_name, last_name, password, role, status) VALUES ('2023-03-09T04:33', 105, 'alan.jurić@outlook.com', 'Alan', 'Jurić', '$2a$12$MlnyH21ePO39K3ufi9qxO.MXpbIJqThmjnuR0J8mqqhxizKIeqeC6', 'PATIENT', 'ACTIVE');
INSERT INTO patient (id, date_of_birth, address, mbo, phone_number) VALUES (105, '1953-10-18', 'Jukićeva 23', '4473381850', '0974598791');
INSERT INTO _user (created_at, id, email, first_name, last_name, password, role, status) VALUES ('2024-01-08T02:33', 106, 'stanislav.božić@outlook.com', 'Stanislav', 'Božić', '$2a$12$MlnyH21ePO39K3ufi9qxO.MXpbIJqThmjnuR0J8mqqhxizKIeqeC6', 'PATIENT', 'PENDING');
INSERT INTO patient (id, date_of_birth, address, mbo, phone_number) VALUES (106, '1991-11-28', 'Lepušićeva 32', '2215790844', '0974052627');
INSERT INTO _user (created_at, id, email, first_name, last_name, password, role, status) VALUES ('2024-01-04T02:13', 107, 'đorđe.pavlović@gmail.com', 'Đorđe', 'Pavlović', '$2a$12$MlnyH21ePO39K3ufi9qxO.MXpbIJqThmjnuR0J8mqqhxizKIeqeC6', 'PATIENT', 'PENDING');
INSERT INTO patient (id, date_of_birth, address, mbo, phone_number) VALUES (107, '1966-03-07', 'Britanski trg 43', '4910132182', '0984522498');
INSERT INTO _user (created_at, id, email, first_name, last_name, password, role, status) VALUES ('2023-12-30T13:09', 108, 'milenko.matijašević@gmail.com', 'Milenko', 'Matijašević', '$2a$12$MlnyH21ePO39K3ufi9qxO.MXpbIJqThmjnuR0J8mqqhxizKIeqeC6', 'PATIENT', 'PENDING');
INSERT INTO patient (id, date_of_birth, address, mbo, phone_number) VALUES (108, '1999-12-30', 'Gajeva 08', '4322527637', '0911968585');
INSERT INTO _user (created_at, id, email, first_name, last_name, password, role, status) VALUES ('2024-01-05T14:03', 109, 'vid.gudelj@icloud.com', 'Vid', 'Gudelj', '$2a$12$MlnyH21ePO39K3ufi9qxO.MXpbIJqThmjnuR0J8mqqhxizKIeqeC6', 'PATIENT', 'PENDING');
INSERT INTO patient (id, date_of_birth, address, mbo, phone_number) VALUES (109, '1958-02-25', 'Amruševa 12', '4961729802', '0923120555');
INSERT INTO _user (created_at, id, email, first_name, last_name, password, role, status) VALUES ('2024-01-06T18:33', 110, 'benjamin.tomašević@icloud.com', 'Benjamin', 'Tomašević', '$2a$12$MlnyH21ePO39K3ufi9qxO.MXpbIJqThmjnuR0J8mqqhxizKIeqeC6', 'PATIENT', 'PENDING');
INSERT INTO patient (id, date_of_birth, address, mbo, phone_number) VALUES (110, '2003-03-20', 'Tomislavov trg 18', '2705517497', '0915681846');
INSERT INTO _user (created_at, id, email, first_name, last_name, password, role, status) VALUES ('2024-01-08T17:14', 111, 'mihovil.dukić@yahoo.com', 'Mihovil', 'Dukić', '$2a$12$MlnyH21ePO39K3ufi9qxO.MXpbIJqThmjnuR0J8mqqhxizKIeqeC6', 'PATIENT', 'PENDING');
INSERT INTO patient (id, date_of_birth, address, mbo, phone_number) VALUES (111, '1985-08-29', 'Bauerova 23', '0927747129', '0971689051');
INSERT INTO _user (created_at, id, email, first_name, last_name, password, role, status) VALUES ('2024-01-09T20:44', 112, 'drago.savić@gmail.com', 'Drago', 'Savić', '$2a$12$MlnyH21ePO39K3ufi9qxO.MXpbIJqThmjnuR0J8mqqhxizKIeqeC6', 'PATIENT', 'PENDING');
INSERT INTO patient (id, date_of_birth, address, mbo, phone_number) VALUES (112, '1975-07-27', 'Vlaška 07', '3088797567', '0927440903');
INSERT INTO _user (created_at, id, email, first_name, last_name, password, role, status) VALUES ('2023-12-30T04:27', 113, 'mihajlo.jozić@gmail.com', 'Mihajlo', 'Jozić', '$2a$12$MlnyH21ePO39K3ufi9qxO.MXpbIJqThmjnuR0J8mqqhxizKIeqeC6', 'PATIENT', 'PENDING');
INSERT INTO patient (id, date_of_birth, address, mbo, phone_number) VALUES (113, '1977-05-13', 'Jagićeva 49', '7343232583', '0921270626');
INSERT INTO _user (created_at, id, email, first_name, last_name, password, role, status) VALUES ('2024-01-09T20:57', 114, 'vid.mikulić@gmail.com', 'Vid', 'Mikulić', '$2a$12$MlnyH21ePO39K3ufi9qxO.MXpbIJqThmjnuR0J8mqqhxizKIeqeC6', 'PATIENT', 'PENDING');
INSERT INTO patient (id, date_of_birth, address, mbo, phone_number) VALUES (114, '1959-09-21', 'Ulica Republike Austrije 23', '513132707', '0921566366');
INSERT INTO _user (created_at, id, email, first_name, last_name, password, role, status) VALUES ('2024-01-09T13:36', 115, 'ratko.kurtović@outlook.com', 'Ratko', 'Kurtović', '$2a$12$MlnyH21ePO39K3ufi9qxO.MXpbIJqThmjnuR0J8mqqhxizKIeqeC6', 'PATIENT', 'PENDING');
INSERT INTO patient (id, date_of_birth, address, mbo, phone_number) VALUES (115, '1997-09-22', 'Šoštarićeva 29', '8113026080', '0910076666');
INSERT INTO _user (created_at, id, email, first_name, last_name, password, role, status) VALUES ('2024-01-07T15:24', 116, 'milivoj.novak@gmail.com', 'Milivoj', 'Novak', '$2a$12$MlnyH21ePO39K3ufi9qxO.MXpbIJqThmjnuR0J8mqqhxizKIeqeC6', 'PATIENT', 'PENDING');
INSERT INTO patient (id, date_of_birth, address, mbo, phone_number) VALUES (116, '1991-03-19', 'Ulica baruna Trenka 20', '2613230995', '0913272022');
INSERT INTO _user (created_at, id, email, first_name, last_name, password, role, status) VALUES ('2024-01-07T23:40', 117, 'denis.ilić@yahoo.com', 'Denis', 'Ilić', '$2a$12$MlnyH21ePO39K3ufi9qxO.MXpbIJqThmjnuR0J8mqqhxizKIeqeC6', 'PATIENT', 'PENDING');
INSERT INTO patient (id, date_of_birth, address, mbo, phone_number) VALUES (117, '1984-12-17', 'Skalinska 32', '9554882825', '0913358749');
INSERT INTO _user (created_at, id, email, first_name, last_name, password, role, status) VALUES ('2022-10-07T01:42', 118, 'vilim.kolar@gmail.com', 'Vilim', 'Kolar', '$2a$12$MlnyH21ePO39K3ufi9qxO.MXpbIJqThmjnuR0J8mqqhxizKIeqeC6', 'PATIENT', 'DEACTIVATED');
INSERT INTO patient (id, date_of_birth, address, mbo, phone_number) VALUES (118, '1982-10-20', 'Hatzova 39', '8765412483', '0985709030');
INSERT INTO _user (created_at, id, email, first_name, last_name, password, role, status) VALUES ('2022-12-25T18:24', 119, 'karlo.kovačević@yahoo.com', 'Karlo', 'Kovačević', '$2a$12$MlnyH21ePO39K3ufi9qxO.MXpbIJqThmjnuR0J8mqqhxizKIeqeC6', 'PATIENT', 'DEACTIVATED');
INSERT INTO patient (id, date_of_birth, address, mbo, phone_number) VALUES (119, '2001-06-13', 'Livadićeva 34', '5285677950', '0988534591');
INSERT INTO _user (created_at, id, email, first_name, last_name, password, role, status) VALUES ('2023-07-31T15:00', 120, 'emil.jakovljević@outlook.com', 'Emil', 'Jakovljević', '$2a$12$MlnyH21ePO39K3ufi9qxO.MXpbIJqThmjnuR0J8mqqhxizKIeqeC6', 'PATIENT', 'DEACTIVATED');
INSERT INTO patient (id, date_of_birth, address, mbo, phone_number) VALUES (120, '1964-02-17', 'Deželićeva 20', '6641708345', '0983822478');
INSERT INTO _user (created_at, id, email, first_name, last_name, password, role, status) VALUES ('2022-11-09T11:43', 121, 'milan.kovačević@yahoo.com', 'Milan', 'Kovačević', '$2a$12$MlnyH21ePO39K3ufi9qxO.MXpbIJqThmjnuR0J8mqqhxizKIeqeC6', 'PATIENT', 'DEACTIVATED');
INSERT INTO patient (id, date_of_birth, address, mbo, phone_number) VALUES (121, '1951-12-05', 'Fabkovićeva 25', '6547508529', '0971371724');
INSERT INTO _user (created_at, id, email, first_name, last_name, password, role, status) VALUES ('2023-09-09T13:08', 122, 'dorian.marinović@gmail.com', 'Dorian', 'Marinović', '$2a$12$MlnyH21ePO39K3ufi9qxO.MXpbIJqThmjnuR0J8mqqhxizKIeqeC6', 'PATIENT', 'DEACTIVATED');
INSERT INTO patient (id, date_of_birth, address, mbo, phone_number) VALUES (122, '1968-10-15', 'Račkoga 26', '8949914007', '0989270411');
INSERT INTO _user (created_at, id, email, first_name, last_name, password, role, status) VALUES ('2023-09-01T06:40', 123, 'radovan.stanković@yahoo.com', 'Radovan', 'Stanković', '$2a$12$MlnyH21ePO39K3ufi9qxO.MXpbIJqThmjnuR0J8mqqhxizKIeqeC6', 'PATIENT', 'DEACTIVATED');
INSERT INTO patient (id, date_of_birth, address, mbo, phone_number) VALUES (123, '1975-01-10', 'Iblerov trg 41', '6207072304', '0977141727');
INSERT INTO _user (created_at, id, email, first_name, last_name, password, role, status) VALUES ('2023-10-13T12:15', 124, 'perica.jakšić@icloud.com', 'Perica', 'Jakšić', '$2a$12$MlnyH21ePO39K3ufi9qxO.MXpbIJqThmjnuR0J8mqqhxizKIeqeC6', 'PATIENT', 'DEACTIVATED');
INSERT INTO patient (id, date_of_birth, address, mbo, phone_number) VALUES (124, '1969-01-27', 'Novakova 36', '7124083810', '0913630819');
INSERT INTO _user (created_at, id, email, first_name, last_name, password, role, status) VALUES ('2023-12-25T01:17', 125, 'mihajlo.miletić@icloud.com', 'Mihajlo', 'Miletić', '$2a$12$MlnyH21ePO39K3ufi9qxO.MXpbIJqThmjnuR0J8mqqhxizKIeqeC6', 'PATIENT', 'DEACTIVATED');
INSERT INTO patient (id, date_of_birth, address, mbo, phone_number) VALUES (125, '1979-05-12', 'Ulica fra Filipa Grabovca 34', '357743151', '0975450040');
INSERT INTO _user (created_at, id, email, first_name, last_name, password, role, status) VALUES ('2022-12-21T09:11', 126, 'dragica.tomašić@outlook.com', 'Dragica', 'Tomašić', '$2a$12$MlnyH21ePO39K3ufi9qxO.MXpbIJqThmjnuR0J8mqqhxizKIeqeC6', 'STAFF', 'ACTIVE');
INSERT INTO employee (id, specialization) VALUES (126, 'PHYSICAL_THERAPIST');
INSERT INTO _user (created_at, id, email, first_name, last_name, password, role, status) VALUES ('2022-11-01T04:37', 127, 'ilinka.budimir@outlook.com', 'Ilinka', 'Budimir', '$2a$12$MlnyH21ePO39K3ufi9qxO.MXpbIJqThmjnuR0J8mqqhxizKIeqeC6', 'STAFF', 'ACTIVE');
INSERT INTO employee (id, specialization) VALUES (127, 'ELECTROTHERAPIST');
INSERT INTO _user (created_at, id, email, first_name, last_name, password, role, status) VALUES ('2023-03-09T02:44', 128, 'vilma.stojanović@icloud.com', 'Vilma', 'Stojanović', '$2a$12$MlnyH21ePO39K3ufi9qxO.MXpbIJqThmjnuR0J8mqqhxizKIeqeC6', 'STAFF', 'ACTIVE');
INSERT INTO employee (id, specialization) VALUES (128, 'THERMOTHERAPIST');
INSERT INTO _user (created_at, id, email, first_name, last_name, password, role, status) VALUES ('2023-06-20T12:21', 129, 'tina.vlašić@yahoo.com', 'Tina', 'Vlašić', '$2a$12$MlnyH21ePO39K3ufi9qxO.MXpbIJqThmjnuR0J8mqqhxizKIeqeC6', 'STAFF', 'ACTIVE');
INSERT INTO employee (id, specialization) VALUES (129, 'HYDROTHERAPIST');
INSERT INTO _user (created_at, id, email, first_name, last_name, password, role, status) VALUES ('2022-11-27T07:15', 130, 'patricia.kordić@yahoo.com', 'Patricia', 'Kordić', '$2a$12$MlnyH21ePO39K3ufi9qxO.MXpbIJqThmjnuR0J8mqqhxizKIeqeC6', 'STAFF', 'ACTIVE');
INSERT INTO employee (id, specialization) VALUES (130, 'PHYSICAL_THERAPIST');
INSERT INTO _user (created_at, id, email, first_name, last_name, password, role, status) VALUES ('2022-11-01T09:42', 131, 'klaudija.gregurić@icloud.com', 'Klaudija', 'Gregurić', '$2a$12$MlnyH21ePO39K3ufi9qxO.MXpbIJqThmjnuR0J8mqqhxizKIeqeC6', 'STAFF', 'ACTIVE');
INSERT INTO employee (id, specialization) VALUES (131, 'HYDROTHERAPIST');
INSERT INTO _user (created_at, id, email, first_name, last_name, password, role, status) VALUES ('2023-03-24T19:05', 132, 'tomislava.brkić@outlook.com', 'Tomislava', 'Brkić', '$2a$12$MlnyH21ePO39K3ufi9qxO.MXpbIJqThmjnuR0J8mqqhxizKIeqeC6', 'STAFF', 'ACTIVE');
INSERT INTO employee (id, specialization) VALUES (132, 'PHYSICAL_THERAPIST');
INSERT INTO _user (created_at, id, email, first_name, last_name, password, role, status) VALUES ('2023-07-13T14:36', 133, 'irma.vlahović@gmail.com', 'Irma', 'Vlahović', '$2a$12$MlnyH21ePO39K3ufi9qxO.MXpbIJqThmjnuR0J8mqqhxizKIeqeC6', 'STAFF', 'ACTIVE');
INSERT INTO employee (id, specialization) VALUES (133, 'CRYOTHERAPIST');
INSERT INTO _user (created_at, id, email, first_name, last_name, password, role, status) VALUES ('2023-12-17T20:55', 134, 'paulina.ćosić@icloud.com', 'Paulina', 'Ćosić', '$2a$12$MlnyH21ePO39K3ufi9qxO.MXpbIJqThmjnuR0J8mqqhxizKIeqeC6', 'STAFF', 'ACTIVE');
INSERT INTO employee (id, specialization) VALUES (134, 'HYDROTHERAPIST');
INSERT INTO _user (created_at, id, email, first_name, last_name, password, role, status) VALUES ('2023-08-10T21:37', 135, 'ena.grgić@yahoo.com', 'Ena', 'Grgić', '$2a$12$MlnyH21ePO39K3ufi9qxO.MXpbIJqThmjnuR0J8mqqhxizKIeqeC6', 'STAFF', 'ACTIVE');
INSERT INTO employee (id, specialization) VALUES (135, 'PHYSICAL_THERAPIST');
INSERT INTO _user (created_at, id, email, first_name, last_name, password, role, status) VALUES ('2022-11-15T01:35', 136, 'jakov.savić@outlook.com', 'Jakov', 'Savić', '$2a$12$MlnyH21ePO39K3ufi9qxO.MXpbIJqThmjnuR0J8mqqhxizKIeqeC6', 'STAFF', 'ACTIVE');
INSERT INTO employee (id, specialization) VALUES (136, 'ELECTROTHERAPIST');
INSERT INTO _user (created_at, id, email, first_name, last_name, password, role, status) VALUES ('2023-01-10T08:36', 137, 'marinko.ivanković@gmail.com', 'Marinko', 'Ivanković', '$2a$12$MlnyH21ePO39K3ufi9qxO.MXpbIJqThmjnuR0J8mqqhxizKIeqeC6', 'STAFF', 'ACTIVE');
INSERT INTO employee (id, specialization) VALUES (137, 'PHYSICAL_THERAPIST');
INSERT INTO _user (created_at, id, email, first_name, last_name, password, role, status) VALUES ('2023-10-29T05:58', 138, 'niko.turković@yahoo.com', 'Niko', 'Turković', '$2a$12$MlnyH21ePO39K3ufi9qxO.MXpbIJqThmjnuR0J8mqqhxizKIeqeC6', 'STAFF', 'ACTIVE');
INSERT INTO employee (id, specialization) VALUES (138, 'HYDROTHERAPIST');
INSERT INTO _user (created_at, id, email, first_name, last_name, password, role, status) VALUES ('2022-11-10T05:43', 139, 'siniša.ivančić@gmail.com', 'Siniša', 'Ivančić', '$2a$12$MlnyH21ePO39K3ufi9qxO.MXpbIJqThmjnuR0J8mqqhxizKIeqeC6', 'STAFF', 'ACTIVE');
INSERT INTO employee (id, specialization) VALUES (139, 'PHYSICAL_THERAPIST');
INSERT INTO _user (created_at, id, email, first_name, last_name, password, role, status) VALUES ('2023-08-18T07:44', 140, 'viktor.pavlović@outlook.com', 'Viktor', 'Pavlović', '$2a$12$MlnyH21ePO39K3ufi9qxO.MXpbIJqThmjnuR0J8mqqhxizKIeqeC6', 'STAFF', 'ACTIVE');
INSERT INTO employee (id, specialization) VALUES (140, 'PHYSICAL_THERAPIST');
INSERT INTO _user (created_at, id, email, first_name, last_name, password, role, status) VALUES ('2023-05-11T04:21', 141, 'jerko.jurić@yahoo.com', 'Jerko', 'Jurić', '$2a$12$MlnyH21ePO39K3ufi9qxO.MXpbIJqThmjnuR0J8mqqhxizKIeqeC6', 'STAFF', 'ACTIVE');
INSERT INTO employee (id, specialization) VALUES (141, 'PHYSICAL_THERAPIST');
INSERT INTO _user (created_at, id, email, first_name, last_name, password, role, status) VALUES ('2023-09-17T20:08', 142, 'ivan.hrženjak@outlook.com', 'Ivan', 'Hrženjak', '$2a$12$MlnyH21ePO39K3ufi9qxO.MXpbIJqThmjnuR0J8mqqhxizKIeqeC6', 'STAFF', 'ACTIVE');
INSERT INTO employee (id, specialization) VALUES (142, 'PHYSICAL_THERAPIST');
INSERT INTO _user (created_at, id, email, first_name, last_name, password, role, status) VALUES ('2023-03-09T04:17', 143, 'eugen.turković@yahoo.com', 'Eugen', 'Turković', '$2a$12$MlnyH21ePO39K3ufi9qxO.MXpbIJqThmjnuR0J8mqqhxizKIeqeC6', 'STAFF', 'ACTIVE');
INSERT INTO employee (id, specialization) VALUES (143, 'PHYSICAL_THERAPIST');
INSERT INTO _user (created_at, id, email, first_name, last_name, password, role, status) VALUES ('2023-09-13T22:26', 144, 'miro.balić@icloud.com', 'Miro', 'Balić', '$2a$12$MlnyH21ePO39K3ufi9qxO.MXpbIJqThmjnuR0J8mqqhxizKIeqeC6', 'STAFF', 'ACTIVE');
INSERT INTO employee (id, specialization) VALUES (144, 'PHYSICAL_THERAPIST');
INSERT INTO _user (created_at, id, email, first_name, last_name, password, role, status) VALUES ('2023-08-14T03:25', 145, 'nediljko.kordić@yahoo.com', 'Nediljko', 'Kordić', '$2a$12$MlnyH21ePO39K3ufi9qxO.MXpbIJqThmjnuR0J8mqqhxizKIeqeC6', 'STAFF', 'ACTIVE');
INSERT INTO employee (id, specialization) VALUES (145, 'PHYSICAL_THERAPIST');
INSERT INTO _user (created_at, id, email, first_name, last_name, password, role, status) VALUES ('2022-10-10T21:36', 146, 'božidar.jelić@outlook.com', 'Božidar', 'Jelić', '$2a$12$MlnyH21ePO39K3ufi9qxO.MXpbIJqThmjnuR0J8mqqhxizKIeqeC6', 'STAFF', 'ACTIVE');
INSERT INTO employee (id, specialization) VALUES (146, 'PHYSICAL_THERAPIST');
INSERT INTO _user (created_at, id, email, first_name, last_name, password, role, status) VALUES ('2023-12-28T18:21', 147, 'eduard.matijević@outlook.com', 'Eduard', 'Matijević', '$2a$12$MlnyH21ePO39K3ufi9qxO.MXpbIJqThmjnuR0J8mqqhxizKIeqeC6', 'STAFF', 'ACTIVE');
INSERT INTO employee (id, specialization) VALUES (147, 'THERMOTHERAPIST');
INSERT INTO _user (created_at, id, email, first_name, last_name, password, role, status) VALUES ('2022-10-08T23:50', 148, 'nedjeljko.đurđević@outlook.com', 'Nedjeljko', 'Đurđević', '$2a$12$MlnyH21ePO39K3ufi9qxO.MXpbIJqThmjnuR0J8mqqhxizKIeqeC6', 'STAFF', 'ACTIVE');
INSERT INTO employee (id, specialization) VALUES (148, 'PHYSICAL_THERAPIST');
INSERT INTO _user (created_at, id, email, first_name, last_name, password, role, status) VALUES ('2023-09-25T13:43', 149, 'leo.crnković@outlook.com', 'Leo', 'Crnković', '$2a$12$MlnyH21ePO39K3ufi9qxO.MXpbIJqThmjnuR0J8mqqhxizKIeqeC6', 'STAFF', 'ACTIVE');
INSERT INTO employee (id, specialization) VALUES (149, 'CRYOTHERAPIST');
INSERT INTO _user (created_at, id, email, first_name, last_name, password, role, status) VALUES ('2022-10-02T08:56', 150, 'bernard.duvnjak@gmail.com', 'Bernard', 'Duvnjak', '$2a$12$MlnyH21ePO39K3ufi9qxO.MXpbIJqThmjnuR0J8mqqhxizKIeqeC6', 'STAFF', 'ACTIVE');
INSERT INTO employee (id, specialization) VALUES (150, 'CRYOTHERAPIST');

INSERT INTO equipment (capacity, id, name, specialization, room_name, description) VALUES (10, 1, 'Gym', 'PHYSICAL_THERAPIST', 'Physiotherapy Suite', 'This gym is equipped for physical therapy and is likely to include a variety of exercise equipment such as treadmills, stationary bikes, free weights, and resistance bands. It is designed to accommodate physical rehabilitation needs, strength training, and flexibility exercises under the guidance of a physical therapist.'); --physical therapy
INSERT INTO equipment (capacity, id, name, specialization, room_name, description) VALUES (2, 2, 'Electrical Muscle Stimulation unit', 'ELECTROTHERAPIST', 'Electrotherapy Zone', 'The EMS unit is a device used by electrotherapists to deliver electrical impulses to stimulate muscle contractions. It''s often used in rehabilitation after injury, for pain relief, or even in muscle strengthening and training. The unit''s settings can be adjusted for intensity and frequency to suit individual patient needs.');
INSERT INTO equipment (capacity, id, name, specialization, room_name, description) VALUES (2, 3, 'Cryotherapy machine', 'CRYOTHERAPIST', 'CryoRecovery Room', 'This machine is used for cryotherapy, involving exposure to extremely cold temperatures for a few minutes. Cryotherapy can reduce inflammation, pain, and muscle spasms and is often used in sports medicine and recovery therapy. The cryotherapy machine could be a full-body chamber or localized treatment device.');
INSERT INTO equipment (capacity, id, name, specialization, room_name, description) VALUES (4, 4, 'Hydrotherapy pool', 'HYDROTHERAPIST', 'Hydro Rehab Pool', 'A hydrotherapy pool is designed for therapeutic exercises in a water-based environment. The buoyancy, resistance, and warmth of the water can help in pain relief, improving joint mobility, and enhancing rehabilitation from injuries. It''s particularly beneficial for patients with arthritis, chronic pain, and neurological conditions.');
INSERT INTO equipment (capacity, id, name, specialization, room_name, description) VALUES (4, 5, 'Paraffin wax baths and infrared lamp', 'THERMOTHERAPIST', 'Thermal Wellness Space', 'This equipment is used for thermotherapy. Paraffin wax baths provide heat therapy for pain relief and to soften the skin, often used for hands and feet. They are beneficial for conditions like arthritis or fibromyalgia. The infrared lamp emits infrared light to penetrate deep into tissues, easing muscle aches, increasing circulation, and relaxing the muscles.');

--shoulder
INSERT INTO therapy_type (required_equipment_id, name, description, therapy_Code, num_of_sessions, body_part, id) VALUES (1, 'Rotator cuff tear', 'Physical therapy focuses on strengthening the shoulder muscles, improving range of motion, and reducing pain through targeted exercises.', '#5G3Y4', 12, 'shoulder', 1);
INSERT INTO therapy_type (required_equipment_id, name, description, therapy_Code, num_of_sessions, body_part, id) VALUES (1, 'Frozen shoulder', 'Therapy aims to restore shoulder mobility through stretching and range of motion exercises.', '#7Z8V8', 10, 'shoulder', 2);

--arm
INSERT INTO therapy_type (required_equipment_id, name, description, therapy_Code, num_of_sessions, body_part, id) VALUES (1, 'Tennis elbow', 'Treatment includes strengthening forearm muscles.', '#1V2V2', 8, 'arm', 3);
INSERT INTO therapy_type (required_equipment_id, name, description, therapy_Code, num_of_sessions, body_part, id) VALUES (1, 'Golfers elbow', 'Physical therapy involves strengthening and stretching exercises for the forearm muscles and may include modalities for pain relief.', '#8I5F5', 8, 'arm', 4);
INSERT INTO therapy_type (required_equipment_id, name, description, therapy_Code, num_of_sessions, body_part, id) VALUES (1, 'Biceps tendinitis', 'Therapy focuses on strengthening the biceps and shoulder muscles while reducing inflammation through modalities.', '#4C7X3', 10, 'arm', 5);

--hand
INSERT INTO therapy_type (required_equipment_id, name, description, therapy_Code, num_of_sessions, body_part, id) VALUES (1, 'Carpal tunnel', 'Exercises to improve wrist and hand flexibility, along with techniques to relieve pressure on the median nerve.', '#1R2Y1', 8, 'hand', 6);
INSERT INTO therapy_type (required_equipment_id, name, description, therapy_Code, num_of_sessions, body_part, id) VALUES (3, 'Arthritis pain management', 'Cryotherapy helps alleviate arthritis pain by numbing the affected joints, reducing inflammation, and temporarily easing discomfort and stiffness.', '#6F6P9', 8, 'hand', 7);
INSERT INTO therapy_type (required_equipment_id, name, description, therapy_Code, num_of_sessions, body_part, id) VALUES (3, 'Tendinitis', 'Cryotherapy can be employed to reduce inflammation and alleviate pain associated with tendinitis by constricting blood vessels and diminishing tissue swelling in the affected area.', '#1G8Z3', 10, 'hand', 8);
INSERT INTO therapy_type (required_equipment_id, name, description, therapy_Code, num_of_sessions, body_part, id) VALUES (4, 'Osteoarthritis management', 'Hydrotherapy provides a low-impact environment for joint mobility exercises and pain relief, helping individuals with osteoarthritis improve joint function and reduce discomfort.', '#4D5C2', 8, 'hand', 9);
INSERT INTO therapy_type (required_equipment_id, name, description, therapy_Code, num_of_sessions, body_part, id) VALUES (5, 'Bursitis', 'Thermotherapy may be used to alleviate pain and inflammation associated with bursitis by increasing blood flow and promoting the relaxation of affected tissues, often applied through warm compresses or therapeutic ultrasound.', '#4N8P5' , 8, 'hand', 10);
INSERT INTO therapy_type (required_equipment_id, name, description, therapy_Code, num_of_sessions, body_part, id) VALUES (5, 'Rheumatoid Arthritis', 'Thermotherapy, such as paraffin wax baths, can help ease joint stiffness and reduce pain in individuals with rheumatoid arthritis by enhancing joint flexibility and reducing inflammation.', '#7R3N6', 8, 'hand', 11);

--leg
INSERT INTO therapy_type (required_equipment_id, name, description, therapy_Code, num_of_sessions, body_part, id) VALUES (1, 'ACL injury', 'Rehabilitation includes exercises to strengthen the knee and improve stability, often following surgical repair.', '#3H4O2', 20, 'leg', 12);
INSERT INTO therapy_type (required_equipment_id, name, description, therapy_Code, num_of_sessions, body_part, id) VALUES (1, 'Meniscus tear', 'Therapy emphasizes range of motion exercises and strengthening of the muscles around the knee.', '#6F2G1', 8, 'leg', 13);
INSERT INTO therapy_type (required_equipment_id, name, description, therapy_Code, num_of_sessions, body_part, id) VALUES (1, 'IT band syndrome', 'Treatment involves stretching and strengthening the IT band and hip muscles.', '#8L2Q4', 8, 'leg', 14);
INSERT INTO therapy_type (required_equipment_id, name, description, therapy_Code, num_of_sessions, body_part, id) VALUES (1, 'Shin splints', 'Rehabilitation focuses on reducing inflammation and improving lower leg strength and flexibility.', '#7P3Y5', 6, 'leg', 15);
INSERT INTO therapy_type (required_equipment_id, name, description, therapy_Code, num_of_sessions, body_part, id) VALUES (1, 'Stress fractures', 'Rest and gradual return to weight-bearing activities are essential, along with exercises to maintain bone density.', '#9M8D2', 10, 'leg', 16);
INSERT INTO therapy_type (required_equipment_id, name, description, therapy_Code, num_of_sessions, body_part, id) VALUES (1, 'Hip bursitis', 'Exercises to improve hip muscle strength and flexibility, along with modalities for pain management.', '#2T8L4', 10, 'leg', 17);

--foot
INSERT INTO therapy_type (required_equipment_id, name, description, therapy_Code, num_of_sessions, body_part, id) VALUES (1, 'Ankle sprain', 'Therapy includes balance exercises, strengthening the ankle, and improving flexibility.', '#6W1E6', 8, 'foot', 18);
INSERT INTO therapy_type (required_equipment_id, name, description, therapy_Code, num_of_sessions, body_part, id) VALUES (1, 'Plantar fasciitis ', 'Treatment involves stretching and strengthening exercises for the calf and foot muscles, along with modalities for pain relief.', '#6B5Q3', 8, 'foot', 19);
INSERT INTO therapy_type (required_equipment_id, name, description, therapy_Code, num_of_sessions, body_part, id) VALUES (1, 'Achilles tendinitis ', 'Therapy aims to strengthen the calf muscles and Achilles tendon while reducing inflammation.', '#5C3G3', 12, 'foot', 20);

--lower torso
INSERT INTO therapy_type (required_equipment_id, name, description, therapy_Code, num_of_sessions, body_part, id) VALUES (1, 'Lumbar herniated disc ', 'Physical therapy focuses on relieving pain and improving spinal stability through exercises.', '#3N4P6', 14, 'lower torso', 21);
INSERT INTO therapy_type (required_equipment_id, name, description, therapy_Code, num_of_sessions, body_part, id) VALUES (1, 'Sciatica', 'Treatment involves exercises to alleviate sciatic nerve compression and improve lumbar spine function.', '#9P1H4', 7, 'lower torso', 22);
INSERT INTO therapy_type (required_equipment_id, name, description, therapy_Code, num_of_sessions, body_part, id) VALUES (4, 'Chronic low back pain management', 'Hydrotherapy involves warm water exercises and aquatic therapy techniques to improve flexibility, reduce pain, and enhance core strength in individuals with chronic low back pain.', '#4W3F2', 10, 'lower torso', 23);

--upper torso
INSERT INTO therapy_type (required_equipment_id, name, description, therapy_Code, num_of_sessions, body_part, id) VALUES (1, 'Scoliosis', 'Therapy includes exercises to improve spinal alignment, flexibility, and muscle balance.', '#5R9N7', 8, 'upper torso', 24);
INSERT INTO therapy_type (required_equipment_id, name, description, therapy_Code, num_of_sessions, body_part, id) VALUES (1, 'Postural disorders', 'Treatment includes exercises to correct posture and improve muscle balance to relieve pain and prevent future issues.', '#8K1H7', 7, 'upper torso', 25);

--head
INSERT INTO therapy_type (required_equipment_id, name, description, therapy_Code, num_of_sessions, body_part, id) VALUES (1, 'Cervical radiculopathy ', 'Rehabilitation aims to reduce neck pain and nerve symptoms through neck exercises and modalities.', '#8G5H3', 8, 'head', 26);
INSERT INTO therapy_type (required_equipment_id, name, description, therapy_Code, num_of_sessions, body_part, id) VALUES (1, 'Whiplash', 'Physical therapy focuses on neck strengthening and range of motion exercises to alleviate pain and stiffness.', '#8H6H1', 10, 'head',27);

--any
INSERT INTO therapy_type (required_equipment_id, name, description, therapy_Code, num_of_sessions, body_part, id) VALUES (2, 'Post-Operative rehabilitation', 'EMS therapy aids in muscle activation and circulation for post-operative patients, helping to prevent muscle atrophy and accelerate recovery through controlled electrical muscle contractions.', '#3J6K2', 12, 'any', 28);
INSERT INTO therapy_type (required_equipment_id, name, description, therapy_Code, num_of_sessions, body_part, id) VALUES (2, 'Stroke rehabilitation', 'EMS can be used to stimulate paralyzed or weakened muscles, aiding in muscle re-education and motor function recovery for stroke survivors.', '#9P3R1', 20, 'any', 29);
INSERT INTO therapy_type (required_equipment_id, name, description, therapy_Code, num_of_sessions, body_part, id) VALUES (2, 'Muscle atrophy prevention', 'EMS assists in maintaining muscle strength and mass in individuals with limited mobility, such as bedridden or immobilized patients, by providing passive muscle contractions', '#2J6Z7', 8, 'any', 30);
INSERT INTO therapy_type (required_equipment_id, name, description, therapy_Code, num_of_sessions, body_part, id) VALUES (2, 'Chronic pain management', 'EMS therapy can help manage chronic pain conditions by stimulating endorphin release, reducing pain perception, and improving blood circulation in targeted areas.', '#7X4N5', 6, 'any', 31);
INSERT INTO therapy_type (required_equipment_id, name, description, therapy_Code, num_of_sessions, body_part, id) VALUES (3, 'Post-Operative swelling minimization', 'Cryotherapy involves the application of cold therapy to reduce post-operative swelling and inflammation, promoting faster healing and pain relief.', '#5M8P4', 6, 'any', 32);
INSERT INTO therapy_type (required_equipment_id, name, description, therapy_Code, num_of_sessions, body_part, id) VALUES (3, 'Acute sports injury', 'Cryotherapy is used immediately after an acute sports injury to minimize swelling, numb the area, and provide pain relief while facilitating faster recovery.', '#5Z9B5', 8, 'any', 33);
INSERT INTO therapy_type (required_equipment_id, name, description, therapy_Code, num_of_sessions, body_part, id) VALUES (4, 'Post-Stroke rehabilitation', 'Hydrotherapy offers a supportive and buoyant environment for stroke survivors to work on regaining ', '#8D2H9', 20, 'any', 34);
INSERT INTO therapy_type (required_equipment_id, name, description, therapy_Code, num_of_sessions, body_part, id) VALUES (4, 'Post-Operative Rehabilitation', 'Hydrotherapy can aid in the recovery process after surgery by offering a gentle way to regain mobility, reduce swelling, and improve overall conditioning through aquatic exercises and controlled movements in warm water.', '#5I9K8', 12, 'any', 35);
INSERT INTO therapy_type (required_equipment_id, name, description, therapy_Code, num_of_sessions, body_part, id) VALUES (5, 'Muscle spasms and tension management', 'Thermotherapy in a wax bath involves immersing affected muscles in warm wax to relax and soothe muscle spasms, reduce tension, and promote blood flow for pain relief.', '#6L2M9', 6, 'any', 36);
INSERT INTO therapy_type (required_equipment_id, name, description, therapy_Code, num_of_sessions, body_part, id) VALUES (5, 'Chronic muscle pain management', 'Regular heat therapy, including hot baths, warm packs, or infrared heat, may be part of a comprehensive pain management strategy for chronic muscle pain, providing temporary relief and improving muscle relaxation.', '#2K6H8', 7, 'any', 37);


INSERT INTO health_referral (health_referral_id, hlkid, mbo, therapy_code) VALUES ('DGC_167819', 'HR019618', '160378294', '#3N4P6');
INSERT INTO health_referral (health_referral_id, hlkid, mbo, therapy_code) VALUES ('DGC_167820', 'HR061864', '234567890', '#9P1H4'); --inactive
INSERT INTO health_referral (health_referral_id, hlkid, mbo, therapy_code) VALUES ('DGC_167821', 'HR271982', '345678901', '#5R9N7');
INSERT INTO health_referral (health_referral_id, hlkid, mbo, therapy_code) VALUES ('DGC_167822', 'HR282164', '456789012', '#8G5H3');
INSERT INTO health_referral (health_referral_id, hlkid, mbo, therapy_code) VALUES ('DGC_167823', 'HR005951', '567890123', '#8H6H1');
INSERT INTO health_referral (health_referral_id, hlkid, mbo, therapy_code) VALUES ('DGC_167824', 'HR211078', '678901234', '#8K1H7');
INSERT INTO health_referral (health_referral_id, hlkid, mbo, therapy_code) VALUES ('DGC_167825', 'HR026260', '789012345', '#3J6K2'); --inactive
INSERT INTO health_referral (health_referral_id, hlkid, mbo, therapy_code) VALUES ('DGC_167826', 'HR166491', '890123456', '#9P3R1');
INSERT INTO health_referral (health_referral_id, hlkid, mbo, therapy_code) VALUES ('DGC_167827', 'HR095677', '901234567', '#4W3F2');
INSERT INTO health_referral (health_referral_id, hlkid, mbo, therapy_code) VALUES ('DGC_167828', 'HR233633', '987654321', '#4D5C2');
INSERT INTO health_referral (health_referral_id, hlkid, mbo, therapy_code) VALUES ('DGC_167829', 'HR206450', '876543210', '#8D2H9'); --inactive
INSERT INTO health_referral (health_referral_id, hlkid, mbo, therapy_code) VALUES ('DGC_167830', 'HR019618', '160378294', '#1V2V2');
INSERT INTO health_referral (health_referral_id, hlkid, mbo, therapy_code) VALUES ('DGC_167831', 'HR171737', '234567890', '#8I5F5');
INSERT INTO health_referral (health_referral_id, hlkid, mbo, therapy_code) VALUES ('DGC_167832', 'HR295432', '345678901', '#4C7X3');
INSERT INTO health_referral (health_referral_id, hlkid, mbo, therapy_code) VALUES ('DGC_167833', 'HR197286', '456789012', '#1R2Y1');
INSERT INTO health_referral (health_referral_id, hlkid, mbo, therapy_code) VALUES ('DGC_167834', 'HR207887', '567890123', '#3H4O2'); --inactive
INSERT INTO health_referral (health_referral_id, hlkid, mbo, therapy_code) VALUES ('DGC_167835', 'HR224558', '678901234', '#6F2G1');
INSERT INTO health_referral (health_referral_id, hlkid, mbo, therapy_code) VALUES ('DGC_167836', 'HR233300', '789012345', '#8L2Q4');
INSERT INTO health_referral (health_referral_id, hlkid, mbo, therapy_code) VALUES ('DGC_167837', 'HR221049', '890123456', '#7P3Y5');
INSERT INTO health_referral (health_referral_id, hlkid, mbo, therapy_code) VALUES ('DGC_167838', 'HR177695', '901234567', '#9M8D2');
INSERT INTO health_referral (health_referral_id, hlkid, mbo, therapy_code) VALUES ('DGC_167839', 'HR219873', '876543210', '#6W1E6'); --inactive
INSERT INTO health_referral (health_referral_id, hlkid, mbo, therapy_code) VALUES ('DGC_793727', 'HR185246', '6253185365', '#2T8L4'); --t
INSERT INTO health_referral (health_referral_id, hlkid, mbo, therapy_code) VALUES ('DGC_636693', 'HR160786', '4289487088', '#8D2H9'); --t
INSERT INTO health_referral (health_referral_id, hlkid, mbo, therapy_code) VALUES ('DGC_390107', 'HR256292', '3866991777', '#6L2M9'); --t
INSERT INTO health_referral (health_referral_id, hlkid, mbo, therapy_code) VALUES ('DGC_565429', 'HR059632', '4589588830', '#8H6H1'); --t
INSERT INTO health_referral (health_referral_id, hlkid, mbo, therapy_code) VALUES ('DGC_032759', 'HR163325', '2506031451', '#6F6P9'); --t
INSERT INTO health_referral (health_referral_id, hlkid, mbo, therapy_code) VALUES ('DGC_385430', 'HR014630', '9123546065', '#6W1E6'); --t
INSERT INTO health_referral (health_referral_id, hlkid, mbo, therapy_code) VALUES ('DGC_385136', 'HR189325', '2806721438', '#4N8P5'); --f
INSERT INTO health_referral (health_referral_id, hlkid, mbo, therapy_code) VALUES ('DGC_337700', 'HR169945', '4922359384', '#8H6H1'); --t
INSERT INTO health_referral (health_referral_id, hlkid, mbo, therapy_code) VALUES ('DGC_282125', 'HR133104', '4161888076', '#8H6H1'); --t
INSERT INTO health_referral (health_referral_id, hlkid, mbo, therapy_code) VALUES ('DGC_999141', 'HR255263', '5896293771', '#1R2Y1'); --t
INSERT INTO health_referral (health_referral_id, hlkid, mbo, therapy_code) VALUES ('DGC_198002', 'HR193381', '2944470785', '#8H6H1'); --f
INSERT INTO health_referral (health_referral_id, hlkid, mbo, therapy_code) VALUES ('DGC_942024', 'HR276291', '1532378204', '#5C3G3'); --t
INSERT INTO health_referral (health_referral_id, hlkid, mbo, therapy_code) VALUES ('DGC_656575', 'HR052618', '4173413342', '#3J6K2'); --t
INSERT INTO health_referral (health_referral_id, hlkid, mbo, therapy_code) VALUES ('DGC_969413', 'HR161846', '6446944801', '#5G3Y4'); --t
INSERT INTO health_referral (health_referral_id, hlkid, mbo, therapy_code) VALUES ('DGC_869437', 'HR267695', '1850507374', '#5C3G3'); --t
INSERT INTO health_referral (health_referral_id, hlkid, mbo, therapy_code) VALUES ('DGC_749456', 'HR119458', '1216575762', '#3N4P6'); --t
INSERT INTO health_referral (health_referral_id, hlkid, mbo, therapy_code) VALUES ('DGC_877584', 'HR163856', '5347456189', '#2K6H8'); --t
INSERT INTO health_referral (health_referral_id, hlkid, mbo, therapy_code) VALUES ('DGC_687246', 'HR245252', '3868794331', '#7R3N6'); --t
INSERT INTO health_referral (health_referral_id, hlkid, mbo, therapy_code) VALUES ('DGC_446004', 'HR204355', '9757861017', '#8I5F5'); --t
INSERT INTO health_referral (health_referral_id, hlkid, mbo, therapy_code) VALUES ('DGC_262041', 'HR285214', '6423700800', '#7R3N6'); --t
INSERT INTO health_referral (health_referral_id, hlkid, mbo, therapy_code) VALUES ('DGC_661199', 'HR131035', '3440637107', '#9M8D2'); --t
INSERT INTO health_referral (health_referral_id, hlkid, mbo, therapy_code) VALUES ('DGC_637202', 'HR222183', '5275142380', '#7P3Y5'); --f
INSERT INTO health_referral (health_referral_id, hlkid, mbo, therapy_code) VALUES ('DGC_869826', 'HR150977', '0571334333', '#2K6H8'); --t
INSERT INTO health_referral (health_referral_id, hlkid, mbo, therapy_code) VALUES ('DGC_918222', 'HR160786', '3819700726', '#7X4N5'); --t
INSERT INTO health_referral (health_referral_id, hlkid, mbo, therapy_code) VALUES ('DGC_623808', 'HR178655', '1297818258', '#1G8Z3'); --f
INSERT INTO health_referral (health_referral_id, hlkid, mbo, therapy_code) VALUES ('DGC_443294', 'HR249603', '9565800943', '#4N8P5'); --f
INSERT INTO health_referral (health_referral_id, hlkid, mbo, therapy_code) VALUES ('DGC_826397', 'HR155697', '1532378204', '#2T8L4'); --t
INSERT INTO health_referral (health_referral_id, hlkid, mbo, therapy_code) VALUES ('DGC_791929', 'HR059191', '6136194437', '#5M8P4'); --t
INSERT INTO health_referral (health_referral_id, hlkid, mbo, therapy_code) VALUES ('DGC_791516', 'HR051109', '0985222002', '#6L2M9'); --t
INSERT INTO health_referral (health_referral_id, hlkid, mbo, therapy_code) VALUES ('DGC_969339', 'HR041091', '2491959663', '#4W3F2'); --t
INSERT INTO health_referral (health_referral_id, hlkid, mbo, therapy_code) VALUES ('DGC_381880', 'HR018635', '6446944801', '#6W1E6'); --t
INSERT INTO health_referral (health_referral_id, hlkid, mbo, therapy_code) VALUES ('DGC_808830', 'HR286651', '2944470785', '#6F6P9'); --t
INSERT INTO health_referral (health_referral_id, hlkid, mbo, therapy_code) VALUES ('DGC_541132', 'HR288020', '2490725791', '#6F2G1'); --t
INSERT INTO health_referral (health_referral_id, hlkid, mbo, therapy_code) VALUES ('DGC_553471', 'HR142441', '2491959663', '#6L2M9'); --t
INSERT INTO health_referral (health_referral_id, hlkid, mbo, therapy_code) VALUES ('DGC_126662', 'HR152518', '0767789053', '#6F6P9'); --t
INSERT INTO health_referral (health_referral_id, hlkid, mbo, therapy_code) VALUES ('DGC_776897', 'HR133035', '9442590631', '#9P1H4'); --t
INSERT INTO health_referral (health_referral_id, hlkid, mbo, therapy_code) VALUES ('DGC_976369', 'HR230176', '3360604548', '#7X4N5'); --t
INSERT INTO health_referral (health_referral_id, hlkid, mbo, therapy_code) VALUES ('DGC_790265', 'HR194996', '7411648759', '#1R2Y1'); --t
INSERT INTO health_referral (health_referral_id, hlkid, mbo, therapy_code) VALUES ('DGC_496383', 'HR141610', '0729410772', '#6F6P9'); --t
INSERT INTO health_referral (health_referral_id, hlkid, mbo, therapy_code) VALUES ('DGC_110225', 'HR031191', '4912183658', '#7P3Y5'); --t
INSERT INTO health_referral (health_referral_id, hlkid, mbo, therapy_code) VALUES ('DGC_886726', 'HR263804', '2482714851', '#7X4N5'); --t
INSERT INTO health_referral (health_referral_id, hlkid, mbo, therapy_code) VALUES ('DGC_306846', 'HR105980', '2535230493', '#2T8L4'); --t
INSERT INTO health_referral (health_referral_id, hlkid, mbo, therapy_code) VALUES ('DGC_753053', 'HR261579', '5524769923', '#2T8L4'); --f
INSERT INTO health_referral (health_referral_id, hlkid, mbo, therapy_code) VALUES ('DGC_113518', 'HR087812', '2922579756', '#4D5C2'); --t
INSERT INTO health_referral (health_referral_id, hlkid, mbo, therapy_code) VALUES ('DGC_242123', 'HR045112', '4802053809', '#5G3Y4'); --t
INSERT INTO health_referral (health_referral_id, hlkid, mbo, therapy_code) VALUES ('DGC_655498', 'HR155464', '5524769923', '#5G3Y4'); --t
INSERT INTO health_referral (health_referral_id, hlkid, mbo, therapy_code) VALUES ('DGC_137620', 'HR128565', '4161888076', '#5I9K8'); --t
INSERT INTO health_referral (health_referral_id, hlkid, mbo, therapy_code) VALUES ('DGC_770549', 'HR207080', '5130029178', '#2J6Z7'); --t
INSERT INTO health_referral (health_referral_id, hlkid, mbo, therapy_code) VALUES ('DGC_482579', 'HR277139', '5441593808', '#6B5Q3'); --t
INSERT INTO health_referral (health_referral_id, hlkid, mbo, therapy_code) VALUES ('DGC_999382', 'HR107297', '4769035776', '#7Z8V8'); --t


INSERT INTO health_referral (health_referral_id, hlkid, mbo, therapy_code) VALUES ('DGC_950191', 'HR129455', '5769143984', '#5I9K8');
INSERT INTO health_referral (health_referral_id, hlkid, mbo, therapy_code) VALUES ('DGC_921846', 'HR175175', '7063566406', '#1G8Z3'); --inactive, 3
INSERT INTO health_referral (health_referral_id, hlkid, mbo, therapy_code) VALUES ('DGC_519756', 'HR246111', '1945494187', '#5Z9B5');
INSERT INTO health_referral (health_referral_id, hlkid, mbo, therapy_code) VALUES ('DGC_693934', 'HR143619', '4292271151', '#5C3G3');
INSERT INTO health_referral (health_referral_id, hlkid, mbo, therapy_code) VALUES ('DGC_331694', 'HR218412', '2546666522', '#5M8P4');
INSERT INTO health_referral (health_referral_id, hlkid, mbo, therapy_code) VALUES ('DGC_174686', 'HR100831', '9325464321', '#5C3G3');
INSERT INTO health_referral (health_referral_id, hlkid, mbo, therapy_code) VALUES ('DGC_066064', 'HR259110', '9015662392', '#1R2Y1');
INSERT INTO health_referral (health_referral_id, hlkid, mbo, therapy_code) VALUES ('DGC_101147', 'HR192034', '6861115213', '#5C3G3');
INSERT INTO health_referral (health_referral_id, hlkid, mbo, therapy_code) VALUES ('DGC_050598', 'HR052511', '6952783293', '#2K6H8');
INSERT INTO health_referral (health_referral_id, hlkid, mbo, therapy_code) VALUES ('DGC_667800', 'HR200668', '5395858892', '#7X4N5');
INSERT INTO health_referral (health_referral_id, hlkid, mbo, therapy_code) VALUES ('DGC_835888', 'HR175349', '7548622384', '#6F6P9');
INSERT INTO health_referral (health_referral_id, hlkid, mbo, therapy_code) VALUES ('DGC_851027', 'HR255116', '4469828133', '#8L2Q4');
INSERT INTO health_referral (health_referral_id, hlkid, mbo, therapy_code) VALUES ('DGC_568163', 'HR187684', '4315689241', '#5I9K8');
INSERT INTO health_referral (health_referral_id, hlkid, mbo, therapy_code) VALUES ('DGC_734265', 'HR266028', '6201773507', '#9P3R1');
INSERT INTO health_referral (health_referral_id, hlkid, mbo, therapy_code) VALUES ('DGC_941108', 'HR229631', '8041741740', '#3H4O2');
INSERT INTO health_referral (health_referral_id, hlkid, mbo, therapy_code) VALUES ('DGC_311717', 'HR015434', '9226487941', '#8H6H1');
INSERT INTO health_referral (health_referral_id, hlkid, mbo, therapy_code) VALUES ('DGC_697063', 'HR165771', '1393000849', '#4C7X3');
INSERT INTO health_referral (health_referral_id, hlkid, mbo, therapy_code) VALUES ('DGC_651878', 'HR061932', '7198394283', '#4N8P5');
INSERT INTO health_referral (health_referral_id, hlkid, mbo, therapy_code) VALUES ('DGC_327893', 'HR112973', '2120350019', '#2J6Z7');
INSERT INTO health_referral (health_referral_id, hlkid, mbo, therapy_code) VALUES ('DGC_965064', 'HR287743', '3646925246', '#4N8P5');
INSERT INTO health_referral (health_referral_id, hlkid, mbo, therapy_code) VALUES ('DGC_219713', 'HR157827', '6009078399', '#1G8Z3'); --inactive, 22
INSERT INTO health_referral (health_referral_id, hlkid, mbo, therapy_code) VALUES ('DGC_568498', 'HR087708', '3403347443', '#1R2Y1');
INSERT INTO health_referral (health_referral_id, hlkid, mbo, therapy_code) VALUES ('DGC_260857', 'HR137576', '6075500048', '#5Z9B5');
INSERT INTO health_referral (health_referral_id, hlkid, mbo, therapy_code) VALUES ('DGC_205404', 'HR265822', '6032377077', '#9M8D2');
INSERT INTO health_referral (health_referral_id, hlkid, mbo, therapy_code) VALUES ('DGC_053133', 'HR031606', '4259054123', '#5C3G3');
INSERT INTO health_referral (health_referral_id, hlkid, mbo, therapy_code) VALUES ('DGC_700394', 'HR222888', '7944914291', '#3N4P6');
INSERT INTO health_referral (health_referral_id, hlkid, mbo, therapy_code) VALUES ('DGC_440373', 'HR236184', '3864838679', '#7R3N6');
INSERT INTO health_referral (health_referral_id, hlkid, mbo, therapy_code) VALUES ('DGC_086167', 'HR005686', '5007396434', '#4W3F2');
INSERT INTO health_referral (health_referral_id, hlkid, mbo, therapy_code) VALUES ('DGC_452572', 'HR161846', '0376528707', '#8D2H9');
INSERT INTO health_referral (health_referral_id, hlkid, mbo, therapy_code) VALUES ('DGC_541658', 'HR008506', '5643219067', '#1R2Y1');
INSERT INTO health_referral (health_referral_id, hlkid, mbo, therapy_code) VALUES ('DGC_040354', 'HR254362', '9895283067', '#8H6H1');
INSERT INTO health_referral (health_referral_id, hlkid, mbo, therapy_code) VALUES ('DGC_695792', 'HR119657', '9389841365', '#6F6P9');
INSERT INTO health_referral (health_referral_id, hlkid, mbo, therapy_code) VALUES ('DGC_444633', 'HR163856', '6553508858', '#8H6H1');
INSERT INTO health_referral (health_referral_id, hlkid, mbo, therapy_code) VALUES ('DGC_412598', 'HR141382', '4315689241', '#8L2Q4');
INSERT INTO health_referral (health_referral_id, hlkid, mbo, therapy_code) VALUES ('DGC_057750', 'HR247373', '2195515229', '#4N8P5');
INSERT INTO health_referral (health_referral_id, hlkid, mbo, therapy_code) VALUES ('DGC_831169', 'HR059195', '0762728409', '#7Z8V8');
INSERT INTO health_referral (health_referral_id, hlkid, mbo, therapy_code) VALUES ('DGC_911932', 'HR193381', '8403764979', '#8D2H9'); --inactive, 38
INSERT INTO health_referral (health_referral_id, hlkid, mbo, therapy_code) VALUES ('DGC_718026', 'HR279089', '2102634128', '#2K6H8');
INSERT INTO health_referral (health_referral_id, hlkid, mbo, therapy_code) VALUES ('DGC_734152', 'HR212724', '3454521744', '#8D2H9');
INSERT INTO health_referral (health_referral_id, hlkid, mbo, therapy_code) VALUES ('DGC_454750', 'HR129501', '1728840072', '#7Z8V8');
INSERT INTO health_referral (health_referral_id, hlkid, mbo, therapy_code) VALUES ('DGC_406423', 'HR059195', '8041741740', '#7R3N6');
INSERT INTO health_referral (health_referral_id, hlkid, mbo, therapy_code) VALUES ('DGC_972177', 'HR040764', '2897428899', '#2J6Z7');
INSERT INTO health_referral (health_referral_id, hlkid, mbo, therapy_code) VALUES ('DGC_984421', 'HR277139', '2195515229', '#4N8P5');
INSERT INTO health_referral (health_referral_id, hlkid, mbo, therapy_code) VALUES ('DGC_292993', 'HR059195', '2120350019', '#3H4O2');
INSERT INTO health_referral (health_referral_id, hlkid, mbo, therapy_code) VALUES ('DGC_288061', 'HR277202', '5849382748', '#5R9N7'); --inactive, 46
INSERT INTO health_referral (health_referral_id, hlkid, mbo, therapy_code) VALUES ('DGC_782025', 'HR088217', '8210149171', '#5G3Y4');
INSERT INTO health_referral (health_referral_id, hlkid, mbo, therapy_code) VALUES ('DGC_804902', 'HR201981', '2897428899', '#3N4P6');
INSERT INTO health_referral (health_referral_id, hlkid, mbo, therapy_code) VALUES ('DGC_649359', 'HR058049', '2195515229', '#6W1E6');
INSERT INTO health_referral (health_referral_id, hlkid, mbo, therapy_code) VALUES ('DGC_185028', 'HR061932', '5461376299', '#5G3Y4');
INSERT INTO health_referral (health_referral_id, hlkid, mbo, therapy_code) VALUES ('DGC_092830', 'HR058152', '7548622384', '#8H6H1');
INSERT INTO health_referral (health_referral_id, hlkid, mbo, therapy_code) VALUES ('DGC_505145', 'HR275367', '3343328062', '#2K6H8');
INSERT INTO health_referral (health_referral_id, hlkid, mbo, therapy_code) VALUES ('DGC_008831', 'HR205442', '0901656844', '#8I5F5');
INSERT INTO health_referral (health_referral_id, hlkid, mbo, therapy_code) VALUES ('DGC_057099', 'HR291036', '6973581952', '#8K1H7');
INSERT INTO health_referral (health_referral_id, hlkid, mbo, therapy_code) VALUES ('DGC_842358', 'HR021766', '5216017589', '#9M8D2');
INSERT INTO health_referral (health_referral_id, hlkid, mbo, therapy_code) VALUES ('DGC_401724', 'HR294673', '3576599745', '#6W1E6');
INSERT INTO health_referral (health_referral_id, hlkid, mbo, therapy_code) VALUES ('DGC_871025', 'HR012970', '1057437578', '#8I5F5');
INSERT INTO health_referral (health_referral_id, hlkid, mbo, therapy_code) VALUES ('DGC_705709', 'HR012029', '0901656844', '#2T8L4');
INSERT INTO health_referral (health_referral_id, hlkid, mbo, therapy_code) VALUES ('DGC_313109', 'HR165687', '4826826688', '#1V2V2');
INSERT INTO health_referral (health_referral_id, hlkid, mbo, therapy_code) VALUES ('DGC_735790', 'HR011476', '9513622673', '#6L2M9');
INSERT INTO health_referral (health_referral_id, hlkid, mbo, therapy_code) VALUES ('DGC_155113', 'HR123338', '8210149171', '#9P3R1');
INSERT INTO health_referral (health_referral_id, hlkid, mbo, therapy_code) VALUES ('DGC_736441', 'HR218836', '5939600696', '#6F2G1');
INSERT INTO health_referral (health_referral_id, hlkid, mbo, therapy_code) VALUES ('DGC_285399', 'HR072116', '3060373849', '#3J6K2');
INSERT INTO health_referral (health_referral_id, hlkid, mbo, therapy_code) VALUES ('DGC_340409', 'HR291036', '5799538838', '#7P3Y5');
INSERT INTO health_referral (health_referral_id, hlkid, mbo, therapy_code) VALUES ('DGC_402324', 'HR228690', '6952783293', '#8K1H7');
INSERT INTO health_referral (health_referral_id, hlkid, mbo, therapy_code) VALUES ('DGC_324600', 'HR136927', '5564061312', '#8L2Q4');
INSERT INTO health_referral (health_referral_id, hlkid, mbo, therapy_code) VALUES ('DGC_089968', 'HR222183', '6973581952', '#9P3R1'); --inactive, 67
INSERT INTO health_referral (health_referral_id, hlkid, mbo, therapy_code) VALUES ('DGC_627168', 'HR144610', '6211425502', '#8K1H7');
INSERT INTO health_referral (health_referral_id, hlkid, mbo, therapy_code) VALUES ('DGC_399384', 'HR140833', '7063566406', '#4W3F2');
INSERT INTO health_referral (health_referral_id, hlkid, mbo, therapy_code) VALUES ('DGC_730346', 'HR286712', '5726645818', '#5I9K8');
INSERT INTO health_referral (health_referral_id, hlkid, mbo, therapy_code) VALUES ('DGC_397567', 'HR256292', '6268486916', '#9P3R1');
INSERT INTO health_referral (health_referral_id, hlkid, mbo, therapy_code) VALUES ('DGC_801122', 'HR229631', '9235556428', '#8L2Q4');
INSERT INTO health_referral (health_referral_id, hlkid, mbo, therapy_code) VALUES ('DGC_683876', 'HR184734', '5216017589', '#4C7X3');
INSERT INTO health_referral (health_referral_id, hlkid, mbo, therapy_code) VALUES ('DGC_086206', 'HR164662', '2285196338', '#2J6Z7');
INSERT INTO health_referral (health_referral_id, hlkid, mbo, therapy_code) VALUES ('DGC_088898', 'HR291036', '6136215204', '#6B5Q3');
INSERT INTO health_referral (health_referral_id, hlkid, mbo, therapy_code) VALUES ('DGC_291027', 'HR223924', '9389841365', '#6W1E6');
INSERT INTO health_referral (health_referral_id, hlkid, mbo, therapy_code) VALUES ('DGC_233546', 'HR178655', '6075500048', '#6L2M9'); --inactive, 77
INSERT INTO health_referral (health_referral_id, hlkid, mbo, therapy_code) VALUES ('DGC_236774', 'HR031606', '5799538838', '#9P3R1');
INSERT INTO health_referral (health_referral_id, hlkid, mbo, therapy_code) VALUES ('DGC_853175', 'HR246111', '5799538838', '#6F2G1');
INSERT INTO health_referral (health_referral_id, hlkid, mbo, therapy_code) VALUES ('DGC_033885', 'HR067928', '8358474131', '#2T8L4');
INSERT INTO health_referral (health_referral_id, hlkid, mbo, therapy_code) VALUES ('DGC_746545', 'HR208776', '2897428899', '#9P1H4');
INSERT INTO health_referral (health_referral_id, hlkid, mbo, therapy_code) VALUES ('DGC_574515', 'HR148454', '9226487941', '#6F2G1');
INSERT INTO health_referral (health_referral_id, hlkid, mbo, therapy_code) VALUES ('DGC_076714', 'HR191981', '3864838679', '#6B5Q3');
INSERT INTO health_referral (health_referral_id, hlkid, mbo, therapy_code) VALUES ('DGC_175536', 'HR031403', '9895283067', '#2T8L4');
INSERT INTO health_referral (health_referral_id, hlkid, mbo, therapy_code) VALUES ('DGC_636680', 'HR135774', '6858724683', '#9P3R1');
INSERT INTO health_referral (health_referral_id, hlkid, mbo, therapy_code) VALUES ('DGC_958623', 'HR189317', '5769143984', '#6F2G1');


INSERT INTO therapy (id, patient_id, therapy_type_id, therapy_status, request_date) VALUES (1, 90, 35, 'PENDING', '2024-01-09T09:39');
INSERT INTO therapy (id, patient_id, therapy_type_id, therapy_status, request_date) VALUES (2, 83, 8, 'VERIFIED', '2023-12-01T14:00');
INSERT INTO therapy (id, patient_id, therapy_type_id, therapy_status, request_date) VALUES (3, 47, 33, 'PENDING', '2024-01-10T15:41');
INSERT INTO therapy (id, patient_id, therapy_type_id, therapy_status, request_date) VALUES (4, 42, 20, 'VERIFIED', '2023-12-09T08:09');
INSERT INTO therapy (id, patient_id, therapy_type_id, therapy_status, request_date) VALUES (5, 27, 32, 'VERIFIED', '2023-12-19T13:13');
INSERT INTO therapy (id, patient_id, therapy_type_id, therapy_status, request_date) VALUES (6, 13, 20, 'VERIFIED', '2024-01-05T12:42');
INSERT INTO therapy (id, patient_id, therapy_type_id, therapy_status, request_date) VALUES (7, 104, 6, 'VERIFIED', '2023-12-03T12:46');
INSERT INTO therapy (id, patient_id, therapy_type_id, therapy_status, request_date) VALUES (8, 46, 20, 'VERIFIED', '2023-12-08T08:44');
INSERT INTO therapy (id, patient_id, therapy_type_id, therapy_status, request_date) VALUES (9, 68, 37, 'VERIFIED', '2023-12-29T16:51');
INSERT INTO therapy (id, patient_id, therapy_type_id, therapy_status, request_date) VALUES (10, 6, 31, 'VERIFIED', '2023-12-21T08:02');
INSERT INTO therapy (id, patient_id, therapy_type_id, therapy_status, request_date) VALUES (11, 76, 7, 'PENDING', '2024-01-09T11:15');
INSERT INTO therapy (id, patient_id, therapy_type_id, therapy_status, request_date) VALUES (12, 12, 14, 'VERIFIED', '2023-12-19T19:46');
INSERT INTO therapy (id, patient_id, therapy_type_id, therapy_status, request_date) VALUES (13, 9, 35, 'VERIFIED', '2023-12-05T10:28');
INSERT INTO therapy (id, patient_id, therapy_type_id, therapy_status, request_date) VALUES (14, 75, 29, 'VERIFIED', '2023-12-11T08:37');
INSERT INTO therapy (id, patient_id, therapy_type_id, therapy_status, request_date) VALUES (15, 3, 12, 'VERIFIED', '2024-01-07T17:14');
INSERT INTO therapy (id, patient_id, therapy_type_id, therapy_status, request_date) VALUES (16, 26, 27, 'VERIFIED', '2023-12-14T08:50');
INSERT INTO therapy (id, patient_id, therapy_type_id, therapy_status, request_date) VALUES (17, 50, 5, 'VERIFIED', '2023-12-03T18:13');
INSERT INTO therapy (id, patient_id, therapy_type_id, therapy_status, request_date) VALUES (18, 43, 10, 'VERIFIED', '2023-12-23T13:29');
INSERT INTO therapy (id, patient_id, therapy_type_id, therapy_status, request_date) VALUES (19, 35, 30, 'VERIFIED', '2023-12-23T12:33');
INSERT INTO therapy (id, patient_id, therapy_type_id, therapy_status, request_date) VALUES (20, 41, 10, 'VERIFIED', '2023-12-26T19:53');
INSERT INTO therapy (id, patient_id, therapy_type_id, therapy_status, request_date) VALUES (21, 99, 8, 'VERIFIED', '2023-12-25T14:03');
INSERT INTO therapy (id, patient_id, therapy_type_id, therapy_status, request_date) VALUES (22, 105, 6, 'PENDING', '2024-01-08T16:12');
INSERT INTO therapy (id, patient_id, therapy_type_id, therapy_status, request_date) VALUES (23, 66, 33, 'VERIFIED', '2024-01-06T09:05');
INSERT INTO therapy (id, patient_id, therapy_type_id, therapy_status, request_date) VALUES (24, 102, 16, 'PENDING', '2024-01-10T11:50');
INSERT INTO therapy (id, patient_id, therapy_type_id, therapy_status, request_date) VALUES (25, 88, 20, 'VERIFIED', '2023-12-09T11:34');
INSERT INTO therapy (id, patient_id, therapy_type_id, therapy_status, request_date) VALUES (26, 19, 21, 'VERIFIED', '2023-12-25T16:44');
INSERT INTO therapy (id, patient_id, therapy_type_id, therapy_status, request_date) VALUES (27, 36, 11, 'VERIFIED', '2023-12-18T19:27');
INSERT INTO therapy (id, patient_id, therapy_type_id, therapy_status, request_date) VALUES (28, 79, 23, 'VERIFIED', '2023-12-28T14:35');
INSERT INTO therapy (id, patient_id, therapy_type_id, therapy_status, request_date) VALUES (29, 38, 34, 'VERIFIED', '2023-12-10T18:23');
INSERT INTO therapy (id, patient_id, therapy_type_id, therapy_status, request_date) VALUES (30, 14, 6, 'VERIFIED', '2023-12-26T19:05');
INSERT INTO therapy (id, patient_id, therapy_type_id, therapy_status, request_date) VALUES (31, 72, 27, 'VERIFIED', '2023-12-15T13:57');
INSERT INTO therapy (id, patient_id, therapy_type_id, therapy_status, request_date) VALUES (32, 96, 7, 'VERIFIED', '2023-12-06T18:44');
INSERT INTO therapy (id, patient_id, therapy_type_id, therapy_status, request_date) VALUES (33, 28, 27, 'VERIFIED', '2023-12-21T17:50');
INSERT INTO therapy (id, patient_id, therapy_type_id, therapy_status, request_date) VALUES (34, 31, 14, 'VERIFIED', '2023-12-29T17:08');
INSERT INTO therapy (id, patient_id, therapy_type_id, therapy_status, request_date) VALUES (35, 97, 10, 'VERIFIED', '2023-12-16T08:40');
INSERT INTO therapy (id, patient_id, therapy_type_id, therapy_status, request_date) VALUES (36, 8, 2, 'VERIFIED', '2023-12-31T16:56');
INSERT INTO therapy (id, patient_id, therapy_type_id, therapy_status, request_date) VALUES (37, 73, 34, 'VERIFIED', '2024-01-07T16:06');
INSERT INTO therapy (id, patient_id, therapy_type_id, therapy_status, request_date) VALUES (38, 45, 37, 'VERIFIED', '2023-12-12T09:55');
INSERT INTO therapy (id, patient_id, therapy_type_id, therapy_status, request_date) VALUES (39, 44, 34, 'VERIFIED', '2023-12-27T08:48');
INSERT INTO therapy (id, patient_id, therapy_type_id, therapy_status, request_date) VALUES (40, 4, 2, 'VERIFIED', '2023-12-06T19:57');
INSERT INTO therapy (id, patient_id, therapy_type_id, therapy_status, request_date) VALUES (41, 48, 11, 'VERIFIED', '2023-12-31T15:01');
INSERT INTO therapy (id, patient_id, therapy_type_id, therapy_status, request_date) VALUES (42, 95, 30, 'VERIFIED', '2023-12-22T08:27');
INSERT INTO therapy (id, patient_id, therapy_type_id, therapy_status, request_date) VALUES (43, 84, 10, 'VERIFIED', '2023-12-22T10:22');
INSERT INTO therapy (id, patient_id, therapy_type_id, therapy_status, request_date) VALUES (44, 86, 12, 'PENDING', '2024-01-08T15:32');
INSERT INTO therapy (id, patient_id, therapy_type_id, therapy_status, request_date) VALUES (45, 2, 24, 'VERIFIED', '2023-12-16T16:00');
INSERT INTO therapy (id, patient_id, therapy_type_id, therapy_status, request_date) VALUES (46, 11, 1, 'VERIFIED', '2024-01-01T13:55');
INSERT INTO therapy (id, patient_id, therapy_type_id, therapy_status, request_date) VALUES (47, 71, 21, 'VERIFIED', '2023-12-26T17:03');
INSERT INTO therapy (id, patient_id, therapy_type_id, therapy_status, request_date) VALUES (48, 25, 18, 'VERIFIED', '2023-12-11T12:01');
INSERT INTO therapy (id, patient_id, therapy_type_id, therapy_status, request_date) VALUES (49, 92, 1, 'VERIFIED', '2024-01-05T10:24');
INSERT INTO therapy (id, patient_id, therapy_type_id, therapy_status, request_date) VALUES (50, 94, 27, 'VERIFIED', '2023-12-22T11:31');
INSERT INTO therapy (id, patient_id, therapy_type_id, therapy_status, request_date) VALUES (51, 33, 37, 'VERIFIED', '2024-01-02T09:11');
INSERT INTO therapy (id, patient_id, therapy_type_id, therapy_status, request_date) VALUES (52, 85, 4, 'VERIFIED', '2023-12-07T19:27');
INSERT INTO therapy (id, patient_id, therapy_type_id, therapy_status, request_date) VALUES (53, 89, 25, 'VERIFIED', '2024-01-07T15:18');
INSERT INTO therapy (id, patient_id, therapy_type_id, therapy_status, request_date) VALUES (55, 17, 18, 'VERIFIED', '2023-12-31T11:38');
INSERT INTO therapy (id, patient_id, therapy_type_id, therapy_status, request_date) VALUES (56, 24, 4, 'VERIFIED', '2024-01-07T19:06');
INSERT INTO therapy (id, patient_id, therapy_type_id, therapy_status, request_date) VALUES (57, 39, 17, 'VERIFIED', '2023-12-28T11:18');
INSERT INTO therapy (id, patient_id, therapy_type_id, therapy_status, request_date) VALUES (58, 80, 3, 'VERIFIED', '2023-12-31T09:26');
INSERT INTO therapy (id, patient_id, therapy_type_id, therapy_status, request_date) VALUES (59, 87, 36, 'VERIFIED', '2023-12-15T19:00');
INSERT INTO therapy (id, patient_id, therapy_type_id, therapy_status, request_date) VALUES (60, 29, 29, 'VERIFIED', '2023-12-29T17:50');
INSERT INTO therapy (id, patient_id, therapy_type_id, therapy_status, request_date) VALUES (61, 18, 13, 'VERIFIED', '2023-12-04T10:35');
INSERT INTO therapy (id, patient_id, therapy_type_id, therapy_status, request_date) VALUES (62, 15, 28, 'VERIFIED', '2024-01-03T09:47');
INSERT INTO therapy (id, patient_id, therapy_type_id, therapy_status, request_date) VALUES (63, 32, 15, 'VERIFIED', '2023-12-05T12:45');
INSERT INTO therapy (id, patient_id, therapy_type_id, therapy_status, request_date) VALUES (64, 22, 25, 'VERIFIED', '2023-12-13T17:35');
INSERT INTO therapy (id, patient_id, therapy_type_id, therapy_status, request_date) VALUES (65, 10, 14, 'PENDING', '2024-01-08T15:44');
INSERT INTO therapy (id, patient_id, therapy_type_id, therapy_status, request_date) VALUES (66, 78, 29, 'VERIFIED', '2023-12-11T19:27');
INSERT INTO therapy (id, patient_id, therapy_type_id, therapy_status, request_date) VALUES (67, 5, 25, 'PENDING', '2024-01-08T15:57');
INSERT INTO therapy (id, patient_id, therapy_type_id, therapy_status, request_date) VALUES (68, 7, 23, 'VERIFIED', '2023-12-25T14:33');
INSERT INTO therapy (id, patient_id, therapy_type_id, therapy_status, request_date) VALUES (69, 93, 35, 'VERIFIED', '2023-12-22T14:39');
INSERT INTO therapy (id, patient_id, therapy_type_id, therapy_status, request_date) VALUES (70, 21, 29, 'VERIFIED', '2023-12-19T15:15');
INSERT INTO therapy (id, patient_id, therapy_type_id, therapy_status, request_date) VALUES (71, 20, 14, 'VERIFIED', '2023-12-17T11:13');
INSERT INTO therapy (id, patient_id, therapy_type_id, therapy_status, request_date) VALUES (72, 100, 5, 'PENDING', '2024-01-08T09:10');
INSERT INTO therapy (id, patient_id, therapy_type_id, therapy_status, request_date) VALUES (73, 40, 30, 'VERIFIED', '2023-12-12T17:51');
INSERT INTO therapy (id, patient_id, therapy_type_id, therapy_status, request_date) VALUES (74, 74, 19, 'VERIFIED', '2023-12-20T12:09');
INSERT INTO therapy (id, patient_id, therapy_type_id, therapy_status, request_date) VALUES (75, 91, 18, 'VERIFIED', '2023-12-29T08:40');
INSERT INTO therapy (id, patient_id, therapy_type_id, therapy_status, request_date) VALUES (76, 77, 36, 'VERIFIED', '2023-12-30T10:51');
INSERT INTO therapy (id, patient_id, therapy_type_id, therapy_status, request_date) VALUES (77, 70, 29, 'VERIFIED', '2023-12-16T15:44');
INSERT INTO therapy (id, patient_id, therapy_type_id, therapy_status, request_date) VALUES (78, 51, 13, 'VERIFIED', '2023-12-23T09:26');
INSERT INTO therapy (id, patient_id, therapy_type_id, therapy_status, request_date) VALUES (79, 30, 17, 'VERIFIED', '2023-12-25T11:48');
INSERT INTO therapy (id, patient_id, therapy_type_id, therapy_status, request_date) VALUES (80, 67, 22, 'VERIFIED', '2023-12-21T12:18');
INSERT INTO therapy (id, patient_id, therapy_type_id, therapy_status, request_date) VALUES (81, 23, 13, 'VERIFIED', '2023-12-12T19:08');
INSERT INTO therapy (id, patient_id, therapy_type_id, therapy_status, request_date) VALUES (82, 34, 19, 'VERIFIED', '2023-12-23T10:36');
INSERT INTO therapy (id, patient_id, therapy_type_id, therapy_status, request_date) VALUES (83, 101, 17, 'VERIFIED', '2023-12-27T18:36');
INSERT INTO therapy (id, patient_id, therapy_type_id, therapy_status, request_date) VALUES (84, 37, 29, 'VERIFIED', '2023-12-26T11:30');
INSERT INTO therapy (id, patient_id, therapy_type_id, therapy_status, request_date) VALUES (85, 16, 13, 'PENDING', '2024-01-08T12:40');

INSERT INTO appointment (id, date_time, employee_id, patient_id, therapy_id, session_notes) VALUES (1, '2024-01-16T16:00', 138, 90, 1, 'Initiated post-operative exercises, patient tolerating well.'); --#5I9K8, 35
INSERT INTO appointment (id, date_time, employee_id, patient_id, therapy_id, session_notes) VALUES (2, '2024-01-17T16:00', 134, 90, 1, 'Patient shows early signs of recovery, improved mobility.'); --#5I9K8, 35
INSERT INTO appointment (id, date_time, employee_id, patient_id, therapy_id, session_notes) VALUES (3, '2024-01-22T16:00', 131, 90, 1, 'Good progress, focusing on regaining strength in affected area.'); --#5I9K8, 35
INSERT INTO appointment (id, date_time, employee_id, patient_id, therapy_id, session_notes) VALUES (4, '2024-01-24T16:00', 134, 90, 1, 'Notable improvement in surgical recovery, reduced pain.'); --#5I9K8, 35
INSERT INTO appointment (id, date_time, employee_id, patient_id, therapy_id, session_notes) VALUES (5, '2024-01-26T16:00', 131, 90, 1, 'Patient able to engage in light activities with less discomfort.'); --#5I9K8, 35
INSERT INTO appointment (id, date_time, employee_id, patient_id, therapy_id, session_notes) VALUES (6, '2024-01-29T16:00', 129, 90, 1, 'Continued gains in function, focusing on range of motion.'); --#5I9K8, 35
INSERT INTO appointment (id, date_time, employee_id, patient_id, therapy_id, session_notes) VALUES (7, '2024-01-30T16:00', 134, 90, 1, 'Significant improvement in post-operative recovery.'); --#5I9K8, 35
INSERT INTO appointment (id, date_time, employee_id, patient_id, therapy_id, session_notes) VALUES (8, '2024-02-02T16:00', 138, 90, 1, 'Patient performing more dynamic activities comfortably.'); --#5I9K8, 35
INSERT INTO appointment (id, date_time, employee_id, patient_id, therapy_id, session_notes) VALUES (9, '2024-02-05T16:00', 131, 90, 1, 'Continued progress, excellent adherence to rehabilitation plan.'); --#5I9K8, 35
INSERT INTO appointment (id, date_time, employee_id, patient_id, therapy_id, session_notes) VALUES (10, '2024-02-07T16:00', 129, 90, 1, 'Near-complete recovery, focusing on functional movements.'); --#5I9K8, 35
INSERT INTO appointment (id, date_time, employee_id, patient_id, therapy_id, session_notes) VALUES (11, '2024-02-08T16:00', 129, 90, 1, 'Patient shows great resilience, almost fully recovered.'); --#5I9K8, 35
INSERT INTO appointment (id, date_time, employee_id, patient_id, therapy_id, session_notes) VALUES (12, '2024-02-12T16:00', 129, 90, 1, 'Full recovery from surgery, patient advised on long-term care and maintenance.'); --#5I9K8, 35
INSERT INTO appointment (id, date_time, employee_id, patient_id, therapy_id, session_notes) VALUES (13, '2024-01-17T10:00', 149, 83, 2, 'Began therapy with gentle stretching, pain management strategies in place.'); --#1G8Z3, 8
INSERT INTO appointment (id, date_time, employee_id, patient_id, therapy_id, session_notes) VALUES (14, '2024-01-18T10:00', 133, 83, 2, 'Slight reduction in tenderness, patient tolerating exercises well.'); --#1G8Z3, 8
INSERT INTO appointment (id, date_time, employee_id, patient_id, therapy_id, session_notes) VALUES (15, '2024-01-22T10:00', 133, 83, 2, 'Patient shows progress in pain reduction and mobility.'); --#1G8Z3, 8
INSERT INTO appointment (id, date_time, employee_id, patient_id, therapy_id, session_notes) VALUES (16, '2024-01-24T10:00', 149, 83, 2, 'Further gains in tendon strength, continuing with progressive exercises.'); --#1G8Z3, 8
INSERT INTO appointment (id, date_time, employee_id, patient_id, therapy_id, session_notes) VALUES (17, '2024-01-25T10:00', 149, 83, 2, 'Patient reports less pain during activity, improved function.'); --#1G8Z3, 8
INSERT INTO appointment (id, date_time, employee_id, patient_id, therapy_id, session_notes) VALUES (18, '2024-01-26T10:00', 150, 83, 2, 'Continued improvement, increased exercise difficulty.'); --#1G8Z3, 8
INSERT INTO appointment (id, date_time, employee_id, patient_id, therapy_id, session_notes) VALUES (19, '2024-01-29T10:00', 133, 83, 2, 'Significant reduction in symptoms, focusing on functional movements.'); --#1G8Z3, 8
INSERT INTO appointment (id, date_time, employee_id, patient_id, therapy_id, session_notes) VALUES (20, '2024-01-31T10:00', 149, 83, 2, 'Good tolerance to higher intensity exercises, minimal discomfort.'); --#1G8Z3, 8
INSERT INTO appointment (id, date_time, employee_id, patient_id, therapy_id, session_notes) VALUES (21, '2024-02-05T10:00', 150, 83, 2, 'Almost full recovery, patient performing daily tasks with ease.'); --#1G8Z3, 8
INSERT INTO appointment (id, date_time, employee_id, patient_id, therapy_id, session_notes) VALUES (22, '2024-02-08T10:00', 149, 83, 2, 'Excellent progress, patient advised on how to prevent recurrence.'); --#1G8Z3, 8
INSERT INTO appointment (id, date_time, employee_id, patient_id, therapy_id, session_notes) VALUES (23, '2024-01-16T15:00', 150, 47, 3, 'Began with injury assessment and basic mobility exercises.'); --#5Z9B5, 33
INSERT INTO appointment (id, date_time, employee_id, patient_id, therapy_id, session_notes) VALUES (24, '2024-01-18T15:00', 133, 47, 3, 'Patient shows early signs of recovery, reduced pain.'); --#5Z9B5, 33
INSERT INTO appointment (id, date_time, employee_id, patient_id, therapy_id, session_notes) VALUES (25, '2024-01-22T15:00', 133, 47, 3, 'Good progress, focusing on regaining strength in injured area.'); --#5Z9B5, 33
INSERT INTO appointment (id, date_time, employee_id, patient_id, therapy_id, session_notes) VALUES (26, '2024-01-24T15:00', 150, 47, 3, 'Notable improvement in injury recovery, increased exercise intensity.'); --#5Z9B5, 33
INSERT INTO appointment (id, date_time, employee_id, patient_id, therapy_id, session_notes) VALUES (27, '2024-01-25T15:00', 149, 47, 3, 'Patient able to engage in light sports activities with minimal discomfort.'); --#5Z9B5, 33
INSERT INTO appointment (id, date_time, employee_id, patient_id, therapy_id, session_notes) VALUES (28, '2024-01-26T15:00', 149, 47, 3, 'Continued improvement in sports-specific movements.'); --#5Z9B5, 33
INSERT INTO appointment (id, date_time, employee_id, patient_id, therapy_id, session_notes) VALUES (29, '2024-01-29T15:00', 150, 47, 3, 'Significant gains in function, injury healing well.'); --#5Z9B5, 33
INSERT INTO appointment (id, date_time, employee_id, patient_id, therapy_id, session_notes) VALUES (30, '2024-02-01T15:00', 150, 47, 3, 'Excellent recovery, patient ready to resume full sports activities.'); --#5Z9B5, 33
INSERT INTO appointment (id, date_time, employee_id, patient_id, therapy_id, session_notes) VALUES (31, '2023-12-27T14:00', 139, 42, 4, 'Initiated gentle calf and Achilles stretching.'); --#5C3G3, 20
INSERT INTO appointment (id, date_time, employee_id, patient_id, therapy_id, session_notes) VALUES (32, '2023-12-28T14:00', 144, 42, 4, 'Patient reports less stiffness and pain in Achilles tendon.'); --#5C3G3, 20
INSERT INTO appointment (id, date_time, employee_id, patient_id, therapy_id, session_notes) VALUES (33, '2023-12-29T14:00', 141, 42, 4, 'Good progress, increased exercise intensity for tendon strength.'); --#5C3G3, 20
INSERT INTO appointment (id, date_time, employee_id, patient_id, therapy_id, session_notes) VALUES (34, '2024-01-01T14:00', 145, 42, 4, 'Notable improvement in flexibility and pain reduction.'); --#5C3G3, 20
INSERT INTO appointment (id, date_time, employee_id, patient_id, therapy_id, session_notes) VALUES (35, '2024-01-03T14:00', 137, 42, 4, 'Patient able to engage in light jogging with minimal discomfort.'); --#5C3G3, 20
INSERT INTO appointment (id, date_time, employee_id, patient_id, therapy_id, session_notes) VALUES (36, '2024-01-08T14:00', 141, 42, 4, 'Continued gains in Achilles strength, focusing on dynamic exercises.'); --#5C3G3, 20
INSERT INTO appointment (id, date_time, employee_id, patient_id, therapy_id, session_notes) VALUES (37, '2024-01-10T14:00', 137, 42, 4, 'Significant reduction in symptoms, improved tendon function.'); --#5C3G3, 20
INSERT INTO appointment (id, date_time, employee_id, patient_id, therapy_id, session_notes) VALUES (38, '2024-01-12T14:00', 126, 42, 4, 'Patient performing more strenuous activities with ease.'); --#5C3G3, 20
INSERT INTO appointment (id, date_time, employee_id, patient_id, therapy_id, session_notes) VALUES (39, '2024-01-15T14:00', 142, 42, 4, 'Continued improvement, focusing on long-term tendon health.'); --#5C3G3, 20
INSERT INTO appointment (id, date_time, employee_id, patient_id, therapy_id, session_notes) VALUES (40, '2024-01-16T14:00', 146, 42, 4, 'Excellent progress, near-complete recovery in tendon function.'); --#5C3G3, 20
INSERT INTO appointment (id, date_time, employee_id, patient_id, therapy_id, session_notes) VALUES (41, '2024-01-18T14:00', 137, 42, 4, 'Achilles tendon showing great resilience, patient resuming most activities.'); --#5C3G3, 20
INSERT INTO appointment (id, date_time, employee_id, patient_id, therapy_id, session_notes) VALUES (42, '2024-01-19T14:00', 141, 42, 4, 'Full recovery from Achilles tendinitis, advised on preventive measures.'); --#5C3G3, 20
INSERT INTO appointment (id, date_time, employee_id, patient_id, therapy_id, session_notes) VALUES (43, '2024-01-03T19:00', 149, 27, 5, 'Initiated post-operative care, focusing on reducing swelling.'); --#5M8P4, 32
INSERT INTO appointment (id, date_time, employee_id, patient_id, therapy_id, session_notes) VALUES (44, '2024-01-05T19:00', 133, 27, 5, 'Patient shows reduction in swelling, improved comfort.'); --#5M8P4, 32
INSERT INTO appointment (id, date_time, employee_id, patient_id, therapy_id, session_notes) VALUES (45, '2024-01-08T19:00', 150, 27, 5, 'Good progress, continued with gentle mobilization exercises.'); --#5M8P4, 32
INSERT INTO appointment (id, date_time, employee_id, patient_id, therapy_id, session_notes) VALUES (46, '2024-01-11T19:00', 133, 27, 5, 'Notable decrease in post-operative swelling, increased range of motion.'); --#5M8P4, 32
INSERT INTO appointment (id, date_time, employee_id, patient_id, therapy_id, session_notes) VALUES (47, '2024-01-15T19:00', 133, 27, 5, 'Patient reports less discomfort, better overall function.'); --#5M8P4, 32
INSERT INTO appointment (id, date_time, employee_id, patient_id, therapy_id, session_notes) VALUES (48, '2024-01-18T19:00', 149, 27, 5, 'Excellent recovery, swelling significantly reduced, continue with maintenance exercises.'); --#5M8P4, 32
INSERT INTO appointment (id, date_time, employee_id, patient_id, therapy_id, session_notes) VALUES (49, '2024-01-16T13:00', 146, 13, 6, 'Initiated gentle calf and Achilles stretching.'); --#5C3G3, 20
INSERT INTO appointment (id, date_time, employee_id, patient_id, therapy_id, session_notes) VALUES (50, '2024-01-18T13:00', 144, 13, 6, 'Patient reports less stiffness and pain in Achilles tendon.'); --#5C3G3, 20
INSERT INTO appointment (id, date_time, employee_id, patient_id, therapy_id, session_notes) VALUES (51, '2024-01-19T13:00', 141, 13, 6, 'Good progress, increased exercise intensity for tendon strength.'); --#5C3G3, 20
INSERT INTO appointment (id, date_time, employee_id, patient_id, therapy_id, session_notes) VALUES (52, '2024-01-22T13:00', 137, 13, 6, 'Notable improvement in flexibility and pain reduction.'); --#5C3G3, 20
INSERT INTO appointment (id, date_time, employee_id, patient_id, therapy_id, session_notes) VALUES (53, '2024-01-23T13:00', 126, 13, 6, 'Patient able to engage in light jogging with minimal discomfort.'); --#5C3G3, 20
INSERT INTO appointment (id, date_time, employee_id, patient_id, therapy_id, session_notes) VALUES (54, '2024-01-24T13:00', 130, 13, 6, 'Continued gains in Achilles strength, focusing on dynamic exercises.'); --#5C3G3, 20
INSERT INTO appointment (id, date_time, employee_id, patient_id, therapy_id, session_notes) VALUES (55, '2024-01-25T13:00', 137, 13, 6, 'Significant reduction in symptoms, improved tendon function.'); --#5C3G3, 20
INSERT INTO appointment (id, date_time, employee_id, patient_id, therapy_id, session_notes) VALUES (56, '2024-01-29T13:00', 135, 13, 6, 'Patient performing more strenuous activities with ease.'); --#5C3G3, 20
INSERT INTO appointment (id, date_time, employee_id, patient_id, therapy_id, session_notes) VALUES (57, '2024-02-01T13:00', 135, 13, 6, 'Continued improvement, focusing on long-term tendon health.'); --#5C3G3, 20
INSERT INTO appointment (id, date_time, employee_id, patient_id, therapy_id, session_notes) VALUES (58, '2024-02-05T13:00', 137, 13, 6, 'Excellent progress, near-complete recovery in tendon function.'); --#5C3G3, 20
INSERT INTO appointment (id, date_time, employee_id, patient_id, therapy_id, session_notes) VALUES (59, '2024-02-07T13:00', 148, 13, 6, 'Achilles tendon showing great resilience, patient resuming most activities.'); --#5C3G3, 20
INSERT INTO appointment (id, date_time, employee_id, patient_id, therapy_id, session_notes) VALUES (60, '2024-02-08T13:00', 146, 13, 6, 'Full recovery from Achilles tendinitis, advised on preventive measures.'); --#5C3G3, 20
INSERT INTO appointment (id, date_time, employee_id, patient_id, therapy_id, session_notes) VALUES (61, '2023-12-20T11:00', 145, 104, 7, 'Assessment complete, initiated wrist mobility exercises.'); --#1R2Y1, 6
INSERT INTO appointment (id, date_time, employee_id, patient_id, therapy_id, session_notes) VALUES (62, '2023-12-22T11:00', 146, 104, 7, 'Patient reports less numbness, improved hand function.'); --#1R2Y1, 6
INSERT INTO appointment (id, date_time, employee_id, patient_id, therapy_id, session_notes) VALUES (63, '2023-12-25T11:00', 144, 104, 7, 'Good progress, wrist strength exercises introduced.'); --#1R2Y1, 6
INSERT INTO appointment (id, date_time, employee_id, patient_id, therapy_id, session_notes) VALUES (64, '2023-12-26T11:00', 148, 104, 7, 'Notable reduction in nighttime symptoms, ergonomic adjustments helpful.'); --#1R2Y1, 6
INSERT INTO appointment (id, date_time, employee_id, patient_id, therapy_id, session_notes) VALUES (65, '2023-12-28T11:00', 144, 104, 7, 'Patient able to perform fine motor tasks more easily.'); --#1R2Y1, 6
INSERT INTO appointment (id, date_time, employee_id, patient_id, therapy_id, session_notes) VALUES (66, '2024-01-01T11:00', 137, 104, 7, 'Continued improvement, focusing on flexibility and strength.'); --#1R2Y1, 6
INSERT INTO appointment (id, date_time, employee_id, patient_id, therapy_id, session_notes) VALUES (67, '2024-01-02T11:00', 140, 104, 7, 'Significant gains in wrist and hand function.'); --#1R2Y1, 6
INSERT INTO appointment (id, date_time, employee_id, patient_id, therapy_id, session_notes) VALUES (68, '2024-01-04T11:00', 142, 104, 7, 'Symptoms greatly reduced, advised on long-term wrist care.'); --#1R2Y1, 6
INSERT INTO appointment (id, date_time, employee_id, patient_id, therapy_id, session_notes) VALUES (69, '2024-01-15T14:00', 142, 46, 8, 'Initiated gentle calf and Achilles stretching.'); --#5C3G3, 20
INSERT INTO appointment (id, date_time, employee_id, patient_id, therapy_id, session_notes) VALUES (70, '2024-01-17T14:00', 139, 46, 8, 'Patient reports less stiffness and pain in Achilles tendon.'); --#5C3G3, 20
INSERT INTO appointment (id, date_time, employee_id, patient_id, therapy_id, session_notes) VALUES (71, '2024-01-18T14:00', 145, 46, 8, 'Good progress, increased exercise intensity for tendon strength.'); --#5C3G3, 20
INSERT INTO appointment (id, date_time, employee_id, patient_id, therapy_id, session_notes) VALUES (72, '2024-01-22T14:00', 144, 46, 8, 'Notable improvement in flexibility and pain reduction.'); --#5C3G3, 20
INSERT INTO appointment (id, date_time, employee_id, patient_id, therapy_id, session_notes) VALUES (73, '2024-01-25T14:00', 140, 46, 8, 'Patient able to engage in light jogging with minimal discomfort.'); --#5C3G3, 20
INSERT INTO appointment (id, date_time, employee_id, patient_id, therapy_id, session_notes) VALUES (74, '2024-01-26T14:00', 132, 46, 8, 'Continued gains in Achilles strength, focusing on dynamic exercises.'); --#5C3G3, 20
INSERT INTO appointment (id, date_time, employee_id, patient_id, therapy_id, session_notes) VALUES (75, '2024-01-29T14:00', 148, 46, 8, 'Significant reduction in symptoms, improved tendon function.'); --#5C3G3, 20
INSERT INTO appointment (id, date_time, employee_id, patient_id, therapy_id, session_notes) VALUES (76, '2024-01-30T14:00', 141, 46, 8, 'Patient performing more strenuous activities with ease.'); --#5C3G3, 20
INSERT INTO appointment (id, date_time, employee_id, patient_id, therapy_id, session_notes) VALUES (77, '2024-01-31T14:00', 137, 46, 8, 'Continued improvement, focusing on long-term tendon health.'); --#5C3G3, 20
INSERT INTO appointment (id, date_time, employee_id, patient_id, therapy_id, session_notes) VALUES (78, '2024-02-01T14:00', 143, 46, 8, 'Excellent progress, near-complete recovery in tendon function.'); --#5C3G3, 20
INSERT INTO appointment (id, date_time, employee_id, patient_id, therapy_id, session_notes) VALUES (79, '2024-02-05T14:00', 140, 46, 8, 'Achilles tendon showing great resilience, patient resuming most activities.'); --#5C3G3, 20
INSERT INTO appointment (id, date_time, employee_id, patient_id, therapy_id, session_notes) VALUES (80, '2024-02-08T14:00', 141, 46, 8, 'Full recovery from Achilles tendinitis, advised on preventive measures.'); --#5C3G3, 20
INSERT INTO appointment (id, date_time, employee_id, patient_id, therapy_id, session_notes) VALUES (81, '2024-01-02T09:00', 147, 68, 9, 'Initiated therapy focusing on pain relief and muscle relaxation.'); --#2K6H8, 37
INSERT INTO appointment (id, date_time, employee_id, patient_id, therapy_id, session_notes) VALUES (82, '2024-01-03T09:00', 128, 68, 9, 'Patient reports less muscle pain, improved sleep quality.'); --#2K6H8, 37
INSERT INTO appointment (id, date_time, employee_id, patient_id, therapy_id, session_notes) VALUES (83, '2024-01-05T09:00', 147, 68, 9, 'Good progress, introduced therapeutic exercises for pain management.'); --#2K6H8, 37
INSERT INTO appointment (id, date_time, employee_id, patient_id, therapy_id, session_notes) VALUES (84, '2024-01-08T09:00', 128, 68, 9, 'Notable reduction in chronic muscle pain, patient more active.'); --#2K6H8, 37
INSERT INTO appointment (id, date_time, employee_id, patient_id, therapy_id, session_notes) VALUES (85, '2024-01-11T09:00', 128, 68, 9, 'Patient engaging in daily tasks with greater ease and comfort.'); --#2K6H8, 37
INSERT INTO appointment (id, date_time, employee_id, patient_id, therapy_id, session_notes) VALUES (86, '2024-01-12T09:00', 128, 68, 9, 'Continued improvement in managing chronic pain.'); --#2K6H8, 37
INSERT INTO appointment (id, date_time, employee_id, patient_id, therapy_id, session_notes) VALUES (87, '2024-01-15T09:00', 128, 68, 9, 'Significant relief from muscle pain, patient advised on long-term pain management strategies.'); --#2K6H8, 37
INSERT INTO appointment (id, date_time, employee_id, patient_id, therapy_id, session_notes) VALUES (88, '2024-01-05T12:00', 136, 6, 10, 'Began with pain assessment and gentle exercises.'); --#7X4N5, 31
INSERT INTO appointment (id, date_time, employee_id, patient_id, therapy_id, session_notes) VALUES (89, '2024-01-08T12:00', 136, 6, 10, 'Patient reports reduced pain levels, improved mood.'); --#7X4N5, 31
INSERT INTO appointment (id, date_time, employee_id, patient_id, therapy_id, session_notes) VALUES (90, '2024-01-11T12:00', 136, 6, 10, 'Good progress, introduced pain coping strategies.'); --#7X4N5, 31
INSERT INTO appointment (id, date_time, employee_id, patient_id, therapy_id, session_notes) VALUES (91, '2024-01-15T12:00', 127, 6, 10, 'Notable improvement in managing chronic pain, increased activity level.'); --#7X4N5, 31
INSERT INTO appointment (id, date_time, employee_id, patient_id, therapy_id, session_notes) VALUES (92, '2024-01-16T12:00', 136, 6, 10, 'Patient more engaged in daily activities, better pain control.'); --#7X4N5, 31
INSERT INTO appointment (id, date_time, employee_id, patient_id, therapy_id, session_notes) VALUES (93, '2024-01-17T12:00', 127, 6, 10, 'Significant improvement in quality of life, pain well managed.'); --#7X4N5, 31
INSERT INTO appointment (id, date_time, employee_id, patient_id, therapy_id, session_notes) VALUES (94, '2024-01-17T17:00', 133, 76, 11, 'Started with low-impact exercises, patient adapting well.'); --#6F6P9, 7
INSERT INTO appointment (id, date_time, employee_id, patient_id, therapy_id, session_notes) VALUES (95, '2024-01-19T17:00', 149, 76, 11, 'Patient reports reduced joint stiffness, especially in the morning.'); --#6F6P9, 7
INSERT INTO appointment (id, date_time, employee_id, patient_id, therapy_id, session_notes) VALUES (96, '2024-01-22T17:00', 150, 76, 11, 'Continued progress with range of motion exercises.'); --#6F6P9, 7
INSERT INTO appointment (id, date_time, employee_id, patient_id, therapy_id, session_notes) VALUES (97, '2024-01-25T17:00', 150, 76, 11, 'Notable decrease in joint pain, increased exercise intensity.'); --#6F6P9, 7
INSERT INTO appointment (id, date_time, employee_id, patient_id, therapy_id, session_notes) VALUES (98, '2024-01-29T17:00', 150, 76, 11, 'Patient more active, managing daily activities with less pain.'); --#6F6P9, 7
INSERT INTO appointment (id, date_time, employee_id, patient_id, therapy_id, session_notes) VALUES (99, '2024-01-31T17:00', 150, 76, 11, 'Further gains in mobility and strength, pain well managed.'); --#6F6P9, 7
INSERT INTO appointment (id, date_time, employee_id, patient_id, therapy_id, session_notes) VALUES (100, '2024-02-05T17:00', 150, 76, 11, 'Significant improvement in overall joint function.'); --#6F6P9, 7
INSERT INTO appointment (id, date_time, employee_id, patient_id, therapy_id, session_notes) VALUES (101, '2024-02-06T17:00', 150, 76, 11, 'Patient reports much improved quality of life, maintain exercise routine.'); --#6F6P9, 7
INSERT INTO appointment (id, date_time, employee_id, patient_id, therapy_id, session_notes) VALUES (102, '2023-12-19T13:00', 126, 12, 12, 'Initial assessment completed, started with stretching and foam rolling.'); --#8L2Q4, 14
INSERT INTO appointment (id, date_time, employee_id, patient_id, therapy_id, session_notes) VALUES (103, '2023-12-20T13:00', 141, 12, 12, 'Patient reports reduced hip and knee pain, improvement in mobility.'); --#8L2Q4, 14
INSERT INTO appointment (id, date_time, employee_id, patient_id, therapy_id, session_notes) VALUES (104, '2023-12-25T13:00', 144, 12, 12, 'Good progress, introduced strengthening exercises for hip muscles.'); --#8L2Q4, 14
INSERT INTO appointment (id, date_time, employee_id, patient_id, therapy_id, session_notes) VALUES (105, '2023-12-28T13:00', 142, 12, 12, 'Notable reduction in pain, increased exercise intensity.'); --#8L2Q4, 14
INSERT INTO appointment (id, date_time, employee_id, patient_id, therapy_id, session_notes) VALUES (106, '2024-01-01T13:00', 139, 12, 12, 'Patient performing daily activities more comfortably.'); --#8L2Q4, 14
INSERT INTO appointment (id, date_time, employee_id, patient_id, therapy_id, session_notes) VALUES (107, '2024-01-04T13:00', 126, 12, 12, 'Continued improvement, focusing on flexibility and strength.'); --#8L2Q4, 14
INSERT INTO appointment (id, date_time, employee_id, patient_id, therapy_id, session_notes) VALUES (108, '2024-01-08T13:00', 143, 12, 12, 'Significant gains in hip and knee function.'); --#8L2Q4, 14
INSERT INTO appointment (id, date_time, employee_id, patient_id, therapy_id, session_notes) VALUES (109, '2024-01-10T13:00', 146, 12, 12, 'Symptoms greatly reduced, advised on long-term care and prevention.'); --#8L2Q4, 14
INSERT INTO appointment (id, date_time, employee_id, patient_id, therapy_id, session_notes) VALUES (110, '2024-01-01T18:00', 131, 9, 13, 'Initiated post-operative exercises, patient tolerating well.'); --#5I9K8, 35
INSERT INTO appointment (id, date_time, employee_id, patient_id, therapy_id, session_notes) VALUES (111, '2024-01-03T18:00', 129, 9, 13, 'Patient shows early signs of recovery, improved mobility.'); --#5I9K8, 35
INSERT INTO appointment (id, date_time, employee_id, patient_id, therapy_id, session_notes) VALUES (112, '2024-01-04T18:00', 138, 9, 13, 'Good progress, focusing on regaining strength in affected area.'); --#5I9K8, 35
INSERT INTO appointment (id, date_time, employee_id, patient_id, therapy_id, session_notes) VALUES (113, '2024-01-05T18:00', 138, 9, 13, 'Notable improvement in surgical recovery, reduced pain.'); --#5I9K8, 35
INSERT INTO appointment (id, date_time, employee_id, patient_id, therapy_id, session_notes) VALUES (114, '2024-01-08T18:00', 138, 9, 13, 'Patient able to engage in light activities with less discomfort.'); --#5I9K8, 35
INSERT INTO appointment (id, date_time, employee_id, patient_id, therapy_id, session_notes) VALUES (115, '2024-01-09T18:00', 138, 9, 13, 'Continued gains in function, focusing on range of motion.'); --#5I9K8, 35
INSERT INTO appointment (id, date_time, employee_id, patient_id, therapy_id, session_notes) VALUES (116, '2024-01-11T18:00', 129, 9, 13, 'Significant improvement in post-operative recovery.'); --#5I9K8, 35
INSERT INTO appointment (id, date_time, employee_id, patient_id, therapy_id, session_notes) VALUES (117, '2024-01-12T18:00', 129, 9, 13, 'Patient performing more dynamic activities comfortably.'); --#5I9K8, 35
INSERT INTO appointment (id, date_time, employee_id, patient_id, therapy_id, session_notes) VALUES (118, '2024-01-15T18:00', 131, 9, 13, 'Continued progress, excellent adherence to rehabilitation plan.'); --#5I9K8, 35
INSERT INTO appointment (id, date_time, employee_id, patient_id, therapy_id, session_notes) VALUES (119, '2024-01-16T18:00', 129, 9, 13, 'Near-complete recovery, focusing on functional movements.'); --#5I9K8, 35
INSERT INTO appointment (id, date_time, employee_id, patient_id, therapy_id, session_notes) VALUES (120, '2024-01-19T18:00', 134, 9, 13, 'Patient shows great resilience, almost fully recovered.'); --#5I9K8, 35
INSERT INTO appointment (id, date_time, employee_id, patient_id, therapy_id, session_notes) VALUES (121, '2024-01-22T18:00', 134, 9, 13, 'Full recovery from surgery, patient advised on long-term care and maintenance.'); --#5I9K8, 35
INSERT INTO appointment (id, date_time, employee_id, patient_id, therapy_id, session_notes) VALUES (122, '2023-12-19T10:00', 127, 75, 14, 'Began with basic motor skill exercises, patient showing initial progress.'); --#9P3R1, 29
INSERT INTO appointment (id, date_time, employee_id, patient_id, therapy_id, session_notes) VALUES (123, '2023-12-22T10:00', 127, 75, 14, 'Slight improvement in limb coordination and strength.'); --#9P3R1, 29
INSERT INTO appointment (id, date_time, employee_id, patient_id, therapy_id, session_notes) VALUES (124, '2023-12-25T10:00', 136, 75, 14, 'Patient demonstrates increased ability in daily tasks.'); --#9P3R1, 29
INSERT INTO appointment (id, date_time, employee_id, patient_id, therapy_id, session_notes) VALUES (125, '2023-12-26T10:00', 127, 75, 14, 'Good progress in regaining motor control, focusing on balance.'); --#9P3R1, 29
INSERT INTO appointment (id, date_time, employee_id, patient_id, therapy_id, session_notes) VALUES (126, '2023-12-29T10:00', 127, 75, 14, 'Notable gains in speech and cognitive functions.'); --#9P3R1, 29
INSERT INTO appointment (id, date_time, employee_id, patient_id, therapy_id, session_notes) VALUES (127, '2024-01-01T10:00', 136, 75, 14, 'Continued improvement in walking and movement coordination.'); --#9P3R1, 29
INSERT INTO appointment (id, date_time, employee_id, patient_id, therapy_id, session_notes) VALUES (128, '2024-01-04T10:00', 127, 75, 14, 'Significant progress in overall recovery from stroke.'); --#9P3R1, 29
INSERT INTO appointment (id, date_time, employee_id, patient_id, therapy_id, session_notes) VALUES (129, '2024-01-05T10:00', 127, 75, 14, 'Patient able to perform more complex tasks with less difficulty.'); --#9P3R1, 29
INSERT INTO appointment (id, date_time, employee_id, patient_id, therapy_id, session_notes) VALUES (130, '2024-01-08T10:00', 136, 75, 14, 'Further gains in independence, improved quality of life.'); --#9P3R1, 29
INSERT INTO appointment (id, date_time, employee_id, patient_id, therapy_id, session_notes) VALUES (131, '2024-01-09T10:00', 136, 75, 14, 'Excellent adherence to therapy, notable improvement in speech clarity.'); --#9P3R1, 29
INSERT INTO appointment (id, date_time, employee_id, patient_id, therapy_id, session_notes) VALUES (132, '2024-01-10T10:00', 136, 75, 14, 'Continued progress, patient showing greater mobility and agility.'); --#9P3R1, 29
INSERT INTO appointment (id, date_time, employee_id, patient_id, therapy_id, session_notes) VALUES (133, '2024-01-11T10:00', 136, 75, 14, 'Significant improvement in cognitive functions, better problem-solving skills.'); --#9P3R1, 29
INSERT INTO appointment (id, date_time, employee_id, patient_id, therapy_id, session_notes) VALUES (134, '2024-01-15T10:00', 136, 75, 14, 'Patient more confident in performing daily activities independently.'); --#9P3R1, 29
INSERT INTO appointment (id, date_time, employee_id, patient_id, therapy_id, session_notes) VALUES (135, '2024-01-18T10:00', 127, 75, 14, 'Continued gains in fine motor skills, hand-eye coordination improved.'); --#9P3R1, 29
INSERT INTO appointment (id, date_time, employee_id, patient_id, therapy_id, session_notes) VALUES (136, '2024-01-19T10:00', 136, 75, 14, 'Significant strides in stroke recovery, patient more active and engaged.'); --#9P3R1, 29
INSERT INTO appointment (id, date_time, employee_id, patient_id, therapy_id, session_notes) VALUES (137, '2024-01-22T10:00', 136, 75, 14, 'Excellent progress, patient regaining more normalcy in life.'); --#9P3R1, 29
INSERT INTO appointment (id, date_time, employee_id, patient_id, therapy_id, session_notes) VALUES (138, '2024-01-25T10:00', 136, 75, 14, 'Focus now on refining skills and maximizing independence.'); --#9P3R1, 29
INSERT INTO appointment (id, date_time, employee_id, patient_id, therapy_id, session_notes) VALUES (139, '2024-01-29T10:00', 127, 75, 14, 'Patient''s recovery well ahead of expectations, near-complete functional restoration.'); --#9P3R1, 29
INSERT INTO appointment (id, date_time, employee_id, patient_id, therapy_id, session_notes) VALUES (140, '2024-01-31T10:00', 136, 75, 14, 'Continued therapy focusing on long-term maintenance and health.'); --#9P3R1, 29
INSERT INTO appointment (id, date_time, employee_id, patient_id, therapy_id, session_notes) VALUES (141, '2024-02-01T10:00', 136, 75, 14, 'Full recovery from stroke effects, patient advised on preventive measures and lifestyle adjustments.'); --#9P3R1, 29
INSERT INTO appointment (id, date_time, employee_id, patient_id, therapy_id, session_notes) VALUES (142, '2024-01-11T19:00', 145, 3, 15, 'Initial evaluation complete, begun with basic knee stabilization exercises.'); --#3H4O2, 12
INSERT INTO appointment (id, date_time, employee_id, patient_id, therapy_id, session_notes) VALUES (143, '2024-01-15T19:00', 140, 3, 15, 'Patient shows early progress in knee stability, continued with light exercises.'); --#3H4O2, 12
INSERT INTO appointment (id, date_time, employee_id, patient_id, therapy_id, session_notes) VALUES (144, '2024-01-17T19:00', 145, 3, 15, 'Slight improvement in knee strength, introduced balance exercises.'); --#3H4O2, 12
INSERT INTO appointment (id, date_time, employee_id, patient_id, therapy_id, session_notes) VALUES (145, '2024-01-22T19:00', 145, 3, 15, 'Good progress in range of motion, pain reduction noticeable.'); --#3H4O2, 12
INSERT INTO appointment (id, date_time, employee_id, patient_id, therapy_id, session_notes) VALUES (146, '2024-01-24T19:00', 132, 3, 15, 'Patient tolerating increased exercise intensity well, improved stability.'); --#3H4O2, 12
INSERT INTO appointment (id, date_time, employee_id, patient_id, therapy_id, session_notes) VALUES (147, '2024-01-25T19:00', 145, 3, 15, 'Continued gains in knee function, focusing on strengthening.'); --#3H4O2, 12
INSERT INTO appointment (id, date_time, employee_id, patient_id, therapy_id, session_notes) VALUES (148, '2024-01-26T19:00', 148, 3, 15, 'Significant improvement in knee mobility and strength.'); --#3H4O2, 12
INSERT INTO appointment (id, date_time, employee_id, patient_id, therapy_id, session_notes) VALUES (149, '2024-01-29T19:00', 145, 3, 15, 'Patient beginning to perform more dynamic movements.'); --#3H4O2, 12
INSERT INTO appointment (id, date_time, employee_id, patient_id, therapy_id, session_notes) VALUES (150, '2024-01-31T19:00', 146, 3, 15, 'Further improvement in stability, pain management effective.'); --#3H4O2, 12
INSERT INTO appointment (id, date_time, employee_id, patient_id, therapy_id, session_notes) VALUES (151, '2024-02-05T19:00', 140, 3, 15, 'Knee strength and stability much improved, introduced light jogging.'); --#3H4O2, 12
INSERT INTO appointment (id, date_time, employee_id, patient_id, therapy_id, session_notes) VALUES (152, '2024-02-08T19:00', 140, 3, 15, 'Patient reports increased confidence in knee function.'); --#3H4O2, 12
INSERT INTO appointment (id, date_time, employee_id, patient_id, therapy_id, session_notes) VALUES (153, '2024-02-12T19:00', 144, 3, 15, 'Good tolerance to higher intensity and impact exercises.'); --#3H4O2, 12
INSERT INTO appointment (id, date_time, employee_id, patient_id, therapy_id, session_notes) VALUES (154, '2024-02-15T19:00', 130, 3, 15, 'Significant gains in overall knee function, focusing on agility.'); --#3H4O2, 12
INSERT INTO appointment (id, date_time, employee_id, patient_id, therapy_id, session_notes) VALUES (155, '2024-02-19T19:00', 137, 3, 15, 'Patient performing sports-specific exercises with ease.'); --#3H4O2, 12
INSERT INTO appointment (id, date_time, employee_id, patient_id, therapy_id, session_notes) VALUES (156, '2024-02-21T19:00', 144, 3, 15, 'Continued progress, knee nearly at pre-injury strength.'); --#3H4O2, 12
INSERT INTO appointment (id, date_time, employee_id, patient_id, therapy_id, session_notes) VALUES (157, '2024-02-26T19:00', 126, 3, 15, 'Excellent recovery, patient able to perform high-impact activities.'); --#3H4O2, 12
INSERT INTO appointment (id, date_time, employee_id, patient_id, therapy_id, session_notes) VALUES (158, '2024-02-29T19:00', 141, 3, 15, 'Focus on maintaining knee health and preventing re-injury.'); --#3H4O2, 12
INSERT INTO appointment (id, date_time, employee_id, patient_id, therapy_id, session_notes) VALUES (159, '2024-03-04T19:00', 148, 3, 15, 'Patient''s knee function fully restored, excellent progress.'); --#3H4O2, 12
INSERT INTO appointment (id, date_time, employee_id, patient_id, therapy_id, session_notes) VALUES (160, '2024-03-05T19:00', 137, 3, 15, 'Rehabilitation almost complete, patient performing all activities without issue.'); --#3H4O2, 12
INSERT INTO appointment (id, date_time, employee_id, patient_id, therapy_id, session_notes) VALUES (161, '2024-03-07T19:00', 141, 3, 15, 'Complete recovery from ACL injury, advised on long-term knee care.'); --#3H4O2, 12
INSERT INTO appointment (id, date_time, employee_id, patient_id, therapy_id, session_notes) VALUES (162, '2023-12-26T18:00', 146, 26, 16, 'Began therapy with gentle cervical mobilization.'); --#8H6H1, 27
INSERT INTO appointment (id, date_time, employee_id, patient_id, therapy_id, session_notes) VALUES (163, '2023-12-29T18:00', 142, 26, 16, 'Patient reports reduced neck pain and stiffness.'); --#8H6H1, 27
INSERT INTO appointment (id, date_time, employee_id, patient_id, therapy_id, session_notes) VALUES (164, '2024-01-01T18:00', 135, 26, 16, 'Good progress, introduced neck strengthening exercises.'); --#8H6H1, 27
INSERT INTO appointment (id, date_time, employee_id, patient_id, therapy_id, session_notes) VALUES (165, '2024-01-04T18:00', 132, 26, 16, 'Notable improvement in neck mobility and reduced discomfort.'); --#8H6H1, 27
INSERT INTO appointment (id, date_time, employee_id, patient_id, therapy_id, session_notes) VALUES (166, '2024-01-08T18:00', 143, 26, 16, 'Patient able to perform daily tasks with greater ease.'); --#8H6H1, 27
INSERT INTO appointment (id, date_time, employee_id, patient_id, therapy_id, session_notes) VALUES (167, '2024-01-11T18:00', 126, 26, 16, 'Continued improvement in neck function, focusing on flexibility.'); --#8H6H1, 27
INSERT INTO appointment (id, date_time, employee_id, patient_id, therapy_id, session_notes) VALUES (168, '2024-01-15T18:00', 142, 26, 16, 'Significant gains in cervical range of motion and strength.'); --#8H6H1, 27
INSERT INTO appointment (id, date_time, employee_id, patient_id, therapy_id, session_notes) VALUES (169, '2024-01-16T18:00', 132, 26, 16, 'Patient reports minimal neck pain, improved overall function.'); --#8H6H1, 27
INSERT INTO appointment (id, date_time, employee_id, patient_id, therapy_id, session_notes) VALUES (170, '2024-01-18T18:00', 141, 26, 16, 'Continued progress, neck nearly back to pre-injury level.'); --#8H6H1, 27
INSERT INTO appointment (id, date_time, employee_id, patient_id, therapy_id, session_notes) VALUES (171, '2024-01-22T18:00', 130, 26, 16, 'Full recovery from whiplash, patient advised on preventive strategies.'); --#8H6H1, 27
INSERT INTO appointment (id, date_time, employee_id, patient_id, therapy_id, session_notes) VALUES (172, '2023-12-11T14:00', 145, 50, 17, 'Began with basic range of motion exercises, patient coping well.'); --#4C7X3, 5
INSERT INTO appointment (id, date_time, employee_id, patient_id, therapy_id, session_notes) VALUES (173, '2023-12-13T14:00', 144, 50, 17, 'Slight improvement in arm movement, pain management effective.'); --#4C7X3, 5
INSERT INTO appointment (id, date_time, employee_id, patient_id, therapy_id, session_notes) VALUES (174, '2023-12-18T14:00', 141, 50, 17, 'Patient shows progress in strength, pain reducing.'); --#4C7X3, 5
INSERT INTO appointment (id, date_time, employee_id, patient_id, therapy_id, session_notes) VALUES (175, '2023-12-20T14:00', 132, 50, 17, 'Further gains in arm function, reduced discomfort.'); --#4C7X3, 5
INSERT INTO appointment (id, date_time, employee_id, patient_id, therapy_id, session_notes) VALUES (176, '2023-12-22T14:00', 137, 50, 17, 'Patient reports much less pain during daily activities.'); --#4C7X3, 5
INSERT INTO appointment (id, date_time, employee_id, patient_id, therapy_id, session_notes) VALUES (177, '2023-12-25T14:00', 141, 50, 17, 'Increased resistance in exercises, good tolerance.'); --#4C7X3, 5
INSERT INTO appointment (id, date_time, employee_id, patient_id, therapy_id, session_notes) VALUES (178, '2023-12-28T14:00', 144, 50, 17, 'Significant improvement in strength and mobility.'); --#4C7X3, 5
INSERT INTO appointment (id, date_time, employee_id, patient_id, therapy_id, session_notes) VALUES (179, '2024-01-01T14:00', 135, 50, 17, 'Patient performing all exercises with ease, minimal pain.'); --#4C7X3, 5
INSERT INTO appointment (id, date_time, employee_id, patient_id, therapy_id, session_notes) VALUES (180, '2024-01-02T14:00', 144, 50, 17, 'Biceps function greatly improved, focus on maintenance.'); --#4C7X3, 5
INSERT INTO appointment (id, date_time, employee_id, patient_id, therapy_id, session_notes) VALUES (181, '2024-01-03T14:00', 145, 50, 17, 'Excellent recovery, patient advised to continue with exercises at home.'); --#4C7X3, 5
INSERT INTO appointment (id, date_time, employee_id, patient_id, therapy_id, session_notes) VALUES (182, '2023-12-27T09:00', 147, 43, 18, 'Started with gentle range of motion exercises, patient coping well.'); --#4N8P5, 10
INSERT INTO appointment (id, date_time, employee_id, patient_id, therapy_id, session_notes) VALUES (183, '2024-01-01T09:00', 128, 43, 18, 'Slight reduction in joint pain and swelling.'); --#4N8P5, 10
INSERT INTO appointment (id, date_time, employee_id, patient_id, therapy_id, session_notes) VALUES (184, '2024-01-04T09:00', 147, 43, 18, 'Patient shows progress in mobility, continuing with prescribed exercises.'); --#4N8P5, 10
INSERT INTO appointment (id, date_time, employee_id, patient_id, therapy_id, session_notes) VALUES (185, '2024-01-08T09:00', 147, 43, 18, 'Further gains in joint function, reduced discomfort.'); --#4N8P5, 10
INSERT INTO appointment (id, date_time, employee_id, patient_id, therapy_id, session_notes) VALUES (186, '2024-01-10T09:00', 128, 43, 18, 'Patient reports significant reduction in pain during movement.'); --#4N8P5, 10
INSERT INTO appointment (id, date_time, employee_id, patient_id, therapy_id, session_notes) VALUES (187, '2024-01-11T09:00', 128, 43, 18, 'Continued improvement, focusing on strengthening surrounding muscles.'); --#4N8P5, 10
INSERT INTO appointment (id, date_time, employee_id, patient_id, therapy_id, session_notes) VALUES (188, '2024-01-15T09:00', 147, 43, 18, 'Significant reduction in inflammation and pain.'); --#4N8P5, 10
INSERT INTO appointment (id, date_time, employee_id, patient_id, therapy_id, session_notes) VALUES (189, '2024-01-18T09:00', 147, 43, 18, 'Joint function nearly back to normal, advised on preventive strategies.'); --#4N8P5, 10
INSERT INTO appointment (id, date_time, employee_id, patient_id, therapy_id, session_notes) VALUES (190, '2023-12-29T16:00', 136, 35, 19, 'Initiated muscle strengthening exercises, patient adapting well.'); --#2J6Z7, 30
INSERT INTO appointment (id, date_time, employee_id, patient_id, therapy_id, session_notes) VALUES (191, '2024-01-01T16:00', 127, 35, 19, 'Patient shows early signs of muscle tone improvement.'); --#2J6Z7, 30
INSERT INTO appointment (id, date_time, employee_id, patient_id, therapy_id, session_notes) VALUES (192, '2024-01-04T16:00', 136, 35, 19, 'Good progress, focusing on resistance training for muscle growth.'); --#2J6Z7, 30
INSERT INTO appointment (id, date_time, employee_id, patient_id, therapy_id, session_notes) VALUES (193, '2024-01-08T16:00', 127, 35, 19, 'Notable improvement in muscle strength, reduced atrophy signs.'); --#2J6Z7, 30
INSERT INTO appointment (id, date_time, employee_id, patient_id, therapy_id, session_notes) VALUES (194, '2024-01-09T16:00', 127, 35, 19, 'Patient able to perform exercises with increased resistance.'); --#2J6Z7, 30
INSERT INTO appointment (id, date_time, employee_id, patient_id, therapy_id, session_notes) VALUES (195, '2024-01-11T16:00', 127, 35, 19, 'Continued improvement in muscle mass and function.'); --#2J6Z7, 30
INSERT INTO appointment (id, date_time, employee_id, patient_id, therapy_id, session_notes) VALUES (196, '2024-01-12T16:00', 127, 35, 19, 'Significant gains in overall muscle tone and strength.'); --#2J6Z7, 30
INSERT INTO appointment (id, date_time, employee_id, patient_id, therapy_id, session_notes) VALUES (197, '2024-01-15T16:00', 127, 35, 19, 'Excellent progress in preventing muscle atrophy, patient advised on long-term fitness strategies.'); --#2J6Z7, 30
INSERT INTO appointment (id, date_time, employee_id, patient_id, therapy_id, session_notes) VALUES (198, '2024-01-03T15:00', 147, 41, 20, 'Started with gentle range of motion exercises, patient coping well.'); --#4N8P5, 10
INSERT INTO appointment (id, date_time, employee_id, patient_id, therapy_id, session_notes) VALUES (199, '2024-01-04T15:00', 147, 41, 20, 'Slight reduction in joint pain and swelling.'); --#4N8P5, 10
INSERT INTO appointment (id, date_time, employee_id, patient_id, therapy_id, session_notes) VALUES (200, '2024-01-08T15:00', 128, 41, 20, 'Patient shows progress in mobility, continuing with prescribed exercises.'); --#4N8P5, 10
INSERT INTO appointment (id, date_time, employee_id, patient_id, therapy_id, session_notes) VALUES (201, '2024-01-09T15:00', 128, 41, 20, 'Further gains in joint function, reduced discomfort.'); --#4N8P5, 10
INSERT INTO appointment (id, date_time, employee_id, patient_id, therapy_id, session_notes) VALUES (202, '2024-01-12T15:00', 147, 41, 20, 'Patient reports significant reduction in pain during movement.'); --#4N8P5, 10
INSERT INTO appointment (id, date_time, employee_id, patient_id, therapy_id, session_notes) VALUES (203, '2024-01-15T15:00', 147, 41, 20, 'Continued improvement, focusing on strengthening surrounding muscles.'); --#4N8P5, 10
INSERT INTO appointment (id, date_time, employee_id, patient_id, therapy_id, session_notes) VALUES (204, '2024-01-17T15:00', 128, 41, 20, 'Significant reduction in inflammation and pain.'); --#4N8P5, 10
INSERT INTO appointment (id, date_time, employee_id, patient_id, therapy_id, session_notes) VALUES (205, '2024-01-18T15:00', 128, 41, 20, 'Joint function nearly back to normal, advised on preventive strategies.'); --#4N8P5, 10
INSERT INTO appointment (id, date_time, employee_id, patient_id, therapy_id, session_notes) VALUES (206, '2023-12-28T12:00', 149, 99, 21, 'Began therapy with gentle stretching, pain management strategies in place.'); --#1G8Z3, 8
INSERT INTO appointment (id, date_time, employee_id, patient_id, therapy_id, session_notes) VALUES (207, '2023-12-29T12:00', 133, 99, 21, 'Slight reduction in tenderness, patient tolerating exercises well.'); --#1G8Z3, 8
INSERT INTO appointment (id, date_time, employee_id, patient_id, therapy_id, session_notes) VALUES (208, '2024-01-01T12:00', 150, 99, 21, 'Patient shows progress in pain reduction and mobility.'); --#1G8Z3, 8
INSERT INTO appointment (id, date_time, employee_id, patient_id, therapy_id, session_notes) VALUES (209, '2024-01-02T12:00', 133, 99, 21, 'Further gains in tendon strength, continuing with progressive exercises.'); --#1G8Z3, 8
INSERT INTO appointment (id, date_time, employee_id, patient_id, therapy_id, session_notes) VALUES (210, '2024-01-05T12:00', 150, 99, 21, 'Patient reports less pain during activity, improved function.'); --#1G8Z3, 8
INSERT INTO appointment (id, date_time, employee_id, patient_id, therapy_id, session_notes) VALUES (211, '2024-01-08T12:00', 133, 99, 21, 'Continued improvement, increased exercise difficulty.'); --#1G8Z3, 8
INSERT INTO appointment (id, date_time, employee_id, patient_id, therapy_id, session_notes) VALUES (212, '2024-01-10T12:00', 149, 99, 21, 'Significant reduction in symptoms, focusing on functional movements.'); --#1G8Z3, 8
INSERT INTO appointment (id, date_time, employee_id, patient_id, therapy_id, session_notes) VALUES (213, '2024-01-15T12:00', 133, 99, 21, 'Good tolerance to higher intensity exercises, minimal discomfort.'); --#1G8Z3, 8
INSERT INTO appointment (id, date_time, employee_id, patient_id, therapy_id, session_notes) VALUES (214, '2024-01-17T12:00', 133, 99, 21, 'Almost full recovery, patient performing daily tasks with ease.'); --#1G8Z3, 8
INSERT INTO appointment (id, date_time, employee_id, patient_id, therapy_id, session_notes) VALUES (215, '2024-01-22T12:00', 150, 99, 21, 'Excellent progress, patient advised on how to prevent recurrence.'); --#1G8Z3, 8
INSERT INTO appointment (id, date_time, employee_id, patient_id, therapy_id, session_notes) VALUES (216, '2024-01-17T11:00', 144, 105, 22, 'Assessment complete, initiated wrist mobility exercises.'); --#1R2Y1, 6
INSERT INTO appointment (id, date_time, employee_id, patient_id, therapy_id, session_notes) VALUES (217, '2024-01-19T11:00', 148, 105, 22, 'Patient reports less numbness, improved hand function.'); --#1R2Y1, 6
INSERT INTO appointment (id, date_time, employee_id, patient_id, therapy_id, session_notes) VALUES (218, '2024-01-22T11:00', 139, 105, 22, 'Good progress, wrist strength exercises introduced.'); --#1R2Y1, 6
INSERT INTO appointment (id, date_time, employee_id, patient_id, therapy_id, session_notes) VALUES (219, '2024-01-25T11:00', 148, 105, 22, 'Notable reduction in nighttime symptoms, ergonomic adjustments helpful.'); --#1R2Y1, 6
INSERT INTO appointment (id, date_time, employee_id, patient_id, therapy_id, session_notes) VALUES (220, '2024-01-29T11:00', 144, 105, 22, 'Patient able to perform fine motor tasks more easily.'); --#1R2Y1, 6
INSERT INTO appointment (id, date_time, employee_id, patient_id, therapy_id, session_notes) VALUES (221, '2024-01-31T11:00', 140, 105, 22, 'Continued improvement, focusing on flexibility and strength.'); --#1R2Y1, 6
INSERT INTO appointment (id, date_time, employee_id, patient_id, therapy_id, session_notes) VALUES (222, '2024-02-02T11:00', 145, 105, 22, 'Significant gains in wrist and hand function.'); --#1R2Y1, 6
INSERT INTO appointment (id, date_time, employee_id, patient_id, therapy_id, session_notes) VALUES (223, '2024-02-05T11:00', 146, 105, 22, 'Symptoms greatly reduced, advised on long-term wrist care.'); --#1R2Y1, 6
INSERT INTO appointment (id, date_time, employee_id, patient_id, therapy_id, session_notes) VALUES (224, '2024-01-15T14:00', 133, 66, 23, 'Began with injury assessment and basic mobility exercises.'); --#5Z9B5, 33
INSERT INTO appointment (id, date_time, employee_id, patient_id, therapy_id, session_notes) VALUES (225, '2024-01-17T14:00', 149, 66, 23, 'Patient shows early signs of recovery, reduced pain.'); --#5Z9B5, 33
INSERT INTO appointment (id, date_time, employee_id, patient_id, therapy_id, session_notes) VALUES (226, '2024-01-18T14:00', 150, 66, 23, 'Good progress, focusing on regaining strength in injured area.'); --#5Z9B5, 33
INSERT INTO appointment (id, date_time, employee_id, patient_id, therapy_id, session_notes) VALUES (227, '2024-01-22T14:00', 133, 66, 23, 'Notable improvement in injury recovery, increased exercise intensity.'); --#5Z9B5, 33
INSERT INTO appointment (id, date_time, employee_id, patient_id, therapy_id, session_notes) VALUES (228, '2024-01-23T14:00', 150, 66, 23, 'Patient able to engage in light sports activities with minimal discomfort.'); --#5Z9B5, 33
INSERT INTO appointment (id, date_time, employee_id, patient_id, therapy_id, session_notes) VALUES (229, '2024-01-24T14:00', 133, 66, 23, 'Continued improvement in sports-specific movements.'); --#5Z9B5, 33
INSERT INTO appointment (id, date_time, employee_id, patient_id, therapy_id, session_notes) VALUES (230, '2024-01-26T14:00', 133, 66, 23, 'Significant gains in function, injury healing well.'); --#5Z9B5, 33
INSERT INTO appointment (id, date_time, employee_id, patient_id, therapy_id, session_notes) VALUES (231, '2024-01-29T14:00', 150, 66, 23, 'Excellent recovery, patient ready to resume full sports activities.'); --#5Z9B5, 33
INSERT INTO appointment (id, date_time, employee_id, patient_id, therapy_id, session_notes) VALUES (232, '2024-01-11T11:00', 145, 102, 24, 'Initiated therapy with non-weight bearing exercises.'); --#9M8D2, 16
INSERT INTO appointment (id, date_time, employee_id, patient_id, therapy_id, session_notes) VALUES (233, '2024-01-15T11:00', 146, 102, 24, 'Patient reports reduced pain, slight improvement in mobility.'); --#9M8D2, 16
INSERT INTO appointment (id, date_time, employee_id, patient_id, therapy_id, session_notes) VALUES (234, '2024-01-16T11:00', 137, 102, 24, 'Good progress, introduced gentle weight-bearing activities.'); --#9M8D2, 16
INSERT INTO appointment (id, date_time, employee_id, patient_id, therapy_id, session_notes) VALUES (235, '2024-01-17T11:00', 132, 102, 24, 'Further improvement in function, pain management effective.'); --#9M8D2, 16
INSERT INTO appointment (id, date_time, employee_id, patient_id, therapy_id, session_notes) VALUES (236, '2024-01-18T11:00', 126, 102, 24, 'Patient able to perform daily activities with less discomfort.'); --#9M8D2, 16
INSERT INTO appointment (id, date_time, employee_id, patient_id, therapy_id, session_notes) VALUES (237, '2024-01-19T11:00', 144, 102, 24, 'Continued progress, increased exercise intensity.'); --#9M8D2, 16
INSERT INTO appointment (id, date_time, employee_id, patient_id, therapy_id, session_notes) VALUES (238, '2024-01-22T11:00', 132, 102, 24, 'Significant gains in mobility and strength.'); --#9M8D2, 16
INSERT INTO appointment (id, date_time, employee_id, patient_id, therapy_id, session_notes) VALUES (239, '2024-01-24T11:00', 143, 102, 24, 'Patient performing more dynamic movements comfortably.'); --#9M8D2, 16
INSERT INTO appointment (id, date_time, employee_id, patient_id, therapy_id, session_notes) VALUES (240, '2024-01-25T11:00', 126, 102, 24, 'Excellent progress, focusing on injury prevention.'); --#9M8D2, 16
INSERT INTO appointment (id, date_time, employee_id, patient_id, therapy_id, session_notes) VALUES (241, '2024-01-29T11:00', 141, 102, 24, 'Full recovery from stress fracture, patient advised on bone health.'); --#9M8D2, 16
INSERT INTO appointment (id, date_time, employee_id, patient_id, therapy_id, session_notes) VALUES (242, '2024-01-10T09:00', 137, 88, 25, 'Initiated gentle calf and Achilles stretching.'); --#5C3G3, 20
INSERT INTO appointment (id, date_time, employee_id, patient_id, therapy_id, session_notes) VALUES (243, '2024-01-15T09:00', 139, 88, 25, 'Patient reports less stiffness and pain in Achilles tendon.'); --#5C3G3, 20
INSERT INTO appointment (id, date_time, employee_id, patient_id, therapy_id, session_notes) VALUES (244, '2024-01-18T09:00', 146, 88, 25, 'Good progress, increased exercise intensity for tendon strength.'); --#5C3G3, 20
INSERT INTO appointment (id, date_time, employee_id, patient_id, therapy_id, session_notes) VALUES (245, '2024-01-22T09:00', 130, 88, 25, 'Notable improvement in flexibility and pain reduction.'); --#5C3G3, 20
INSERT INTO appointment (id, date_time, employee_id, patient_id, therapy_id, session_notes) VALUES (246, '2024-01-24T09:00', 145, 88, 25, 'Patient able to engage in light jogging with minimal discomfort.'); --#5C3G3, 20
INSERT INTO appointment (id, date_time, employee_id, patient_id, therapy_id, session_notes) VALUES (247, '2024-01-25T09:00', 140, 88, 25, 'Continued gains in Achilles strength, focusing on dynamic exercises.'); --#5C3G3, 20
INSERT INTO appointment (id, date_time, employee_id, patient_id, therapy_id, session_notes) VALUES (248, '2024-01-29T09:00', 141, 88, 25, 'Significant reduction in symptoms, improved tendon function.'); --#5C3G3, 20
INSERT INTO appointment (id, date_time, employee_id, patient_id, therapy_id, session_notes) VALUES (249, '2024-01-30T09:00', 146, 88, 25, 'Patient performing more strenuous activities with ease.'); --#5C3G3, 20
INSERT INTO appointment (id, date_time, employee_id, patient_id, therapy_id, session_notes) VALUES (250, '2024-01-31T09:00', 132, 88, 25, 'Continued improvement, focusing on long-term tendon health.'); --#5C3G3, 20
INSERT INTO appointment (id, date_time, employee_id, patient_id, therapy_id, session_notes) VALUES (251, '2024-02-02T09:00', 141, 88, 25, 'Excellent progress, near-complete recovery in tendon function.'); --#5C3G3, 20
INSERT INTO appointment (id, date_time, employee_id, patient_id, therapy_id, session_notes) VALUES (252, '2024-02-05T09:00', 139, 88, 25, 'Achilles tendon showing great resilience, patient resuming most activities.'); --#5C3G3, 20
INSERT INTO appointment (id, date_time, employee_id, patient_id, therapy_id, session_notes) VALUES (253, '2024-02-07T09:00', 126, 88, 25, 'Full recovery from Achilles tendinitis, advised on preventive measures.'); --#5C3G3, 20
INSERT INTO appointment (id, date_time, employee_id, patient_id, therapy_id, session_notes) VALUES (254, '2023-12-26T12:00', 139, 19, 26, 'Began with gentle core strengthening and flexibility exercises.'); --#3N4P6, 21
INSERT INTO appointment (id, date_time, employee_id, patient_id, therapy_id, session_notes) VALUES (255, '2023-12-28T12:00', 145, 19, 26, 'Patient reports reduced lower back pain, improved posture.'); --#3N4P6, 21
INSERT INTO appointment (id, date_time, employee_id, patient_id, therapy_id, session_notes) VALUES (256, '2024-01-01T12:00', 135, 19, 26, 'Good progress, introduced modified Pilates exercises.'); --#3N4P6, 21
INSERT INTO appointment (id, date_time, employee_id, patient_id, therapy_id, session_notes) VALUES (257, '2024-01-02T12:00', 141, 19, 26, 'Notable improvement in core strength, reduced sciatic symptoms.'); --#3N4P6, 21
INSERT INTO appointment (id, date_time, employee_id, patient_id, therapy_id, session_notes) VALUES (258, '2024-01-03T12:00', 137, 19, 26, 'Patient able to perform daily activities with less pain.'); --#3N4P6, 21
INSERT INTO appointment (id, date_time, employee_id, patient_id, therapy_id, session_notes) VALUES (259, '2024-01-04T12:00', 143, 19, 26, 'Continued gains in back function, focusing on stability exercises.'); --#3N4P6, 21
INSERT INTO appointment (id, date_time, employee_id, patient_id, therapy_id, session_notes) VALUES (260, '2024-01-08T12:00', 130, 19, 26, 'Significant reduction in back pain, improved spinal alignment.'); --#3N4P6, 21
INSERT INTO appointment (id, date_time, employee_id, patient_id, therapy_id, session_notes) VALUES (261, '2024-01-11T12:00', 137, 19, 26, 'Patient reports increased overall mobility and comfort.'); --#3N4P6, 21
INSERT INTO appointment (id, date_time, employee_id, patient_id, therapy_id, session_notes) VALUES (262, '2024-01-12T12:00', 132, 19, 26, 'Continued improvement, enhanced core stability.'); --#3N4P6, 21
INSERT INTO appointment (id, date_time, employee_id, patient_id, therapy_id, session_notes) VALUES (263, '2024-01-15T12:00', 139, 19, 26, 'Excellent progress, patient reports minimal discomfort.'); --#3N4P6, 21
INSERT INTO appointment (id, date_time, employee_id, patient_id, therapy_id, session_notes) VALUES (264, '2024-01-16T12:00', 140, 19, 26, 'Focus now on maintaining back health and preventing re-injury.'); --#3N4P6, 21
INSERT INTO appointment (id, date_time, employee_id, patient_id, therapy_id, session_notes) VALUES (265, '2024-01-18T12:00', 137, 19, 26, 'Patient''s back function significantly improved, pain well managed.'); --#3N4P6, 21
INSERT INTO appointment (id, date_time, employee_id, patient_id, therapy_id, session_notes) VALUES (266, '2024-01-19T12:00', 140, 19, 26, 'Near-complete recovery, patient performing most activities comfortably.'); --#3N4P6, 21
INSERT INTO appointment (id, date_time, employee_id, patient_id, therapy_id, session_notes) VALUES (267, '2024-01-22T12:00', 132, 19, 26, 'Full recovery from herniated disc, long-term management plan in place.'); --#3N4P6, 21
INSERT INTO appointment (id, date_time, employee_id, patient_id, therapy_id, session_notes) VALUES (268, '2024-01-12T11:00', 147, 36, 27, 'Initiated gentle exercises tailored for joint mobility.'); --#7R3N6, 11
INSERT INTO appointment (id, date_time, employee_id, patient_id, therapy_id, session_notes) VALUES (269, '2024-01-15T11:00', 147, 36, 27, 'Patient reports reduced pain, especially in the mornings.'); --#7R3N6, 11
INSERT INTO appointment (id, date_time, employee_id, patient_id, therapy_id, session_notes) VALUES (270, '2024-01-17T11:00', 128, 36, 27, 'Good progress, introduced more dynamic exercises.'); --#7R3N6, 11
INSERT INTO appointment (id, date_time, employee_id, patient_id, therapy_id, session_notes) VALUES (271, '2024-01-18T11:00', 128, 36, 27, 'Notable improvement in joint flexibility and strength.'); --#7R3N6, 11
INSERT INTO appointment (id, date_time, employee_id, patient_id, therapy_id, session_notes) VALUES (272, '2024-01-22T11:00', 147, 36, 27, 'Patient managing daily activities with less discomfort.'); --#7R3N6, 11
INSERT INTO appointment (id, date_time, employee_id, patient_id, therapy_id, session_notes) VALUES (273, '2024-01-23T11:00', 147, 36, 27, 'Continued improvement, exercises becoming more challenging.'); --#7R3N6, 11
INSERT INTO appointment (id, date_time, employee_id, patient_id, therapy_id, session_notes) VALUES (274, '2024-01-25T11:00', 128, 36, 27, 'Significant gains in joint function, pain management effective.'); --#7R3N6, 11
INSERT INTO appointment (id, date_time, employee_id, patient_id, therapy_id, session_notes) VALUES (275, '2024-01-26T11:00', 147, 36, 27, 'Excellent progress, patient to maintain exercise routine for long-term benefits.'); --#7R3N6, 11
INSERT INTO appointment (id, date_time, employee_id, patient_id, therapy_id, session_notes) VALUES (276, '2023-12-29T08:00', 138, 79, 28, 'Began with gentle core and back strengthening exercises.'); --#4W3F2, 23
INSERT INTO appointment (id, date_time, employee_id, patient_id, therapy_id, session_notes) VALUES (277, '2024-01-01T08:00', 134, 79, 28, 'Patient reports reduced back pain, especially after prolonged sitting.'); --#4W3F2, 23
INSERT INTO appointment (id, date_time, employee_id, patient_id, therapy_id, session_notes) VALUES (278, '2024-01-02T08:00', 134, 79, 28, 'Good progress, increased exercise intensity for back strength.'); --#4W3F2, 23
INSERT INTO appointment (id, date_time, employee_id, patient_id, therapy_id, session_notes) VALUES (279, '2024-01-03T08:00', 138, 79, 28, 'Notable improvement in pain management and flexibility.'); --#4W3F2, 23
INSERT INTO appointment (id, date_time, employee_id, patient_id, therapy_id, session_notes) VALUES (280, '2024-01-05T08:00', 131, 79, 28, 'Patient performing daily tasks with greater ease and less discomfort.'); --#4W3F2, 23
INSERT INTO appointment (id, date_time, employee_id, patient_id, therapy_id, session_notes) VALUES (281, '2024-01-08T08:00', 138, 79, 28, 'Continued gains in back function, focusing on posture correction.'); --#4W3F2, 23
INSERT INTO appointment (id, date_time, employee_id, patient_id, therapy_id, session_notes) VALUES (282, '2024-01-10T08:00', 138, 79, 28, 'Significant reduction in chronic pain, improved spinal health.'); --#4W3F2, 23
INSERT INTO appointment (id, date_time, employee_id, patient_id, therapy_id, session_notes) VALUES (283, '2024-01-12T08:00', 129, 79, 28, 'Patient reports increased overall mobility and quality of life.'); --#4W3F2, 23
INSERT INTO appointment (id, date_time, employee_id, patient_id, therapy_id, session_notes) VALUES (284, '2024-01-15T08:00', 134, 79, 28, 'Continued improvement, back pain well managed.'); --#4W3F2, 23
INSERT INTO appointment (id, date_time, employee_id, patient_id, therapy_id, session_notes) VALUES (285, '2024-01-17T08:00', 131, 79, 28, 'Excellent progress, advised on long-term strategies to manage back pain.'); --#4W3F2, 23
INSERT INTO appointment (id, date_time, employee_id, patient_id, therapy_id, session_notes) VALUES (286, '2023-12-19T19:00', 129, 38, 29, 'Initiated basic cognitive and motor skill exercises.'); --#8D2H9, 34
INSERT INTO appointment (id, date_time, employee_id, patient_id, therapy_id, session_notes) VALUES (287, '2023-12-22T19:00', 138, 38, 29, 'Patient shows early signs of improvement in speech and movement.'); --#8D2H9, 34
INSERT INTO appointment (id, date_time, employee_id, patient_id, therapy_id, session_notes) VALUES (288, '2023-12-25T19:00', 131, 38, 29, 'Good progress, focusing on regaining independence in daily activities.'); --#8D2H9, 34
INSERT INTO appointment (id, date_time, employee_id, patient_id, therapy_id, session_notes) VALUES (289, '2023-12-27T19:00', 138, 38, 29, 'Notable gains in limb coordination and cognitive functions.'); --#8D2H9, 34
INSERT INTO appointment (id, date_time, employee_id, patient_id, therapy_id, session_notes) VALUES (290, '2024-01-01T19:00', 131, 38, 29, 'Patient more engaged in therapy, showing improvement in self-care skills.'); --#8D2H9, 34
INSERT INTO appointment (id, date_time, employee_id, patient_id, therapy_id, session_notes) VALUES (291, '2024-01-03T19:00', 129, 38, 29, 'Continued improvement in speech clarity and walking.'); --#8D2H9, 34
INSERT INTO appointment (id, date_time, employee_id, patient_id, therapy_id, session_notes) VALUES (292, '2024-01-04T19:00', 131, 38, 29, 'Significant progress in fine motor skills, patient regaining hand dexterity.'); --#8D2H9, 34
INSERT INTO appointment (id, date_time, employee_id, patient_id, therapy_id, session_notes) VALUES (293, '2024-01-08T19:00', 134, 38, 29, 'Improved balance and coordination, patient can perform tasks more easily.'); --#8D2H9, 34
INSERT INTO appointment (id, date_time, employee_id, patient_id, therapy_id, session_notes) VALUES (294, '2024-01-10T19:00', 134, 38, 29, 'Further gains in cognitive abilities, better memory and problem-solving skills.'); --#8D2H9, 34
INSERT INTO appointment (id, date_time, employee_id, patient_id, therapy_id, session_notes) VALUES (295, '2024-01-12T19:00', 138, 38, 29, 'Excellent progress in speech, patient communicating more clearly.'); --#8D2H9, 34
INSERT INTO appointment (id, date_time, employee_id, patient_id, therapy_id, session_notes) VALUES (296, '2024-01-15T19:00', 134, 38, 29, 'Patient shows increased independence in daily routines.'); --#8D2H9, 34
INSERT INTO appointment (id, date_time, employee_id, patient_id, therapy_id, session_notes) VALUES (297, '2024-01-16T19:00', 131, 38, 29, 'Continued improvement in walking, less assistance required.'); --#8D2H9, 34
INSERT INTO appointment (id, date_time, employee_id, patient_id, therapy_id, session_notes) VALUES (298, '2024-01-17T19:00', 138, 38, 29, 'Significant strides in overall stroke recovery, patient more confident.'); --#8D2H9, 34
INSERT INTO appointment (id, date_time, employee_id, patient_id, therapy_id, session_notes) VALUES (299, '2024-01-22T19:00', 129, 38, 29, 'Patient actively participating in more complex rehabilitation activities.'); --#8D2H9, 34
INSERT INTO appointment (id, date_time, employee_id, patient_id, therapy_id, session_notes) VALUES (300, '2024-01-25T19:00', 138, 38, 29, 'Continued gains in cognitive and motor functions, patient more self-reliant.'); --#8D2H9, 34
INSERT INTO appointment (id, date_time, employee_id, patient_id, therapy_id, session_notes) VALUES (301, '2024-01-29T19:00', 131, 38, 29, 'Excellent recovery pace, patient resuming more normal activities.'); --#8D2H9, 34
INSERT INTO appointment (id, date_time, employee_id, patient_id, therapy_id, session_notes) VALUES (302, '2024-01-30T19:00', 138, 38, 29, 'Focus on refining skills for maximum independence and quality of life.'); --#8D2H9, 34
INSERT INTO appointment (id, date_time, employee_id, patient_id, therapy_id, session_notes) VALUES (303, '2024-02-02T19:00', 134, 38, 29, 'Patient''s resilience evident, near-complete recovery from stroke effects.'); --#8D2H9, 34
INSERT INTO appointment (id, date_time, employee_id, patient_id, therapy_id, session_notes) VALUES (304, '2024-02-05T19:00', 129, 38, 29, 'Therapy focusing on long-term maintenance of health and skills.'); --#8D2H9, 34
INSERT INTO appointment (id, date_time, employee_id, patient_id, therapy_id, session_notes) VALUES (305, '2024-02-08T19:00', 134, 38, 29, 'Full recovery from stroke, patient advised on lifestyle adjustments and preventive measures.'); --#8D2H9, 34
INSERT INTO appointment (id, date_time, employee_id, patient_id, therapy_id, session_notes) VALUES (306, '2024-01-17T10:00', 146, 14, 30, 'Assessment complete, initiated wrist mobility exercises.'); --#1R2Y1, 6
INSERT INTO appointment (id, date_time, employee_id, patient_id, therapy_id, session_notes) VALUES (307, '2024-01-22T10:00', 126, 14, 30, 'Patient reports less numbness, improved hand function.'); --#1R2Y1, 6
INSERT INTO appointment (id, date_time, employee_id, patient_id, therapy_id, session_notes) VALUES (308, '2024-01-24T10:00', 132, 14, 30, 'Good progress, wrist strength exercises introduced.'); --#1R2Y1, 6
INSERT INTO appointment (id, date_time, employee_id, patient_id, therapy_id, session_notes) VALUES (309, '2024-01-29T10:00', 135, 14, 30, 'Notable reduction in nighttime symptoms, ergonomic adjustments helpful.'); --#1R2Y1, 6
INSERT INTO appointment (id, date_time, employee_id, patient_id, therapy_id, session_notes) VALUES (310, '2024-02-01T10:00', 142, 14, 30, 'Patient able to perform fine motor tasks more easily.'); --#1R2Y1, 6
INSERT INTO appointment (id, date_time, employee_id, patient_id, therapy_id, session_notes) VALUES (311, '2024-02-02T10:00', 142, 14, 30, 'Continued improvement, focusing on flexibility and strength.'); --#1R2Y1, 6
INSERT INTO appointment (id, date_time, employee_id, patient_id, therapy_id, session_notes) VALUES (312, '2024-02-05T10:00', 140, 14, 30, 'Significant gains in wrist and hand function.'); --#1R2Y1, 6
INSERT INTO appointment (id, date_time, employee_id, patient_id, therapy_id, session_notes) VALUES (313, '2024-02-08T10:00', 132, 14, 30, 'Symptoms greatly reduced, advised on long-term wrist care.'); --#1R2Y1, 6
INSERT INTO appointment (id, date_time, employee_id, patient_id, therapy_id, session_notes) VALUES (314, '2023-12-21T14:00', 141, 72, 31, 'Began therapy with gentle cervical mobilization.'); --#8H6H1, 27
INSERT INTO appointment (id, date_time, employee_id, patient_id, therapy_id, session_notes) VALUES (315, '2023-12-22T14:00', 141, 72, 31, 'Patient reports reduced neck pain and stiffness.'); --#8H6H1, 27
INSERT INTO appointment (id, date_time, employee_id, patient_id, therapy_id, session_notes) VALUES (316, '2023-12-25T14:00', 144, 72, 31, 'Good progress, introduced neck strengthening exercises.'); --#8H6H1, 27
INSERT INTO appointment (id, date_time, employee_id, patient_id, therapy_id, session_notes) VALUES (317, '2023-12-27T14:00', 132, 72, 31, 'Notable improvement in neck mobility and reduced discomfort.'); --#8H6H1, 27
INSERT INTO appointment (id, date_time, employee_id, patient_id, therapy_id, session_notes) VALUES (318, '2024-01-01T14:00', 143, 72, 31, 'Patient able to perform daily tasks with greater ease.'); --#8H6H1, 27
INSERT INTO appointment (id, date_time, employee_id, patient_id, therapy_id, session_notes) VALUES (319, '2024-01-03T14:00', 143, 72, 31, 'Continued improvement in neck function, focusing on flexibility.'); --#8H6H1, 27
INSERT INTO appointment (id, date_time, employee_id, patient_id, therapy_id, session_notes) VALUES (320, '2024-01-05T14:00', 126, 72, 31, 'Significant gains in cervical range of motion and strength.'); --#8H6H1, 27
INSERT INTO appointment (id, date_time, employee_id, patient_id, therapy_id, session_notes) VALUES (321, '2024-01-08T14:00', 135, 72, 31, 'Patient reports minimal neck pain, improved overall function.'); --#8H6H1, 27
INSERT INTO appointment (id, date_time, employee_id, patient_id, therapy_id, session_notes) VALUES (322, '2024-01-09T14:00', 145, 72, 31, 'Continued progress, neck nearly back to pre-injury level.'); --#8H6H1, 27
INSERT INTO appointment (id, date_time, employee_id, patient_id, therapy_id, session_notes) VALUES (323, '2024-01-10T14:00', 148, 72, 31, 'Full recovery from whiplash, patient advised on preventive strategies.'); --#8H6H1, 27
INSERT INTO appointment (id, date_time, employee_id, patient_id, therapy_id, session_notes) VALUES (324, '2024-01-01T08:00', 133, 96, 32, 'Started with low-impact exercises, patient adapting well.'); --#6F6P9, 7
INSERT INTO appointment (id, date_time, employee_id, patient_id, therapy_id, session_notes) VALUES (325, '2024-01-02T08:00', 149, 96, 32, 'Patient reports reduced joint stiffness, especially in the morning.'); --#6F6P9, 7
INSERT INTO appointment (id, date_time, employee_id, patient_id, therapy_id, session_notes) VALUES (326, '2024-01-04T08:00', 150, 96, 32, 'Continued progress with range of motion exercises.'); --#6F6P9, 7
INSERT INTO appointment (id, date_time, employee_id, patient_id, therapy_id, session_notes) VALUES (327, '2024-01-05T08:00', 133, 96, 32, 'Notable decrease in joint pain, increased exercise intensity.'); --#6F6P9, 7
INSERT INTO appointment (id, date_time, employee_id, patient_id, therapy_id, session_notes) VALUES (328, '2024-01-08T08:00', 150, 96, 32, 'Patient more active, managing daily activities with less pain.'); --#6F6P9, 7
INSERT INTO appointment (id, date_time, employee_id, patient_id, therapy_id, session_notes) VALUES (329, '2024-01-11T08:00', 133, 96, 32, 'Further gains in mobility and strength, pain well managed.'); --#6F6P9, 7
INSERT INTO appointment (id, date_time, employee_id, patient_id, therapy_id, session_notes) VALUES (330, '2024-01-15T08:00', 150, 96, 32, 'Significant improvement in overall joint function.'); --#6F6P9, 7
INSERT INTO appointment (id, date_time, employee_id, patient_id, therapy_id, session_notes) VALUES (331, '2024-01-16T08:00', 133, 96, 32, 'Patient reports much improved quality of life, maintain exercise routine.'); --#6F6P9, 7
INSERT INTO appointment (id, date_time, employee_id, patient_id, therapy_id, session_notes) VALUES (332, '2023-12-21T18:00', 141, 28, 33, 'Began therapy with gentle cervical mobilization.'); --#8H6H1, 27
INSERT INTO appointment (id, date_time, employee_id, patient_id, therapy_id, session_notes) VALUES (333, '2023-12-25T18:00', 126, 28, 33, 'Patient reports reduced neck pain and stiffness.'); --#8H6H1, 27
INSERT INTO appointment (id, date_time, employee_id, patient_id, therapy_id, session_notes) VALUES (334, '2023-12-27T18:00', 143, 28, 33, 'Good progress, introduced neck strengthening exercises.'); --#8H6H1, 27
INSERT INTO appointment (id, date_time, employee_id, patient_id, therapy_id, session_notes) VALUES (335, '2024-01-01T18:00', 130, 28, 33, 'Notable improvement in neck mobility and reduced discomfort.'); --#8H6H1, 27
INSERT INTO appointment (id, date_time, employee_id, patient_id, therapy_id, session_notes) VALUES (336, '2024-01-04T18:00', 126, 28, 33, 'Patient able to perform daily tasks with greater ease.'); --#8H6H1, 27
INSERT INTO appointment (id, date_time, employee_id, patient_id, therapy_id, session_notes) VALUES (337, '2024-01-08T18:00', 148, 28, 33, 'Continued improvement in neck function, focusing on flexibility.'); --#8H6H1, 27
INSERT INTO appointment (id, date_time, employee_id, patient_id, therapy_id, session_notes) VALUES (338, '2024-01-11T18:00', 132, 28, 33, 'Significant gains in cervical range of motion and strength.'); --#8H6H1, 27
INSERT INTO appointment (id, date_time, employee_id, patient_id, therapy_id, session_notes) VALUES (339, '2024-01-15T18:00', 130, 28, 33, 'Patient reports minimal neck pain, improved overall function.'); --#8H6H1, 27
INSERT INTO appointment (id, date_time, employee_id, patient_id, therapy_id, session_notes) VALUES (340, '2024-01-18T18:00', 137, 28, 33, 'Continued progress, neck nearly back to pre-injury level.'); --#8H6H1, 27
INSERT INTO appointment (id, date_time, employee_id, patient_id, therapy_id, session_notes) VALUES (341, '2024-01-22T18:00', 141, 28, 33, 'Full recovery from whiplash, patient advised on preventive strategies.'); --#8H6H1, 27
INSERT INTO appointment (id, date_time, employee_id, patient_id, therapy_id, session_notes) VALUES (342, '2024-01-10T13:00', 146, 31, 34, 'Initial assessment completed, started with stretching and foam rolling.'); --#8L2Q4, 14
INSERT INTO appointment (id, date_time, employee_id, patient_id, therapy_id, session_notes) VALUES (343, '2024-01-12T13:00', 132, 31, 34, 'Patient reports reduced hip and knee pain, improvement in mobility.'); --#8L2Q4, 14
INSERT INTO appointment (id, date_time, employee_id, patient_id, therapy_id, session_notes) VALUES (344, '2024-01-15T13:00', 148, 31, 34, 'Good progress, introduced strengthening exercises for hip muscles.'); --#8L2Q4, 14
INSERT INTO appointment (id, date_time, employee_id, patient_id, therapy_id, session_notes) VALUES (345, '2024-01-16T13:00', 142, 31, 34, 'Notable reduction in pain, increased exercise intensity.'); --#8L2Q4, 14
INSERT INTO appointment (id, date_time, employee_id, patient_id, therapy_id, session_notes) VALUES (346, '2024-01-19T13:00', 143, 31, 34, 'Patient performing daily activities more comfortably.'); --#8L2Q4, 14
INSERT INTO appointment (id, date_time, employee_id, patient_id, therapy_id, session_notes) VALUES (347, '2024-01-22T13:00', 139, 31, 34, 'Continued improvement, focusing on flexibility and strength.'); --#8L2Q4, 14
INSERT INTO appointment (id, date_time, employee_id, patient_id, therapy_id, session_notes) VALUES (348, '2024-01-23T13:00', 146, 31, 34, 'Significant gains in hip and knee function.'); --#8L2Q4, 14
INSERT INTO appointment (id, date_time, employee_id, patient_id, therapy_id, session_notes) VALUES (349, '2024-01-26T13:00', 146, 31, 34, 'Symptoms greatly reduced, advised on long-term care and prevention.'); --#8L2Q4, 14
INSERT INTO appointment (id, date_time, employee_id, patient_id, therapy_id, session_notes) VALUES (350, '2024-01-08T19:00', 147, 97, 35, 'Started with gentle range of motion exercises, patient coping well.'); --#4N8P5, 10
INSERT INTO appointment (id, date_time, employee_id, patient_id, therapy_id, session_notes) VALUES (351, '2024-01-09T19:00', 147, 97, 35, 'Slight reduction in joint pain and swelling.'); --#4N8P5, 10
INSERT INTO appointment (id, date_time, employee_id, patient_id, therapy_id, session_notes) VALUES (352, '2024-01-12T19:00', 128, 97, 35, 'Patient shows progress in mobility, continuing with prescribed exercises.'); --#4N8P5, 10
INSERT INTO appointment (id, date_time, employee_id, patient_id, therapy_id, session_notes) VALUES (353, '2024-01-15T19:00', 128, 97, 35, 'Further gains in joint function, reduced discomfort.'); --#4N8P5, 10
INSERT INTO appointment (id, date_time, employee_id, patient_id, therapy_id, session_notes) VALUES (354, '2024-01-16T19:00', 147, 97, 35, 'Patient reports significant reduction in pain during movement.'); --#4N8P5, 10
INSERT INTO appointment (id, date_time, employee_id, patient_id, therapy_id, session_notes) VALUES (355, '2024-01-19T19:00', 147, 97, 35, 'Continued improvement, focusing on strengthening surrounding muscles.'); --#4N8P5, 10
INSERT INTO appointment (id, date_time, employee_id, patient_id, therapy_id, session_notes) VALUES (356, '2024-01-22T19:00', 128, 97, 35, 'Significant reduction in inflammation and pain.'); --#4N8P5, 10
INSERT INTO appointment (id, date_time, employee_id, patient_id, therapy_id, session_notes) VALUES (357, '2024-01-23T19:00', 128, 97, 35, 'Joint function nearly back to normal, advised on preventive strategies.'); --#4N8P5, 10
INSERT INTO appointment (id, date_time, employee_id, patient_id, therapy_id, session_notes) VALUES (358, '2024-01-16T08:00', 139, 8, 36, 'Initial assessment done, started with gentle stretching.'); --#7Z8V8, 2
INSERT INTO appointment (id, date_time, employee_id, patient_id, therapy_id, session_notes) VALUES (359, '2024-01-18T08:00', 139, 8, 36, 'Slight improvement in movement, pain management strategies in place.'); --#7Z8V8, 2
INSERT INTO appointment (id, date_time, employee_id, patient_id, therapy_id, session_notes) VALUES (360, '2024-01-19T08:00', 141, 8, 36, 'Patient shows increased range of motion, exercises intensified.'); --#7Z8V8, 2
INSERT INTO appointment (id, date_time, employee_id, patient_id, therapy_id, session_notes) VALUES (361, '2024-01-22T08:00', 145, 8, 36, 'Further improvement in shoulder flexibility.'); --#7Z8V8, 2
INSERT INTO appointment (id, date_time, employee_id, patient_id, therapy_id, session_notes) VALUES (362, '2024-01-23T08:00', 135, 8, 36, 'Patient can perform daily activities with less discomfort.'); --#7Z8V8, 2
INSERT INTO appointment (id, date_time, employee_id, patient_id, therapy_id, session_notes) VALUES (363, '2024-01-25T08:00', 130, 8, 36, 'Significant gains in mobility, therapy progressing well.'); --#7Z8V8, 2
INSERT INTO appointment (id, date_time, employee_id, patient_id, therapy_id, session_notes) VALUES (364, '2024-01-29T08:00', 126, 8, 36, 'Continued improvement, focusing on strengthening.'); --#7Z8V8, 2
INSERT INTO appointment (id, date_time, employee_id, patient_id, therapy_id, session_notes) VALUES (365, '2024-01-31T08:00', 146, 8, 36, 'Patient reports much less pain, improved sleep quality.'); --#7Z8V8, 2
INSERT INTO appointment (id, date_time, employee_id, patient_id, therapy_id, session_notes) VALUES (366, '2024-02-02T08:00', 141, 8, 36, 'Near-normal range of motion achieved.'); --#7Z8V8, 2
INSERT INTO appointment (id, date_time, employee_id, patient_id, therapy_id, session_notes) VALUES (367, '2024-02-05T08:00', 142, 8, 36, 'Excellent progress, maintain stretching and strengthening exercises.'); --#7Z8V8, 2
INSERT INTO appointment (id, date_time, employee_id, patient_id, therapy_id, session_notes) VALUES (368, '2024-01-09T08:00', 131, 73, 37, 'Initiated basic cognitive and motor skill exercises.'); --#8D2H9, 34
INSERT INTO appointment (id, date_time, employee_id, patient_id, therapy_id, session_notes) VALUES (369, '2024-01-11T08:00', 129, 73, 37, 'Patient shows early signs of improvement in speech and movement.'); --#8D2H9, 34
INSERT INTO appointment (id, date_time, employee_id, patient_id, therapy_id, session_notes) VALUES (370, '2024-01-15T08:00', 138, 73, 37, 'Good progress, focusing on regaining independence in daily activities.'); --#8D2H9, 34
INSERT INTO appointment (id, date_time, employee_id, patient_id, therapy_id, session_notes) VALUES (371, '2024-01-16T08:00', 138, 73, 37, 'Notable gains in limb coordination and cognitive functions.'); --#8D2H9, 34
INSERT INTO appointment (id, date_time, employee_id, patient_id, therapy_id, session_notes) VALUES (372, '2024-01-18T08:00', 138, 73, 37, 'Patient more engaged in therapy, showing improvement in self-care skills.'); --#8D2H9, 34
INSERT INTO appointment (id, date_time, employee_id, patient_id, therapy_id, session_notes) VALUES (373, '2024-01-22T08:00', 131, 73, 37, 'Continued improvement in speech clarity and walking.'); --#8D2H9, 34
INSERT INTO appointment (id, date_time, employee_id, patient_id, therapy_id, session_notes) VALUES (374, '2024-01-24T08:00', 134, 73, 37, 'Significant progress in fine motor skills, patient regaining hand dexterity.'); --#8D2H9, 34
INSERT INTO appointment (id, date_time, employee_id, patient_id, therapy_id, session_notes) VALUES (375, '2024-01-25T08:00', 138, 73, 37, 'Improved balance and coordination, patient can perform tasks more easily.'); --#8D2H9, 34
INSERT INTO appointment (id, date_time, employee_id, patient_id, therapy_id, session_notes) VALUES (376, '2024-01-29T08:00', 129, 73, 37, 'Further gains in cognitive abilities, better memory and problem-solving skills.'); --#8D2H9, 34
INSERT INTO appointment (id, date_time, employee_id, patient_id, therapy_id, session_notes) VALUES (377, '2024-01-30T08:00', 138, 73, 37, 'Excellent progress in speech, patient communicating more clearly.'); --#8D2H9, 34
INSERT INTO appointment (id, date_time, employee_id, patient_id, therapy_id, session_notes) VALUES (378, '2024-02-02T08:00', 134, 73, 37, 'Patient shows increased independence in daily routines.'); --#8D2H9, 34
INSERT INTO appointment (id, date_time, employee_id, patient_id, therapy_id, session_notes) VALUES (379, '2024-02-05T08:00', 138, 73, 37, 'Continued improvement in walking, less assistance required.'); --#8D2H9, 34
INSERT INTO appointment (id, date_time, employee_id, patient_id, therapy_id, session_notes) VALUES (380, '2024-02-06T08:00', 129, 73, 37, 'Significant strides in overall stroke recovery, patient more confident.'); --#8D2H9, 34
INSERT INTO appointment (id, date_time, employee_id, patient_id, therapy_id, session_notes) VALUES (381, '2024-02-07T08:00', 131, 73, 37, 'Patient actively participating in more complex rehabilitation activities.'); --#8D2H9, 34
INSERT INTO appointment (id, date_time, employee_id, patient_id, therapy_id, session_notes) VALUES (382, '2024-02-09T08:00', 131, 73, 37, 'Continued gains in cognitive and motor functions, patient more self-reliant.'); --#8D2H9, 34
INSERT INTO appointment (id, date_time, employee_id, patient_id, therapy_id, session_notes) VALUES (383, '2024-02-12T08:00', 131, 73, 37, 'Excellent recovery pace, patient resuming more normal activities.'); --#8D2H9, 34
INSERT INTO appointment (id, date_time, employee_id, patient_id, therapy_id, session_notes) VALUES (384, '2024-02-13T08:00', 129, 73, 37, 'Focus on refining skills for maximum independence and quality of life.'); --#8D2H9, 34
INSERT INTO appointment (id, date_time, employee_id, patient_id, therapy_id, session_notes) VALUES (385, '2024-02-16T08:00', 129, 73, 37, 'Patient''s resilience evident, near-complete recovery from stroke effects.'); --#8D2H9, 34
INSERT INTO appointment (id, date_time, employee_id, patient_id, therapy_id, session_notes) VALUES (386, '2024-02-19T08:00', 134, 73, 37, 'Therapy focusing on long-term maintenance of health and skills.'); --#8D2H9, 34
INSERT INTO appointment (id, date_time, employee_id, patient_id, therapy_id, session_notes) VALUES (387, '2024-02-20T08:00', 134, 73, 37, 'Full recovery from stroke, patient advised on lifestyle adjustments and preventive measures.'); --#8D2H9, 34
INSERT INTO appointment (id, date_time, employee_id, patient_id, therapy_id, session_notes) VALUES (388, '2024-01-09T11:00', 147, 45, 38, 'Initiated therapy focusing on pain relief and muscle relaxation.'); --#2K6H8, 37
INSERT INTO appointment (id, date_time, employee_id, patient_id, therapy_id, session_notes) VALUES (389, '2024-01-10T11:00', 147, 45, 38, 'Patient reports less muscle pain, improved sleep quality.'); --#2K6H8, 37
INSERT INTO appointment (id, date_time, employee_id, patient_id, therapy_id, session_notes) VALUES (390, '2024-01-15T11:00', 147, 45, 38, 'Good progress, introduced therapeutic exercises for pain management.'); --#2K6H8, 37
INSERT INTO appointment (id, date_time, employee_id, patient_id, therapy_id, session_notes) VALUES (391, '2024-01-17T11:00', 128, 45, 38, 'Notable reduction in chronic muscle pain, patient more active.'); --#2K6H8, 37
INSERT INTO appointment (id, date_time, employee_id, patient_id, therapy_id, session_notes) VALUES (392, '2024-01-19T11:00', 128, 45, 38, 'Patient engaging in daily tasks with greater ease and comfort.'); --#2K6H8, 37
INSERT INTO appointment (id, date_time, employee_id, patient_id, therapy_id, session_notes) VALUES (393, '2024-01-22T11:00', 147, 45, 38, 'Continued improvement in managing chronic pain.'); --#2K6H8, 37
INSERT INTO appointment (id, date_time, employee_id, patient_id, therapy_id, session_notes) VALUES (394, '2024-01-25T11:00', 128, 45, 38, 'Significant relief from muscle pain, patient advised on long-term pain management strategies.'); --#2K6H8, 37
INSERT INTO appointment (id, date_time, employee_id, patient_id, therapy_id, session_notes) VALUES (395, '2024-01-10T09:00', 138, 44, 39, 'Initiated basic cognitive and motor skill exercises.'); --#8D2H9, 34
INSERT INTO appointment (id, date_time, employee_id, patient_id, therapy_id, session_notes) VALUES (396, '2024-01-11T09:00', 138, 44, 39, 'Patient shows early signs of improvement in speech and movement.'); --#8D2H9, 34
INSERT INTO appointment (id, date_time, employee_id, patient_id, therapy_id, session_notes) VALUES (397, '2024-01-12T09:00', 134, 44, 39, 'Good progress, focusing on regaining independence in daily activities.'); --#8D2H9, 34
INSERT INTO appointment (id, date_time, employee_id, patient_id, therapy_id, session_notes) VALUES (398, '2024-01-15T09:00', 138, 44, 39, 'Notable gains in limb coordination and cognitive functions.'); --#8D2H9, 34
INSERT INTO appointment (id, date_time, employee_id, patient_id, therapy_id, session_notes) VALUES (399, '2024-01-16T09:00', 134, 44, 39, 'Patient more engaged in therapy, showing improvement in self-care skills.'); --#8D2H9, 34
INSERT INTO appointment (id, date_time, employee_id, patient_id, therapy_id, session_notes) VALUES (400, '2024-01-18T09:00', 131, 44, 39, 'Continued improvement in speech clarity and walking.'); --#8D2H9, 34
INSERT INTO appointment (id, date_time, employee_id, patient_id, therapy_id, session_notes) VALUES (401, '2024-01-22T09:00', 129, 44, 39, 'Significant progress in fine motor skills, patient regaining hand dexterity.'); --#8D2H9, 34
INSERT INTO appointment (id, date_time, employee_id, patient_id, therapy_id, session_notes) VALUES (402, '2024-01-23T09:00', 134, 44, 39, 'Improved balance and coordination, patient can perform tasks more easily.'); --#8D2H9, 34
INSERT INTO appointment (id, date_time, employee_id, patient_id, therapy_id, session_notes) VALUES (403, '2024-01-25T09:00', 131, 44, 39, 'Further gains in cognitive abilities, better memory and problem-solving skills.'); --#8D2H9, 34
INSERT INTO appointment (id, date_time, employee_id, patient_id, therapy_id, session_notes) VALUES (404, '2024-01-29T09:00', 131, 44, 39, 'Excellent progress in speech, patient communicating more clearly.'); --#8D2H9, 34
INSERT INTO appointment (id, date_time, employee_id, patient_id, therapy_id, session_notes) VALUES (405, '2024-01-30T09:00', 138, 44, 39, 'Patient shows increased independence in daily routines.'); --#8D2H9, 34
INSERT INTO appointment (id, date_time, employee_id, patient_id, therapy_id, session_notes) VALUES (406, '2024-02-02T09:00', 138, 44, 39, 'Continued improvement in walking, less assistance required.'); --#8D2H9, 34
INSERT INTO appointment (id, date_time, employee_id, patient_id, therapy_id, session_notes) VALUES (407, '2024-02-05T09:00', 131, 44, 39, 'Significant strides in overall stroke recovery, patient more confident.'); --#8D2H9, 34
INSERT INTO appointment (id, date_time, employee_id, patient_id, therapy_id, session_notes) VALUES (408, '2024-02-07T09:00', 134, 44, 39, 'Patient actively participating in more complex rehabilitation activities.'); --#8D2H9, 34
INSERT INTO appointment (id, date_time, employee_id, patient_id, therapy_id, session_notes) VALUES (409, '2024-02-12T09:00', 138, 44, 39, 'Continued gains in cognitive and motor functions, patient more self-reliant.'); --#8D2H9, 34
INSERT INTO appointment (id, date_time, employee_id, patient_id, therapy_id, session_notes) VALUES (410, '2024-02-14T09:00', 129, 44, 39, 'Excellent recovery pace, patient resuming more normal activities.'); --#8D2H9, 34
INSERT INTO appointment (id, date_time, employee_id, patient_id, therapy_id, session_notes) VALUES (411, '2024-02-15T09:00', 131, 44, 39, 'Focus on refining skills for maximum independence and quality of life.'); --#8D2H9, 34
INSERT INTO appointment (id, date_time, employee_id, patient_id, therapy_id, session_notes) VALUES (412, '2024-02-19T09:00', 138, 44, 39, 'Patient''s resilience evident, near-complete recovery from stroke effects.'); --#8D2H9, 34
INSERT INTO appointment (id, date_time, employee_id, patient_id, therapy_id, session_notes) VALUES (413, '2024-02-20T09:00', 134, 44, 39, 'Therapy focusing on long-term maintenance of health and skills.'); --#8D2H9, 34
INSERT INTO appointment (id, date_time, employee_id, patient_id, therapy_id, session_notes) VALUES (414, '2024-02-21T09:00', 138, 44, 39, 'Full recovery from stroke, patient advised on lifestyle adjustments and preventive measures.'); --#8D2H9, 34
INSERT INTO appointment (id, date_time, employee_id, patient_id, therapy_id, session_notes) VALUES (415, '2024-01-17T10:00', 146, 4, 40, 'Initial assessment done, started with gentle stretching.'); --#7Z8V8, 2
INSERT INTO appointment (id, date_time, employee_id, patient_id, therapy_id, session_notes) VALUES (416, '2024-01-22T10:00', 139, 4, 40, 'Slight improvement in movement, pain management strategies in place.'); --#7Z8V8, 2
INSERT INTO appointment (id, date_time, employee_id, patient_id, therapy_id, session_notes) VALUES (417, '2024-01-24T10:00', 144, 4, 40, 'Patient shows increased range of motion, exercises intensified.'); --#7Z8V8, 2
INSERT INTO appointment (id, date_time, employee_id, patient_id, therapy_id, session_notes) VALUES (418, '2024-01-26T10:00', 144, 4, 40, 'Further improvement in shoulder flexibility.'); --#7Z8V8, 2
INSERT INTO appointment (id, date_time, employee_id, patient_id, therapy_id, session_notes) VALUES (419, '2024-01-29T10:00', 144, 4, 40, 'Patient can perform daily activities with less discomfort.'); --#7Z8V8, 2
INSERT INTO appointment (id, date_time, employee_id, patient_id, therapy_id, session_notes) VALUES (420, '2024-01-31T10:00', 144, 4, 40, 'Significant gains in mobility, therapy progressing well.'); --#7Z8V8, 2
INSERT INTO appointment (id, date_time, employee_id, patient_id, therapy_id, session_notes) VALUES (421, '2024-02-01T10:00', 148, 4, 40, 'Continued improvement, focusing on strengthening.'); --#7Z8V8, 2
INSERT INTO appointment (id, date_time, employee_id, patient_id, therapy_id, session_notes) VALUES (422, '2024-02-05T10:00', 139, 4, 40, 'Patient reports much less pain, improved sleep quality.'); --#7Z8V8, 2
INSERT INTO appointment (id, date_time, employee_id, patient_id, therapy_id, session_notes) VALUES (423, '2024-02-06T10:00', 146, 4, 40, 'Near-normal range of motion achieved.'); --#7Z8V8, 2
INSERT INTO appointment (id, date_time, employee_id, patient_id, therapy_id, session_notes) VALUES (424, '2024-02-09T10:00', 144, 4, 40, 'Excellent progress, maintain stretching and strengthening exercises.'); --#7Z8V8, 2
INSERT INTO appointment (id, date_time, employee_id, patient_id, therapy_id, session_notes) VALUES (425, '2024-01-08T18:00', 147, 48, 41, 'Initiated gentle exercises tailored for joint mobility.'); --#7R3N6, 11
INSERT INTO appointment (id, date_time, employee_id, patient_id, therapy_id, session_notes) VALUES (426, '2024-01-09T18:00', 147, 48, 41, 'Patient reports reduced pain, especially in the mornings.'); --#7R3N6, 11
INSERT INTO appointment (id, date_time, employee_id, patient_id, therapy_id, session_notes) VALUES (427, '2024-01-12T18:00', 128, 48, 41, 'Good progress, introduced more dynamic exercises.'); --#7R3N6, 11
INSERT INTO appointment (id, date_time, employee_id, patient_id, therapy_id, session_notes) VALUES (428, '2024-01-15T18:00', 147, 48, 41, 'Notable improvement in joint flexibility and strength.'); --#7R3N6, 11
INSERT INTO appointment (id, date_time, employee_id, patient_id, therapy_id, session_notes) VALUES (429, '2024-01-18T18:00', 147, 48, 41, 'Patient managing daily activities with less discomfort.'); --#7R3N6, 11
INSERT INTO appointment (id, date_time, employee_id, patient_id, therapy_id, session_notes) VALUES (430, '2024-01-19T18:00', 147, 48, 41, 'Continued improvement, exercises becoming more challenging.'); --#7R3N6, 11
INSERT INTO appointment (id, date_time, employee_id, patient_id, therapy_id, session_notes) VALUES (431, '2024-01-22T18:00', 147, 48, 41, 'Significant gains in joint function, pain management effective.'); --#7R3N6, 11
INSERT INTO appointment (id, date_time, employee_id, patient_id, therapy_id, session_notes) VALUES (432, '2024-01-24T18:00', 128, 48, 41, 'Excellent progress, patient to maintain exercise routine for long-term benefits.'); --#7R3N6, 11
INSERT INTO appointment (id, date_time, employee_id, patient_id, therapy_id, session_notes) VALUES (433, '2023-12-26T18:00', 127, 95, 42, 'Initiated muscle strengthening exercises, patient adapting well.'); --#2J6Z7, 30
INSERT INTO appointment (id, date_time, employee_id, patient_id, therapy_id, session_notes) VALUES (434, '2023-12-28T18:00', 136, 95, 42, 'Patient shows early signs of muscle tone improvement.'); --#2J6Z7, 30
INSERT INTO appointment (id, date_time, employee_id, patient_id, therapy_id, session_notes) VALUES (435, '2024-01-01T18:00', 127, 95, 42, 'Good progress, focusing on resistance training for muscle growth.'); --#2J6Z7, 30
INSERT INTO appointment (id, date_time, employee_id, patient_id, therapy_id, session_notes) VALUES (436, '2024-01-03T18:00', 136, 95, 42, 'Notable improvement in muscle strength, reduced atrophy signs.'); --#2J6Z7, 30
INSERT INTO appointment (id, date_time, employee_id, patient_id, therapy_id, session_notes) VALUES (437, '2024-01-08T18:00', 136, 95, 42, 'Patient able to perform exercises with increased resistance.'); --#2J6Z7, 30
INSERT INTO appointment (id, date_time, employee_id, patient_id, therapy_id, session_notes) VALUES (438, '2024-01-10T18:00', 136, 95, 42, 'Continued improvement in muscle mass and function.'); --#2J6Z7, 30
INSERT INTO appointment (id, date_time, employee_id, patient_id, therapy_id, session_notes) VALUES (439, '2024-01-12T18:00', 127, 95, 42, 'Significant gains in overall muscle tone and strength.'); --#2J6Z7, 30
INSERT INTO appointment (id, date_time, employee_id, patient_id, therapy_id, session_notes) VALUES (440, '2024-01-15T18:00', 127, 95, 42, 'Excellent progress in preventing muscle atrophy, patient advised on long-term fitness strategies.'); --#2J6Z7, 30
INSERT INTO appointment (id, date_time, employee_id, patient_id, therapy_id, session_notes) VALUES (441, '2024-01-10T08:00', 128, 84, 43, 'Started with gentle range of motion exercises, patient coping well.'); --#4N8P5, 10
INSERT INTO appointment (id, date_time, employee_id, patient_id, therapy_id, session_notes) VALUES (442, '2024-01-11T08:00', 147, 84, 43, 'Slight reduction in joint pain and swelling.'); --#4N8P5, 10
INSERT INTO appointment (id, date_time, employee_id, patient_id, therapy_id, session_notes) VALUES (443, '2024-01-12T08:00', 128, 84, 43, 'Patient shows progress in mobility, continuing with prescribed exercises.'); --#4N8P5, 10
INSERT INTO appointment (id, date_time, employee_id, patient_id, therapy_id, session_notes) VALUES (444, '2024-01-15T08:00', 128, 84, 43, 'Further gains in joint function, reduced discomfort.'); --#4N8P5, 10
INSERT INTO appointment (id, date_time, employee_id, patient_id, therapy_id, session_notes) VALUES (445, '2024-01-18T08:00', 128, 84, 43, 'Patient reports significant reduction in pain during movement.'); --#4N8P5, 10
INSERT INTO appointment (id, date_time, employee_id, patient_id, therapy_id, session_notes) VALUES (446, '2024-01-22T08:00', 128, 84, 43, 'Continued improvement, focusing on strengthening surrounding muscles.'); --#4N8P5, 10
INSERT INTO appointment (id, date_time, employee_id, patient_id, therapy_id, session_notes) VALUES (447, '2024-01-25T08:00', 147, 84, 43, 'Significant reduction in inflammation and pain.'); --#4N8P5, 10
INSERT INTO appointment (id, date_time, employee_id, patient_id, therapy_id, session_notes) VALUES (448, '2024-01-26T08:00', 147, 84, 43, 'Joint function nearly back to normal, advised on preventive strategies.'); --#4N8P5, 10
INSERT INTO appointment (id, date_time, employee_id, patient_id, therapy_id, session_notes) VALUES (449, '2024-01-15T08:00', 132, 86, 44, 'Initial evaluation complete, begun with basic knee stabilization exercises.'); --#3H4O2, 12
INSERT INTO appointment (id, date_time, employee_id, patient_id, therapy_id, session_notes) VALUES (450, '2024-01-17T08:00', 137, 86, 44, 'Patient shows early progress in knee stability, continued with light exercises.'); --#3H4O2, 12
INSERT INTO appointment (id, date_time, employee_id, patient_id, therapy_id, session_notes) VALUES (451, '2024-01-19T08:00', 142, 86, 44, 'Slight improvement in knee strength, introduced balance exercises.'); --#3H4O2, 12
INSERT INTO appointment (id, date_time, employee_id, patient_id, therapy_id, session_notes) VALUES (452, '2024-01-22T08:00', 137, 86, 44, 'Good progress in range of motion, pain reduction noticeable.'); --#3H4O2, 12
INSERT INTO appointment (id, date_time, employee_id, patient_id, therapy_id, session_notes) VALUES (453, '2024-01-24T08:00', 140, 86, 44, 'Patient tolerating increased exercise intensity well, improved stability.'); --#3H4O2, 12
INSERT INTO appointment (id, date_time, employee_id, patient_id, therapy_id, session_notes) VALUES (454, '2024-01-26T08:00', 126, 86, 44, 'Continued gains in knee function, focusing on strengthening.'); --#3H4O2, 12
INSERT INTO appointment (id, date_time, employee_id, patient_id, therapy_id, session_notes) VALUES (455, '2024-01-29T08:00', 144, 86, 44, 'Significant improvement in knee mobility and strength.'); --#3H4O2, 12
INSERT INTO appointment (id, date_time, employee_id, patient_id, therapy_id, session_notes) VALUES (456, '2024-01-30T08:00', 126, 86, 44, 'Patient beginning to perform more dynamic movements.'); --#3H4O2, 12
INSERT INTO appointment (id, date_time, employee_id, patient_id, therapy_id, session_notes) VALUES (457, '2024-02-02T08:00', 130, 86, 44, 'Further improvement in stability, pain management effective.'); --#3H4O2, 12
INSERT INTO appointment (id, date_time, employee_id, patient_id, therapy_id, session_notes) VALUES (458, '2024-02-05T08:00', 130, 86, 44, 'Knee strength and stability much improved, introduced light jogging.'); --#3H4O2, 12
INSERT INTO appointment (id, date_time, employee_id, patient_id, therapy_id, session_notes) VALUES (459, '2024-02-06T08:00', 126, 86, 44, 'Patient reports increased confidence in knee function.'); --#3H4O2, 12
INSERT INTO appointment (id, date_time, employee_id, patient_id, therapy_id, session_notes) VALUES (460, '2024-02-09T08:00', 135, 86, 44, 'Good tolerance to higher intensity and impact exercises.'); --#3H4O2, 12
INSERT INTO appointment (id, date_time, employee_id, patient_id, therapy_id, session_notes) VALUES (461, '2024-02-12T08:00', 144, 86, 44, 'Significant gains in overall knee function, focusing on agility.'); --#3H4O2, 12
INSERT INTO appointment (id, date_time, employee_id, patient_id, therapy_id, session_notes) VALUES (462, '2024-02-14T08:00', 142, 86, 44, 'Patient performing sports-specific exercises with ease.'); --#3H4O2, 12
INSERT INTO appointment (id, date_time, employee_id, patient_id, therapy_id, session_notes) VALUES (463, '2024-02-16T08:00', 146, 86, 44, 'Continued progress, knee nearly at pre-injury strength.'); --#3H4O2, 12
INSERT INTO appointment (id, date_time, employee_id, patient_id, therapy_id, session_notes) VALUES (464, '2024-02-19T08:00', 139, 86, 44, 'Excellent recovery, patient able to perform high-impact activities.'); --#3H4O2, 12
INSERT INTO appointment (id, date_time, employee_id, patient_id, therapy_id, session_notes) VALUES (465, '2024-02-21T08:00', 148, 86, 44, 'Focus on maintaining knee health and preventing re-injury.'); --#3H4O2, 12
INSERT INTO appointment (id, date_time, employee_id, patient_id, therapy_id, session_notes) VALUES (466, '2024-02-26T08:00', 132, 86, 44, 'Patient''s knee function fully restored, excellent progress.'); --#3H4O2, 12
INSERT INTO appointment (id, date_time, employee_id, patient_id, therapy_id, session_notes) VALUES (467, '2024-02-28T08:00', 141, 86, 44, 'Rehabilitation almost complete, patient performing all activities without issue.'); --#3H4O2, 12
INSERT INTO appointment (id, date_time, employee_id, patient_id, therapy_id, session_notes) VALUES (468, '2024-02-29T08:00', 126, 86, 44, 'Complete recovery from ACL injury, advised on long-term knee care.'); --#3H4O2, 12
INSERT INTO appointment (id, date_time, employee_id, patient_id, therapy_id, session_notes) VALUES (469, '2024-01-05T17:00', 139, 2, 45, 'Initial assessment completed, beginning targeted exercises for spinal alignment.'); --#5R9N7, 24
INSERT INTO appointment (id, date_time, employee_id, patient_id, therapy_id, session_notes) VALUES (470, '2024-01-08T17:00', 148, 2, 45, 'Patient is adapting well to exercises, showing early signs of improved posture.'); --#5R9N7, 24
INSERT INTO appointment (id, date_time, employee_id, patient_id, therapy_id, session_notes) VALUES (471, '2024-01-10T17:00', 135, 2, 45, 'Notable progress in spinal alignment, patient demonstrates increased awareness of posture.'); --#5R9N7, 24
INSERT INTO appointment (id, date_time, employee_id, patient_id, therapy_id, session_notes) VALUES (472, '2024-01-11T17:00', 130, 2, 45, 'Continued improvement in alignment, encouraged by patient''s commitment to exercises.'); --#5R9N7, 24
INSERT INTO appointment (id, date_time, employee_id, patient_id, therapy_id, session_notes) VALUES (473, '2024-01-12T17:00', 143, 2, 45, 'Significant reduction in discomfort, spinal curvature showing gradual correction.'); --#5R9N7, 24
INSERT INTO appointment (id, date_time, employee_id, patient_id, therapy_id, session_notes) VALUES (474, '2024-01-15T17:00', 140, 2, 45, 'Patient''s flexibility and range of motion have improved, exercises are being well maintained.'); --#5R9N7, 24
INSERT INTO appointment (id, date_time, employee_id, patient_id, therapy_id, session_notes) VALUES (475, '2024-01-16T17:00', 141, 2, 45, 'Excellent progress, spinal alignment much closer to normal, patient reports less pain.'); --#5R9N7, 24
INSERT INTO appointment (id, date_time, employee_id, patient_id, therapy_id, session_notes) VALUES (476, '2024-01-19T17:00', 148, 2, 45, 'Substantial improvement in scoliosis condition, maintain exercise routine to prevent regression.'); --#5R9N7, 24
INSERT INTO appointment (id, date_time, employee_id, patient_id, therapy_id, session_notes) VALUES (477, '2024-01-16T12:00', 145, 11, 46, 'Began gentle mobilization exercises, patient tolerating well.'); --#5G3Y4, 1
INSERT INTO appointment (id, date_time, employee_id, patient_id, therapy_id, session_notes) VALUES (478, '2024-01-17T12:00', 141, 11, 46, 'Slight improvement in shoulder mobility, continuing with prescribed exercises.'); --#5G3Y4, 1
INSERT INTO appointment (id, date_time, employee_id, patient_id, therapy_id, session_notes) VALUES (479, '2024-01-19T12:00', 130, 11, 46, 'Patient showing progress in range of motion, pain slightly reduced.'); --#5G3Y4, 1
INSERT INTO appointment (id, date_time, employee_id, patient_id, therapy_id, session_notes) VALUES (480, '2024-01-22T12:00', 137, 11, 46, 'Notable improvement in shoulder strength, exercises becoming more challenging.'); --#5G3Y4, 1
INSERT INTO appointment (id, date_time, employee_id, patient_id, therapy_id, session_notes) VALUES (481, '2024-01-25T12:00', 130, 11, 46, 'Patient reports less discomfort, improved daily function.'); --#5G3Y4, 1
INSERT INTO appointment (id, date_time, employee_id, patient_id, therapy_id, session_notes) VALUES (482, '2024-01-29T12:00', 143, 11, 46, 'Continued progress, increased exercise intensity.'); --#5G3Y4, 1
INSERT INTO appointment (id, date_time, employee_id, patient_id, therapy_id, session_notes) VALUES (483, '2024-02-01T12:00', 126, 11, 46, 'Significant improvement in mobility and strength.'); --#5G3Y4, 1
INSERT INTO appointment (id, date_time, employee_id, patient_id, therapy_id, session_notes) VALUES (484, '2024-02-05T12:00', 141, 11, 46, 'Patient can perform most exercises with minimal discomfort.'); --#5G3Y4, 1
INSERT INTO appointment (id, date_time, employee_id, patient_id, therapy_id, session_notes) VALUES (485, '2024-02-08T12:00', 137, 11, 46, 'Further gains in shoulder function, pain management effective.'); --#5G3Y4, 1
INSERT INTO appointment (id, date_time, employee_id, patient_id, therapy_id, session_notes) VALUES (486, '2024-02-12T12:00', 126, 11, 46, 'Almost full range of motion achieved, focusing on muscle strengthening.'); --#5G3Y4, 1
INSERT INTO appointment (id, date_time, employee_id, patient_id, therapy_id, session_notes) VALUES (487, '2024-02-14T12:00', 146, 11, 46, 'Patient reports minimal pain, excellent progress in rehabilitation.'); --#5G3Y4, 1
INSERT INTO appointment (id, date_time, employee_id, patient_id, therapy_id, session_notes) VALUES (488, '2024-02-19T12:00', 146, 11, 46, 'Shoulder function nearly restored to pre-injury level, continue maintenance exercises.'); --#5G3Y4, 1
INSERT INTO appointment (id, date_time, employee_id, patient_id, therapy_id, session_notes) VALUES (489, '2024-01-10T08:00', 146, 71, 47, 'Began with gentle core strengthening and flexibility exercises.'); --#3N4P6, 21
INSERT INTO appointment (id, date_time, employee_id, patient_id, therapy_id, session_notes) VALUES (490, '2024-01-11T08:00', 135, 71, 47, 'Patient reports reduced lower back pain, improved posture.'); --#3N4P6, 21
INSERT INTO appointment (id, date_time, employee_id, patient_id, therapy_id, session_notes) VALUES (491, '2024-01-12T08:00', 148, 71, 47, 'Good progress, introduced modified Pilates exercises.'); --#3N4P6, 21
INSERT INTO appointment (id, date_time, employee_id, patient_id, therapy_id, session_notes) VALUES (492, '2024-01-15T08:00', 135, 71, 47, 'Notable improvement in core strength, reduced sciatic symptoms.'); --#3N4P6, 21
INSERT INTO appointment (id, date_time, employee_id, patient_id, therapy_id, session_notes) VALUES (493, '2024-01-18T08:00', 140, 71, 47, 'Patient able to perform daily activities with less pain.'); --#3N4P6, 21
INSERT INTO appointment (id, date_time, employee_id, patient_id, therapy_id, session_notes) VALUES (494, '2024-01-22T08:00', 142, 71, 47, 'Continued gains in back function, focusing on stability exercises.'); --#3N4P6, 21
INSERT INTO appointment (id, date_time, employee_id, patient_id, therapy_id, session_notes) VALUES (495, '2024-01-25T08:00', 142, 71, 47, 'Significant reduction in back pain, improved spinal alignment.'); --#3N4P6, 21
INSERT INTO appointment (id, date_time, employee_id, patient_id, therapy_id, session_notes) VALUES (496, '2024-01-26T08:00', 139, 71, 47, 'Patient reports increased overall mobility and comfort.'); --#3N4P6, 21
INSERT INTO appointment (id, date_time, employee_id, patient_id, therapy_id, session_notes) VALUES (497, '2024-01-29T08:00', 148, 71, 47, 'Continued improvement, enhanced core stability.'); --#3N4P6, 21
INSERT INTO appointment (id, date_time, employee_id, patient_id, therapy_id, session_notes) VALUES (498, '2024-02-01T08:00', 141, 71, 47, 'Excellent progress, patient reports minimal discomfort.'); --#3N4P6, 21
INSERT INTO appointment (id, date_time, employee_id, patient_id, therapy_id, session_notes) VALUES (499, '2024-02-02T08:00', 126, 71, 47, 'Focus now on maintaining back health and preventing re-injury.'); --#3N4P6, 21
INSERT INTO appointment (id, date_time, employee_id, patient_id, therapy_id, session_notes) VALUES (500, '2024-02-05T08:00', 144, 71, 47, 'Patient''s back function significantly improved, pain well managed.'); --#3N4P6, 21
INSERT INTO appointment (id, date_time, employee_id, patient_id, therapy_id, session_notes) VALUES (501, '2024-02-08T08:00', 135, 71, 47, 'Near-complete recovery, patient performing most activities comfortably.'); --#3N4P6, 21
INSERT INTO appointment (id, date_time, employee_id, patient_id, therapy_id, session_notes) VALUES (502, '2024-02-09T08:00', 141, 71, 47, 'Full recovery from herniated disc, long-term management plan in place.'); --#3N4P6, 21
INSERT INTO appointment (id, date_time, employee_id, patient_id, therapy_id, session_notes) VALUES (503, '2024-01-15T10:00', 126, 25, 48, 'Initiated therapy with basic ankle mobilization.'); --#6W1E6, 18
INSERT INTO appointment (id, date_time, employee_id, patient_id, therapy_id, session_notes) VALUES (504, '2024-01-17T10:00', 148, 25, 48, 'Patient reports reduced swelling and pain, improvement in stability.'); --#6W1E6, 18
INSERT INTO appointment (id, date_time, employee_id, patient_id, therapy_id, session_notes) VALUES (505, '2024-01-22T10:00', 137, 25, 48, 'Good progress, introduced balance and proprioception exercises.'); --#6W1E6, 18
INSERT INTO appointment (id, date_time, employee_id, patient_id, therapy_id, session_notes) VALUES (506, '2024-01-23T10:00', 142, 25, 48, 'Notable gains in ankle strength and mobility.'); --#6W1E6, 18
INSERT INTO appointment (id, date_time, employee_id, patient_id, therapy_id, session_notes) VALUES (507, '2024-01-25T10:00', 145, 25, 48, 'Patient able to perform daily activities with less discomfort.'); --#6W1E6, 18
INSERT INTO appointment (id, date_time, employee_id, patient_id, therapy_id, session_notes) VALUES (508, '2024-01-26T10:00', 141, 25, 48, 'Continued improvement, focusing on dynamic movements.'); --#6W1E6, 18
INSERT INTO appointment (id, date_time, employee_id, patient_id, therapy_id, session_notes) VALUES (509, '2024-01-29T10:00', 126, 25, 48, 'Significant improvement in ankle function, pain well managed.'); --#6W1E6, 18
INSERT INTO appointment (id, date_time, employee_id, patient_id, therapy_id, session_notes) VALUES (510, '2024-02-01T10:00', 145, 25, 48, 'Ankle nearly back to pre-injury level, advised on preventive exercises.'); --#6W1E6, 18
INSERT INTO appointment (id, date_time, employee_id, patient_id, therapy_id, session_notes) VALUES (511, '2024-01-08T11:00', 135, 92, 49, 'Began gentle mobilization exercises, patient tolerating well.'); --#5G3Y4, 1
INSERT INTO appointment (id, date_time, employee_id, patient_id, therapy_id, session_notes) VALUES (512, '2024-01-10T11:00', 139, 92, 49, 'Slight improvement in shoulder mobility, continuing with prescribed exercises.'); --#5G3Y4, 1
INSERT INTO appointment (id, date_time, employee_id, patient_id, therapy_id, session_notes) VALUES (513, '2024-01-11T11:00', 144, 92, 49, 'Patient showing progress in range of motion, pain slightly reduced.'); --#5G3Y4, 1
INSERT INTO appointment (id, date_time, employee_id, patient_id, therapy_id, session_notes) VALUES (514, '2024-01-15T11:00', 130, 92, 49, 'Notable improvement in shoulder strength, exercises becoming more challenging.'); --#5G3Y4, 1
INSERT INTO appointment (id, date_time, employee_id, patient_id, therapy_id, session_notes) VALUES (515, '2024-01-17T11:00', 146, 92, 49, 'Patient reports less discomfort, improved daily function.'); --#5G3Y4, 1
INSERT INTO appointment (id, date_time, employee_id, patient_id, therapy_id, session_notes) VALUES (516, '2024-01-19T11:00', 140, 92, 49, 'Continued progress, increased exercise intensity.'); --#5G3Y4, 1
INSERT INTO appointment (id, date_time, employee_id, patient_id, therapy_id, session_notes) VALUES (517, '2024-01-22T11:00', 146, 92, 49, 'Significant improvement in mobility and strength.'); --#5G3Y4, 1
INSERT INTO appointment (id, date_time, employee_id, patient_id, therapy_id, session_notes) VALUES (518, '2024-01-25T11:00', 135, 92, 49, 'Patient can perform most exercises with minimal discomfort.'); --#5G3Y4, 1
INSERT INTO appointment (id, date_time, employee_id, patient_id, therapy_id, session_notes) VALUES (519, '2024-01-29T11:00', 137, 92, 49, 'Further gains in shoulder function, pain management effective.'); --#5G3Y4, 1
INSERT INTO appointment (id, date_time, employee_id, patient_id, therapy_id, session_notes) VALUES (520, '2024-01-31T11:00', 126, 92, 49, 'Almost full range of motion achieved, focusing on muscle strengthening.'); --#5G3Y4, 1
INSERT INTO appointment (id, date_time, employee_id, patient_id, therapy_id, session_notes) VALUES (521, '2024-02-05T11:00', 145, 92, 49, 'Patient reports minimal pain, excellent progress in rehabilitation.'); --#5G3Y4, 1
INSERT INTO appointment (id, date_time, employee_id, patient_id, therapy_id, session_notes) VALUES (522, '2024-02-06T11:00', 144, 92, 49, 'Shoulder function nearly restored to pre-injury level, continue maintenance exercises.'); --#5G3Y4, 1
INSERT INTO appointment (id, date_time, employee_id, patient_id, therapy_id, session_notes) VALUES (523, '2024-01-01T13:00', 145, 94, 50, 'Began therapy with gentle cervical mobilization.'); --#8H6H1, 27
INSERT INTO appointment (id, date_time, employee_id, patient_id, therapy_id, session_notes) VALUES (524, '2024-01-02T13:00', 130, 94, 50, 'Patient reports reduced neck pain and stiffness.'); --#8H6H1, 27
INSERT INTO appointment (id, date_time, employee_id, patient_id, therapy_id, session_notes) VALUES (525, '2024-01-04T13:00', 145, 94, 50, 'Good progress, introduced neck strengthening exercises.'); --#8H6H1, 27
INSERT INTO appointment (id, date_time, employee_id, patient_id, therapy_id, session_notes) VALUES (526, '2024-01-08T13:00', 142, 94, 50, 'Notable improvement in neck mobility and reduced discomfort.'); --#8H6H1, 27
INSERT INTO appointment (id, date_time, employee_id, patient_id, therapy_id, session_notes) VALUES (527, '2024-01-11T13:00', 144, 94, 50, 'Patient able to perform daily tasks with greater ease.'); --#8H6H1, 27
INSERT INTO appointment (id, date_time, employee_id, patient_id, therapy_id, session_notes) VALUES (528, '2024-01-12T13:00', 141, 94, 50, 'Continued improvement in neck function, focusing on flexibility.'); --#8H6H1, 27
INSERT INTO appointment (id, date_time, employee_id, patient_id, therapy_id, session_notes) VALUES (529, '2024-01-15T13:00', 130, 94, 50, 'Significant gains in cervical range of motion and strength.'); --#8H6H1, 27
INSERT INTO appointment (id, date_time, employee_id, patient_id, therapy_id, session_notes) VALUES (530, '2024-01-16T13:00', 132, 94, 50, 'Patient reports minimal neck pain, improved overall function.'); --#8H6H1, 27
INSERT INTO appointment (id, date_time, employee_id, patient_id, therapy_id, session_notes) VALUES (531, '2024-01-18T13:00', 130, 94, 50, 'Continued progress, neck nearly back to pre-injury level.'); --#8H6H1, 27
INSERT INTO appointment (id, date_time, employee_id, patient_id, therapy_id, session_notes) VALUES (532, '2024-01-22T13:00', 130, 94, 50, 'Full recovery from whiplash, patient advised on preventive strategies.'); --#8H6H1, 27
INSERT INTO appointment (id, date_time, employee_id, patient_id, therapy_id, session_notes) VALUES (533, '2024-01-15T18:00', 147, 33, 51, 'Initiated therapy focusing on pain relief and muscle relaxation.'); --#2K6H8, 37
INSERT INTO appointment (id, date_time, employee_id, patient_id, therapy_id, session_notes) VALUES (534, '2024-01-18T18:00', 128, 33, 51, 'Patient reports less muscle pain, improved sleep quality.'); --#2K6H8, 37
INSERT INTO appointment (id, date_time, employee_id, patient_id, therapy_id, session_notes) VALUES (535, '2024-01-19T18:00', 147, 33, 51, 'Good progress, introduced therapeutic exercises for pain management.'); --#2K6H8, 37
INSERT INTO appointment (id, date_time, employee_id, patient_id, therapy_id, session_notes) VALUES (536, '2024-01-22T18:00', 147, 33, 51, 'Notable reduction in chronic muscle pain, patient more active.'); --#2K6H8, 37
INSERT INTO appointment (id, date_time, employee_id, patient_id, therapy_id, session_notes) VALUES (537, '2024-01-25T18:00', 147, 33, 51, 'Patient engaging in daily tasks with greater ease and comfort.'); --#2K6H8, 37
INSERT INTO appointment (id, date_time, employee_id, patient_id, therapy_id, session_notes) VALUES (538, '2024-01-29T18:00', 128, 33, 51, 'Continued improvement in managing chronic pain.'); --#2K6H8, 37
INSERT INTO appointment (id, date_time, employee_id, patient_id, therapy_id, session_notes) VALUES (539, '2024-02-01T18:00', 128, 33, 51, 'Significant relief from muscle pain, patient advised on long-term pain management strategies.'); --#2K6H8, 37
INSERT INTO appointment (id, date_time, employee_id, patient_id, therapy_id, session_notes) VALUES (540, '2023-12-21T15:00', 142, 85, 52, 'Initiated therapy with gentle stretching and strengthening.'); --#8I5F5, 4
INSERT INTO appointment (id, date_time, employee_id, patient_id, therapy_id, session_notes) VALUES (541, '2023-12-25T15:00', 135, 85, 52, 'Patient reports reduced pain, improved elbow mobility.'); --#8I5F5, 4
INSERT INTO appointment (id, date_time, employee_id, patient_id, therapy_id, session_notes) VALUES (542, '2023-12-26T15:00', 140, 85, 52, 'Progressing with exercises, pain decreasing gradually.'); --#8I5F5, 4
INSERT INTO appointment (id, date_time, employee_id, patient_id, therapy_id, session_notes) VALUES (543, '2023-12-27T15:00', 130, 85, 52, 'Notable improvement in strength, daily activities easier to perform.'); --#8I5F5, 4
INSERT INTO appointment (id, date_time, employee_id, patient_id, therapy_id, session_notes) VALUES (544, '2023-12-29T15:00', 137, 85, 52, 'Continued reduction in pain, especially during wrist movements.'); --#8I5F5, 4
INSERT INTO appointment (id, date_time, employee_id, patient_id, therapy_id, session_notes) VALUES (545, '2024-01-01T15:00', 126, 85, 52, 'Patient able to lift heavier objects with less discomfort.'); --#8I5F5, 4
INSERT INTO appointment (id, date_time, employee_id, patient_id, therapy_id, session_notes) VALUES (546, '2024-01-04T15:00', 141, 85, 52, 'Significant gains in elbow function and strength.'); --#8I5F5, 4
INSERT INTO appointment (id, date_time, employee_id, patient_id, therapy_id, session_notes) VALUES (547, '2024-01-05T15:00', 135, 85, 52, 'Elbow nearly back to normal function, continue with preventive exercises.'); --#8I5F5, 4
INSERT INTO appointment (id, date_time, employee_id, patient_id, therapy_id, session_notes) VALUES (548, '2024-01-11T18:00', 140, 89, 53, 'Assessment completed, initiated posture correction exercises.'); --#8K1H7, 25
INSERT INTO appointment (id, date_time, employee_id, patient_id, therapy_id, session_notes) VALUES (549, '2024-01-15T18:00', 130, 89, 53, 'Patient shows early signs of improved posture, reduced discomfort.'); --#8K1H7, 25
INSERT INTO appointment (id, date_time, employee_id, patient_id, therapy_id, session_notes) VALUES (550, '2024-01-17T18:00', 144, 89, 53, 'Good progress, focusing on strengthening core and back muscles.'); --#8K1H7, 25
INSERT INTO appointment (id, date_time, employee_id, patient_id, therapy_id, session_notes) VALUES (551, '2024-01-18T18:00', 137, 89, 53, 'Notable improvement in posture, reduced neck and back strain.'); --#8K1H7, 25
INSERT INTO appointment (id, date_time, employee_id, patient_id, therapy_id, session_notes) VALUES (552, '2024-01-22T18:00', 146, 89, 53, 'Patient more aware of proper posture, continuing with exercises.'); --#8K1H7, 25
INSERT INTO appointment (id, date_time, employee_id, patient_id, therapy_id, session_notes) VALUES (553, '2024-01-24T18:00', 148, 89, 53, 'Continued improvement, significant reduction in pain and tension.'); --#8K1H7, 25
INSERT INTO appointment (id, date_time, employee_id, patient_id, therapy_id, session_notes) VALUES (554, '2024-01-25T18:00', 130, 89, 53, 'Excellent progress, patient demonstrates much improved posture.'); --#8K1H7, 25
INSERT INTO appointment (id, date_time, employee_id, patient_id, therapy_id, session_notes) VALUES (565, '2024-01-05T08:00', 144, 17, 55, 'Initiated therapy with basic ankle mobilization.'); --#6W1E6, 18
INSERT INTO appointment (id, date_time, employee_id, patient_id, therapy_id, session_notes) VALUES (566, '2024-01-08T08:00', 146, 17, 55, 'Patient reports reduced swelling and pain, improvement in stability.'); --#6W1E6, 18
INSERT INTO appointment (id, date_time, employee_id, patient_id, therapy_id, session_notes) VALUES (567, '2024-01-11T08:00', 130, 17, 55, 'Good progress, introduced balance and proprioception exercises.'); --#6W1E6, 18
INSERT INTO appointment (id, date_time, employee_id, patient_id, therapy_id, session_notes) VALUES (568, '2024-01-15T08:00', 145, 17, 55, 'Notable gains in ankle strength and mobility.'); --#6W1E6, 18
INSERT INTO appointment (id, date_time, employee_id, patient_id, therapy_id, session_notes) VALUES (569, '2024-01-16T08:00', 145, 17, 55, 'Patient able to perform daily activities with less discomfort.'); --#6W1E6, 18
INSERT INTO appointment (id, date_time, employee_id, patient_id, therapy_id, session_notes) VALUES (570, '2024-01-19T08:00', 137, 17, 55, 'Continued improvement, focusing on dynamic movements.'); --#6W1E6, 18
INSERT INTO appointment (id, date_time, employee_id, patient_id, therapy_id, session_notes) VALUES (571, '2024-01-22T08:00', 146, 17, 55, 'Significant improvement in ankle function, pain well managed.'); --#6W1E6, 18
INSERT INTO appointment (id, date_time, employee_id, patient_id, therapy_id, session_notes) VALUES (572, '2024-01-24T08:00', 130, 17, 55, 'Ankle nearly back to pre-injury level, advised on preventive exercises.'); --#6W1E6, 18
INSERT INTO appointment (id, date_time, employee_id, patient_id, therapy_id, session_notes) VALUES (573, '2024-01-09T14:00', 140, 24, 56, 'Initiated therapy with gentle stretching and strengthening.'); --#8I5F5, 4
INSERT INTO appointment (id, date_time, employee_id, patient_id, therapy_id, session_notes) VALUES (574, '2024-01-12T14:00', 145, 24, 56, 'Patient reports reduced pain, improved elbow mobility.'); --#8I5F5, 4
INSERT INTO appointment (id, date_time, employee_id, patient_id, therapy_id, session_notes) VALUES (575, '2024-01-15T14:00', 144, 24, 56, 'Progressing with exercises, pain decreasing gradually.'); --#8I5F5, 4
INSERT INTO appointment (id, date_time, employee_id, patient_id, therapy_id, session_notes) VALUES (576, '2024-01-18T14:00', 142, 24, 56, 'Notable improvement in strength, daily activities easier to perform.'); --#8I5F5, 4
INSERT INTO appointment (id, date_time, employee_id, patient_id, therapy_id, session_notes) VALUES (577, '2024-01-19T14:00', 126, 24, 56, 'Continued reduction in pain, especially during wrist movements.'); --#8I5F5, 4
INSERT INTO appointment (id, date_time, employee_id, patient_id, therapy_id, session_notes) VALUES (578, '2024-01-22T14:00', 145, 24, 56, 'Patient able to lift heavier objects with less discomfort.'); --#8I5F5, 4
INSERT INTO appointment (id, date_time, employee_id, patient_id, therapy_id, session_notes) VALUES (579, '2024-01-25T14:00', 148, 24, 56, 'Significant gains in elbow function and strength.'); --#8I5F5, 4
INSERT INTO appointment (id, date_time, employee_id, patient_id, therapy_id, session_notes) VALUES (580, '2024-01-26T14:00', 143, 24, 56, 'Elbow nearly back to normal function, continue with preventive exercises.'); --#8I5F5, 4
INSERT INTO appointment (id, date_time, employee_id, patient_id, therapy_id, session_notes) VALUES (581, '2023-12-29T18:00', 130, 39, 57, 'Started with gentle hip mobilization exercises.'); --#2T8L4, 17
INSERT INTO appointment (id, date_time, employee_id, patient_id, therapy_id, session_notes) VALUES (582, '2024-01-01T18:00', 142, 39, 57, 'Patient reports reduced hip pain, improved mobility.'); --#2T8L4, 17
INSERT INTO appointment (id, date_time, employee_id, patient_id, therapy_id, session_notes) VALUES (583, '2024-01-03T18:00', 135, 39, 57, 'Good progress, introduced hip strengthening exercises.'); --#2T8L4, 17
INSERT INTO appointment (id, date_time, employee_id, patient_id, therapy_id, session_notes) VALUES (584, '2024-01-08T18:00', 143, 39, 57, 'Notable improvement in hip function, pain reducing.'); --#2T8L4, 17
INSERT INTO appointment (id, date_time, employee_id, patient_id, therapy_id, session_notes) VALUES (585, '2024-01-11T18:00', 144, 39, 57, 'Patient able to walk and sit with less discomfort.'); --#2T8L4, 17
INSERT INTO appointment (id, date_time, employee_id, patient_id, therapy_id, session_notes) VALUES (586, '2024-01-15T18:00', 143, 39, 57, 'Continued improvement, focusing on flexibility and strength.'); --#2T8L4, 17
INSERT INTO appointment (id, date_time, employee_id, patient_id, therapy_id, session_notes) VALUES (587, '2024-01-17T18:00', 139, 39, 57, 'Significant reduction in hip pain and inflammation.'); --#2T8L4, 17
INSERT INTO appointment (id, date_time, employee_id, patient_id, therapy_id, session_notes) VALUES (588, '2024-01-18T18:00', 126, 39, 57, 'Hip mobility nearly back to normal, pain well managed.'); --#2T8L4, 17
INSERT INTO appointment (id, date_time, employee_id, patient_id, therapy_id, session_notes) VALUES (589, '2024-01-22T18:00', 132, 39, 57, 'Patient performing all exercises with ease, minimal discomfort.'); --#2T8L4, 17
INSERT INTO appointment (id, date_time, employee_id, patient_id, therapy_id, session_notes) VALUES (590, '2024-01-23T18:00', 146, 39, 57, 'Excellent recovery, advised on long-term hip care.'); --#2T8L4, 17
INSERT INTO appointment (id, date_time, employee_id, patient_id, therapy_id, session_notes) VALUES (591, '2024-01-15T15:00', 139, 80, 58, 'Assessment completed, started with isometric exercises.'); --#1V2V2, 3
INSERT INTO appointment (id, date_time, employee_id, patient_id, therapy_id, session_notes) VALUES (592, '2024-01-17T15:00', 137, 80, 58, 'Patient reports less pain when gripping, improvement in strength.'); --#1V2V2, 3
INSERT INTO appointment (id, date_time, employee_id, patient_id, therapy_id, session_notes) VALUES (593, '2024-01-18T15:00', 130, 80, 58, 'Good progress, introduced more dynamic exercises.'); --#1V2V2, 3
INSERT INTO appointment (id, date_time, employee_id, patient_id, therapy_id, session_notes) VALUES (594, '2024-01-22T15:00', 142, 80, 58, 'Significant reduction in pain, increased grip strength.'); --#1V2V2, 3
INSERT INTO appointment (id, date_time, employee_id, patient_id, therapy_id, session_notes) VALUES (595, '2024-01-24T15:00', 142, 80, 58, 'Patient performing daily tasks more easily.'); --#1V2V2, 3
INSERT INTO appointment (id, date_time, employee_id, patient_id, therapy_id, session_notes) VALUES (596, '2024-01-29T15:00', 140, 80, 58, 'Continued improvement, pain mostly during heavy lifting only.'); --#1V2V2, 3
INSERT INTO appointment (id, date_time, employee_id, patient_id, therapy_id, session_notes) VALUES (597, '2024-01-31T15:00', 135, 80, 58, 'Almost full recovery in function, minimal discomfort.'); --#1V2V2, 3
INSERT INTO appointment (id, date_time, employee_id, patient_id, therapy_id, session_notes) VALUES (598, '2024-02-01T15:00', 144, 80, 58, 'Patient has regained normal elbow function, advised on preventive measures.'); --#1V2V2, 3
INSERT INTO appointment (id, date_time, employee_id, patient_id, therapy_id, session_notes) VALUES (599, '2024-01-17T09:00', 147, 87, 59, 'Began with relaxation techniques and gentle stretching.'); --#6L2M9, 36
INSERT INTO appointment (id, date_time, employee_id, patient_id, therapy_id, session_notes) VALUES (600, '2024-01-22T09:00', 147, 87, 59, 'Patient reports reduced muscle spasms and tension.'); --#6L2M9, 36
INSERT INTO appointment (id, date_time, employee_id, patient_id, therapy_id, session_notes) VALUES (601, '2024-01-24T09:00', 147, 87, 59, 'Good progress, focusing on stress reduction and muscle relaxation.'); --#6L2M9, 36
INSERT INTO appointment (id, date_time, employee_id, patient_id, therapy_id, session_notes) VALUES (602, '2024-01-26T09:00', 128, 87, 59, 'Notable improvement in managing muscle spasms, patient more comfortable.'); --#6L2M9, 36
INSERT INTO appointment (id, date_time, employee_id, patient_id, therapy_id, session_notes) VALUES (603, '2024-01-29T09:00', 147, 87, 59, 'Patient able to engage in activities with less muscle tension.'); --#6L2M9, 36
INSERT INTO appointment (id, date_time, employee_id, patient_id, therapy_id, session_notes) VALUES (604, '2024-02-01T09:00', 128, 87, 59, 'Significant improvement in quality of life, muscle spasms well managed.'); --#6L2M9, 36
INSERT INTO appointment (id, date_time, employee_id, patient_id, therapy_id, session_notes) VALUES (605, '2024-01-12T10:00', 136, 29, 60, 'Began with basic motor skill exercises, patient showing initial progress.'); --#9P3R1, 29
INSERT INTO appointment (id, date_time, employee_id, patient_id, therapy_id, session_notes) VALUES (606, '2024-01-15T10:00', 127, 29, 60, 'Slight improvement in limb coordination and strength.'); --#9P3R1, 29
INSERT INTO appointment (id, date_time, employee_id, patient_id, therapy_id, session_notes) VALUES (607, '2024-01-17T10:00', 127, 29, 60, 'Patient demonstrates increased ability in daily tasks.'); --#9P3R1, 29
INSERT INTO appointment (id, date_time, employee_id, patient_id, therapy_id, session_notes) VALUES (608, '2024-01-18T10:00', 127, 29, 60, 'Good progress in regaining motor control, focusing on balance.'); --#9P3R1, 29
INSERT INTO appointment (id, date_time, employee_id, patient_id, therapy_id, session_notes) VALUES (609, '2024-01-22T10:00', 136, 29, 60, 'Notable gains in speech and cognitive functions.'); --#9P3R1, 29
INSERT INTO appointment (id, date_time, employee_id, patient_id, therapy_id, session_notes) VALUES (610, '2024-01-25T10:00', 136, 29, 60, 'Continued improvement in walking and movement coordination.'); --#9P3R1, 29
INSERT INTO appointment (id, date_time, employee_id, patient_id, therapy_id, session_notes) VALUES (611, '2024-01-29T10:00', 136, 29, 60, 'Significant progress in overall recovery from stroke.'); --#9P3R1, 29
INSERT INTO appointment (id, date_time, employee_id, patient_id, therapy_id, session_notes) VALUES (612, '2024-01-30T10:00', 136, 29, 60, 'Patient able to perform more complex tasks with less difficulty.'); --#9P3R1, 29
INSERT INTO appointment (id, date_time, employee_id, patient_id, therapy_id, session_notes) VALUES (613, '2024-02-02T10:00', 136, 29, 60, 'Further gains in independence, improved quality of life.'); --#9P3R1, 29
INSERT INTO appointment (id, date_time, employee_id, patient_id, therapy_id, session_notes) VALUES (614, '2024-02-05T10:00', 136, 29, 60, 'Excellent adherence to therapy, notable improvement in speech clarity.'); --#9P3R1, 29
INSERT INTO appointment (id, date_time, employee_id, patient_id, therapy_id, session_notes) VALUES (615, '2024-02-06T10:00', 136, 29, 60, 'Continued progress, patient showing greater mobility and agility.'); --#9P3R1, 29
INSERT INTO appointment (id, date_time, employee_id, patient_id, therapy_id, session_notes) VALUES (616, '2024-02-09T10:00', 127, 29, 60, 'Significant improvement in cognitive functions, better problem-solving skills.'); --#9P3R1, 29
INSERT INTO appointment (id, date_time, employee_id, patient_id, therapy_id, session_notes) VALUES (617, '2024-02-12T10:00', 136, 29, 60, 'Patient more confident in performing daily activities independently.'); --#9P3R1, 29
INSERT INTO appointment (id, date_time, employee_id, patient_id, therapy_id, session_notes) VALUES (618, '2024-02-15T10:00', 127, 29, 60, 'Continued gains in fine motor skills, hand-eye coordination improved.'); --#9P3R1, 29
INSERT INTO appointment (id, date_time, employee_id, patient_id, therapy_id, session_notes) VALUES (619, '2024-02-16T10:00', 127, 29, 60, 'Significant strides in stroke recovery, patient more active and engaged.'); --#9P3R1, 29
INSERT INTO appointment (id, date_time, employee_id, patient_id, therapy_id, session_notes) VALUES (620, '2024-02-19T10:00', 136, 29, 60, 'Excellent progress, patient regaining more normalcy in life.'); --#9P3R1, 29
INSERT INTO appointment (id, date_time, employee_id, patient_id, therapy_id, session_notes) VALUES (621, '2024-02-20T10:00', 127, 29, 60, 'Focus now on refining skills and maximizing independence.'); --#9P3R1, 29
INSERT INTO appointment (id, date_time, employee_id, patient_id, therapy_id, session_notes) VALUES (622, '2024-02-23T10:00', 127, 29, 60, 'Patient''s recovery well ahead of expectations, near-complete functional restoration.'); --#9P3R1, 29
INSERT INTO appointment (id, date_time, employee_id, patient_id, therapy_id, session_notes) VALUES (623, '2024-02-26T10:00', 127, 29, 60, 'Continued therapy focusing on long-term maintenance and health.'); --#9P3R1, 29
INSERT INTO appointment (id, date_time, employee_id, patient_id, therapy_id, session_notes) VALUES (624, '2024-02-28T10:00', 127, 29, 60, 'Full recovery from stroke effects, patient advised on preventive measures and lifestyle adjustments.'); --#9P3R1, 29
INSERT INTO appointment (id, date_time, employee_id, patient_id, therapy_id, session_notes) VALUES (625, '2024-01-01T18:00', 145, 18, 61, 'Began with basic knee mobilization, patient tolerating well.'); --#6F2G1, 13
INSERT INTO appointment (id, date_time, employee_id, patient_id, therapy_id, session_notes) VALUES (626, '2024-01-02T18:00', 135, 18, 61, 'Slight improvement in knee movement, pain management effective.'); --#6F2G1, 13
INSERT INTO appointment (id, date_time, employee_id, patient_id, therapy_id, session_notes) VALUES (627, '2024-01-03T18:00', 126, 18, 61, 'Patient shows progress in strength, introduced more dynamic exercises.'); --#6F2G1, 13
INSERT INTO appointment (id, date_time, employee_id, patient_id, therapy_id, session_notes) VALUES (628, '2024-01-04T18:00', 144, 18, 61, 'Notable improvement in knee function, reduced discomfort.'); --#6F2G1, 13
INSERT INTO appointment (id, date_time, employee_id, patient_id, therapy_id, session_notes) VALUES (629, '2024-01-05T18:00', 145, 18, 61, 'Patient able to perform daily activities with less pain.'); --#6F2G1, 13
INSERT INTO appointment (id, date_time, employee_id, patient_id, therapy_id, session_notes) VALUES (630, '2024-01-08T18:00', 146, 18, 61, 'Continued progress, focusing on knee stability.'); --#6F2G1, 13
INSERT INTO appointment (id, date_time, employee_id, patient_id, therapy_id, session_notes) VALUES (631, '2024-01-09T18:00', 140, 18, 61, 'Significant gains in knee mobility and strength.'); --#6F2G1, 13
INSERT INTO appointment (id, date_time, employee_id, patient_id, therapy_id, session_notes) VALUES (632, '2024-01-11T18:00', 132, 18, 61, 'Knee function nearly back to normal, continue with strengthening exercises.'); --#6F2G1, 13
INSERT INTO appointment (id, date_time, employee_id, patient_id, therapy_id, session_notes) VALUES (633, '2024-01-16T16:00', 127, 15, 62, 'Initiated post-operative exercises, patient tolerating well.'); --#3J6K2, 28
INSERT INTO appointment (id, date_time, employee_id, patient_id, therapy_id, session_notes) VALUES (634, '2024-01-19T16:00', 127, 15, 62, 'Patient shows early signs of recovery, improved mobility.'); --#3J6K2, 28
INSERT INTO appointment (id, date_time, employee_id, patient_id, therapy_id, session_notes) VALUES (635, '2024-01-22T16:00', 127, 15, 62, 'Good progress, focusing on regaining strength in affected area.'); --#3J6K2, 28
INSERT INTO appointment (id, date_time, employee_id, patient_id, therapy_id, session_notes) VALUES (636, '2024-01-25T16:00', 136, 15, 62, 'Notable improvement in surgical recovery, reduced pain.'); --#3J6K2, 28
INSERT INTO appointment (id, date_time, employee_id, patient_id, therapy_id, session_notes) VALUES (637, '2024-01-26T16:00', 136, 15, 62, 'Patient able to engage in light activities with less discomfort.'); --#3J6K2, 28
INSERT INTO appointment (id, date_time, employee_id, patient_id, therapy_id, session_notes) VALUES (638, '2024-01-29T16:00', 127, 15, 62, 'Continued gains in function, focusing on range of motion.'); --#3J6K2, 28
INSERT INTO appointment (id, date_time, employee_id, patient_id, therapy_id, session_notes) VALUES (639, '2024-02-01T16:00', 127, 15, 62, 'Significant improvement in post-operative recovery.'); --#3J6K2, 28
INSERT INTO appointment (id, date_time, employee_id, patient_id, therapy_id, session_notes) VALUES (640, '2024-02-05T16:00', 127, 15, 62, 'Patient performing more dynamic activities comfortably.'); --#3J6K2, 28
INSERT INTO appointment (id, date_time, employee_id, patient_id, therapy_id, session_notes) VALUES (641, '2024-02-08T16:00', 136, 15, 62, 'Continued progress, excellent adherence to rehabilitation plan.'); --#3J6K2, 28
INSERT INTO appointment (id, date_time, employee_id, patient_id, therapy_id, session_notes) VALUES (642, '2024-02-12T16:00', 136, 15, 62, 'Near-complete recovery, focusing on functional movements.'); --#3J6K2, 28
INSERT INTO appointment (id, date_time, employee_id, patient_id, therapy_id, session_notes) VALUES (643, '2024-02-15T16:00', 127, 15, 62, 'Patient shows great resilience, almost fully recovered.'); --#3J6K2, 28
INSERT INTO appointment (id, date_time, employee_id, patient_id, therapy_id, session_notes) VALUES (644, '2024-02-16T16:00', 127, 15, 62, 'Full recovery from surgery, patient advised on long-term care and maintenance.'); --#3J6K2, 28
INSERT INTO appointment (id, date_time, employee_id, patient_id, therapy_id, session_notes) VALUES (645, '2023-12-21T10:00', 148, 32, 63, 'Began therapy with gentle calf and shin stretching.'); --#7P3Y5, 15
INSERT INTO appointment (id, date_time, employee_id, patient_id, therapy_id, session_notes) VALUES (646, '2023-12-25T10:00', 143, 32, 63, 'Patient reports less shin pain during walking, good progress.'); --#7P3Y5, 15
INSERT INTO appointment (id, date_time, employee_id, patient_id, therapy_id, session_notes) VALUES (647, '2023-12-27T10:00', 132, 32, 63, 'Continued improvement, focusing on strengthening lower leg muscles.'); --#7P3Y5, 15
INSERT INTO appointment (id, date_time, employee_id, patient_id, therapy_id, session_notes) VALUES (648, '2023-12-29T10:00', 148, 32, 63, 'Notable reduction in discomfort, introduced impact control exercises.'); --#7P3Y5, 15
INSERT INTO appointment (id, date_time, employee_id, patient_id, therapy_id, session_notes) VALUES (649, '2024-01-01T10:00', 142, 32, 63, 'Patient able to engage in light jogging with minimal pain.'); --#7P3Y5, 15
INSERT INTO appointment (id, date_time, employee_id, patient_id, therapy_id, session_notes) VALUES (650, '2024-01-04T10:00', 145, 32, 63, 'Excellent recovery, advised on proper footwear and running techniques.'); --#7P3Y5, 15
INSERT INTO appointment (id, date_time, employee_id, patient_id, therapy_id, session_notes) VALUES (651, '2024-01-08T10:00', 126, 22, 64, 'Assessment completed, initiated posture correction exercises.'); --#8K1H7, 25
INSERT INTO appointment (id, date_time, employee_id, patient_id, therapy_id, session_notes) VALUES (652, '2024-01-09T10:00', 139, 22, 64, 'Patient shows early signs of improved posture, reduced discomfort.'); --#8K1H7, 25
INSERT INTO appointment (id, date_time, employee_id, patient_id, therapy_id, session_notes) VALUES (653, '2024-01-12T10:00', 139, 22, 64, 'Good progress, focusing on strengthening core and back muscles.'); --#8K1H7, 25
INSERT INTO appointment (id, date_time, employee_id, patient_id, therapy_id, session_notes) VALUES (654, '2024-01-15T10:00', 130, 22, 64, 'Notable improvement in posture, reduced neck and back strain.'); --#8K1H7, 25
INSERT INTO appointment (id, date_time, employee_id, patient_id, therapy_id, session_notes) VALUES (655, '2024-01-18T10:00', 132, 22, 64, 'Patient more aware of proper posture, continuing with exercises.'); --#8K1H7, 25
INSERT INTO appointment (id, date_time, employee_id, patient_id, therapy_id, session_notes) VALUES (656, '2024-01-22T10:00', 139, 22, 64, 'Continued improvement, significant reduction in pain and tension.'); --#8K1H7, 25
INSERT INTO appointment (id, date_time, employee_id, patient_id, therapy_id, session_notes) VALUES (657, '2024-01-25T10:00', 146, 22, 64, 'Excellent progress, patient demonstrates much improved posture.'); --#8K1H7, 25
INSERT INTO appointment (id, date_time, employee_id, patient_id, therapy_id, session_notes) VALUES (658, '2024-01-12T12:00', 143, 10, 65, 'Initial assessment completed, started with stretching and foam rolling.'); --#8L2Q4, 14
INSERT INTO appointment (id, date_time, employee_id, patient_id, therapy_id, session_notes) VALUES (659, '2024-01-15T12:00', 143, 10, 65, 'Patient reports reduced hip and knee pain, improvement in mobility.'); --#8L2Q4, 14
INSERT INTO appointment (id, date_time, employee_id, patient_id, therapy_id, session_notes) VALUES (660, '2024-01-18T12:00', 130, 10, 65, 'Good progress, introduced strengthening exercises for hip muscles.'); --#8L2Q4, 14
INSERT INTO appointment (id, date_time, employee_id, patient_id, therapy_id, session_notes) VALUES (661, '2024-01-22T12:00', 140, 10, 65, 'Notable reduction in pain, increased exercise intensity.'); --#8L2Q4, 14
INSERT INTO appointment (id, date_time, employee_id, patient_id, therapy_id, session_notes) VALUES (662, '2024-01-23T12:00', 130, 10, 65, 'Patient performing daily activities more comfortably.'); --#8L2Q4, 14
INSERT INTO appointment (id, date_time, employee_id, patient_id, therapy_id, session_notes) VALUES (663, '2024-01-24T12:00', 143, 10, 65, 'Continued improvement, focusing on flexibility and strength.'); --#8L2Q4, 14
INSERT INTO appointment (id, date_time, employee_id, patient_id, therapy_id, session_notes) VALUES (664, '2024-01-29T12:00', 140, 10, 65, 'Significant gains in hip and knee function.'); --#8L2Q4, 14
INSERT INTO appointment (id, date_time, employee_id, patient_id, therapy_id, session_notes) VALUES (665, '2024-02-01T12:00', 140, 10, 65, 'Symptoms greatly reduced, advised on long-term care and prevention.'); --#8L2Q4, 14
INSERT INTO appointment (id, date_time, employee_id, patient_id, therapy_id, session_notes) VALUES (666, '2024-01-09T19:00', 136, 78, 66, 'Began with basic motor skill exercises, patient showing initial progress.'); --#9P3R1, 29
INSERT INTO appointment (id, date_time, employee_id, patient_id, therapy_id, session_notes) VALUES (667, '2024-01-12T19:00', 127, 78, 66, 'Slight improvement in limb coordination and strength.'); --#9P3R1, 29
INSERT INTO appointment (id, date_time, employee_id, patient_id, therapy_id, session_notes) VALUES (668, '2024-01-15T19:00', 127, 78, 66, 'Patient demonstrates increased ability in daily tasks.'); --#9P3R1, 29
INSERT INTO appointment (id, date_time, employee_id, patient_id, therapy_id, session_notes) VALUES (669, '2024-01-16T19:00', 127, 78, 66, 'Good progress in regaining motor control, focusing on balance.'); --#9P3R1, 29
INSERT INTO appointment (id, date_time, employee_id, patient_id, therapy_id, session_notes) VALUES (670, '2024-01-18T19:00', 127, 78, 66, 'Notable gains in speech and cognitive functions.'); --#9P3R1, 29
INSERT INTO appointment (id, date_time, employee_id, patient_id, therapy_id, session_notes) VALUES (671, '2024-01-22T19:00', 127, 78, 66, 'Continued improvement in walking and movement coordination.'); --#9P3R1, 29
INSERT INTO appointment (id, date_time, employee_id, patient_id, therapy_id, session_notes) VALUES (672, '2024-01-24T19:00', 127, 78, 66, 'Significant progress in overall recovery from stroke.'); --#9P3R1, 29
INSERT INTO appointment (id, date_time, employee_id, patient_id, therapy_id, session_notes) VALUES (673, '2024-01-26T19:00', 127, 78, 66, 'Patient able to perform more complex tasks with less difficulty.'); --#9P3R1, 29
INSERT INTO appointment (id, date_time, employee_id, patient_id, therapy_id, session_notes) VALUES (674, '2024-01-29T19:00', 127, 78, 66, 'Further gains in independence, improved quality of life.'); --#9P3R1, 29
INSERT INTO appointment (id, date_time, employee_id, patient_id, therapy_id, session_notes) VALUES (675, '2024-01-31T19:00', 127, 78, 66, 'Excellent adherence to therapy, notable improvement in speech clarity.'); --#9P3R1, 29
INSERT INTO appointment (id, date_time, employee_id, patient_id, therapy_id, session_notes) VALUES (676, '2024-02-01T19:00', 136, 78, 66, 'Continued progress, patient showing greater mobility and agility.'); --#9P3R1, 29
INSERT INTO appointment (id, date_time, employee_id, patient_id, therapy_id, session_notes) VALUES (677, '2024-02-05T19:00', 127, 78, 66, 'Significant improvement in cognitive functions, better problem-solving skills.'); --#9P3R1, 29
INSERT INTO appointment (id, date_time, employee_id, patient_id, therapy_id, session_notes) VALUES (678, '2024-02-07T19:00', 127, 78, 66, 'Patient more confident in performing daily activities independently.'); --#9P3R1, 29
INSERT INTO appointment (id, date_time, employee_id, patient_id, therapy_id, session_notes) VALUES (679, '2024-02-08T19:00', 127, 78, 66, 'Continued gains in fine motor skills, hand-eye coordination improved.'); --#9P3R1, 29
INSERT INTO appointment (id, date_time, employee_id, patient_id, therapy_id, session_notes) VALUES (680, '2024-02-12T19:00', 136, 78, 66, 'Significant strides in stroke recovery, patient more active and engaged.'); --#9P3R1, 29
INSERT INTO appointment (id, date_time, employee_id, patient_id, therapy_id, session_notes) VALUES (681, '2024-02-15T19:00', 136, 78, 66, 'Excellent progress, patient regaining more normalcy in life.'); --#9P3R1, 29
INSERT INTO appointment (id, date_time, employee_id, patient_id, therapy_id, session_notes) VALUES (682, '2024-02-19T19:00', 136, 78, 66, 'Focus now on refining skills and maximizing independence.'); --#9P3R1, 29
INSERT INTO appointment (id, date_time, employee_id, patient_id, therapy_id, session_notes) VALUES (683, '2024-02-20T19:00', 136, 78, 66, 'Patient''s recovery well ahead of expectations, near-complete functional restoration.'); --#9P3R1, 29
INSERT INTO appointment (id, date_time, employee_id, patient_id, therapy_id, session_notes) VALUES (684, '2024-02-23T19:00', 136, 78, 66, 'Continued therapy focusing on long-term maintenance and health.'); --#9P3R1, 29
INSERT INTO appointment (id, date_time, employee_id, patient_id, therapy_id, session_notes) VALUES (685, '2024-02-26T19:00', 136, 78, 66, 'Full recovery from stroke effects, patient advised on preventive measures and lifestyle adjustments.'); --#9P3R1, 29
INSERT INTO appointment (id, date_time, employee_id, patient_id, therapy_id, session_notes) VALUES (686, '2024-01-11T13:00', 146, 5, 67, 'Assessment completed, initiated posture correction exercises.'); --#8K1H7, 25
INSERT INTO appointment (id, date_time, employee_id, patient_id, therapy_id, session_notes) VALUES (687, '2024-01-12T13:00', 142, 5, 67, 'Patient shows early signs of improved posture, reduced discomfort.'); --#8K1H7, 25
INSERT INTO appointment (id, date_time, employee_id, patient_id, therapy_id, session_notes) VALUES (688, '2024-01-15T13:00', 148, 5, 67, 'Good progress, focusing on strengthening core and back muscles.'); --#8K1H7, 25
INSERT INTO appointment (id, date_time, employee_id, patient_id, therapy_id, session_notes) VALUES (689, '2024-01-17T13:00', 141, 5, 67, 'Notable improvement in posture, reduced neck and back strain.'); --#8K1H7, 25
INSERT INTO appointment (id, date_time, employee_id, patient_id, therapy_id, session_notes) VALUES (690, '2024-01-22T13:00', 142, 5, 67, 'Patient more aware of proper posture, continuing with exercises.'); --#8K1H7, 25
INSERT INTO appointment (id, date_time, employee_id, patient_id, therapy_id, session_notes) VALUES (691, '2024-01-24T13:00', 141, 5, 67, 'Continued improvement, significant reduction in pain and tension.'); --#8K1H7, 25
INSERT INTO appointment (id, date_time, employee_id, patient_id, therapy_id, session_notes) VALUES (692, '2024-01-25T13:00', 146, 5, 67, 'Excellent progress, patient demonstrates much improved posture.'); --#8K1H7, 25
INSERT INTO appointment (id, date_time, employee_id, patient_id, therapy_id, session_notes) VALUES (693, '2024-01-05T19:00', 129, 7, 68, 'Began with gentle core and back strengthening exercises.'); --#4W3F2, 23
INSERT INTO appointment (id, date_time, employee_id, patient_id, therapy_id, session_notes) VALUES (694, '2024-01-08T19:00', 138, 7, 68, 'Patient reports reduced back pain, especially after prolonged sitting.'); --#4W3F2, 23
INSERT INTO appointment (id, date_time, employee_id, patient_id, therapy_id, session_notes) VALUES (695, '2024-01-11T19:00', 129, 7, 68, 'Good progress, increased exercise intensity for back strength.'); --#4W3F2, 23
INSERT INTO appointment (id, date_time, employee_id, patient_id, therapy_id, session_notes) VALUES (696, '2024-01-15T19:00', 134, 7, 68, 'Notable improvement in pain management and flexibility.'); --#4W3F2, 23
INSERT INTO appointment (id, date_time, employee_id, patient_id, therapy_id, session_notes) VALUES (697, '2024-01-17T19:00', 129, 7, 68, 'Patient performing daily tasks with greater ease and less discomfort.'); --#4W3F2, 23
INSERT INTO appointment (id, date_time, employee_id, patient_id, therapy_id, session_notes) VALUES (698, '2024-01-22T19:00', 131, 7, 68, 'Continued gains in back function, focusing on posture correction.'); --#4W3F2, 23
INSERT INTO appointment (id, date_time, employee_id, patient_id, therapy_id, session_notes) VALUES (699, '2024-01-24T19:00', 131, 7, 68, 'Significant reduction in chronic pain, improved spinal health.'); --#4W3F2, 23
INSERT INTO appointment (id, date_time, employee_id, patient_id, therapy_id, session_notes) VALUES (700, '2024-01-29T19:00', 134, 7, 68, 'Patient reports increased overall mobility and quality of life.'); --#4W3F2, 23
INSERT INTO appointment (id, date_time, employee_id, patient_id, therapy_id, session_notes) VALUES (701, '2024-02-01T19:00', 131, 7, 68, 'Continued improvement, back pain well managed.'); --#4W3F2, 23
INSERT INTO appointment (id, date_time, employee_id, patient_id, therapy_id, session_notes) VALUES (702, '2024-02-02T19:00', 129, 7, 68, 'Excellent progress, advised on long-term strategies to manage back pain.'); --#4W3F2, 23
INSERT INTO appointment (id, date_time, employee_id, patient_id, therapy_id, session_notes) VALUES (703, '2024-01-01T17:00', 134, 93, 69, 'Initiated post-operative exercises, patient tolerating well.'); --#5I9K8, 35
INSERT INTO appointment (id, date_time, employee_id, patient_id, therapy_id, session_notes) VALUES (704, '2024-01-04T17:00', 134, 93, 69, 'Patient shows early signs of recovery, improved mobility.'); --#5I9K8, 35
INSERT INTO appointment (id, date_time, employee_id, patient_id, therapy_id, session_notes) VALUES (705, '2024-01-08T17:00', 131, 93, 69, 'Good progress, focusing on regaining strength in affected area.'); --#5I9K8, 35
INSERT INTO appointment (id, date_time, employee_id, patient_id, therapy_id, session_notes) VALUES (706, '2024-01-09T17:00', 134, 93, 69, 'Notable improvement in surgical recovery, reduced pain.'); --#5I9K8, 35
INSERT INTO appointment (id, date_time, employee_id, patient_id, therapy_id, session_notes) VALUES (707, '2024-01-12T17:00', 138, 93, 69, 'Patient able to engage in light activities with less discomfort.'); --#5I9K8, 35
INSERT INTO appointment (id, date_time, employee_id, patient_id, therapy_id, session_notes) VALUES (708, '2024-01-15T17:00', 129, 93, 69, 'Continued gains in function, focusing on range of motion.'); --#5I9K8, 35
INSERT INTO appointment (id, date_time, employee_id, patient_id, therapy_id, session_notes) VALUES (709, '2024-01-18T17:00', 138, 93, 69, 'Significant improvement in post-operative recovery.'); --#5I9K8, 35
INSERT INTO appointment (id, date_time, employee_id, patient_id, therapy_id, session_notes) VALUES (710, '2024-01-19T17:00', 129, 93, 69, 'Patient performing more dynamic activities comfortably.'); --#5I9K8, 35
INSERT INTO appointment (id, date_time, employee_id, patient_id, therapy_id, session_notes) VALUES (711, '2024-01-22T17:00', 138, 93, 69, 'Continued progress, excellent adherence to rehabilitation plan.'); --#5I9K8, 35
INSERT INTO appointment (id, date_time, employee_id, patient_id, therapy_id, session_notes) VALUES (712, '2024-01-24T17:00', 129, 93, 69, 'Near-complete recovery, focusing on functional movements.'); --#5I9K8, 35
INSERT INTO appointment (id, date_time, employee_id, patient_id, therapy_id, session_notes) VALUES (713, '2024-01-26T17:00', 131, 93, 69, 'Patient shows great resilience, almost fully recovered.'); --#5I9K8, 35
INSERT INTO appointment (id, date_time, employee_id, patient_id, therapy_id, session_notes) VALUES (714, '2024-01-29T17:00', 138, 93, 69, 'Full recovery from surgery, patient advised on long-term care and maintenance.'); --#5I9K8, 35
INSERT INTO appointment (id, date_time, employee_id, patient_id, therapy_id, session_notes) VALUES (715, '2023-12-25T12:00', 127, 21, 70, 'Began with basic motor skill exercises, patient showing initial progress.'); --#9P3R1, 29
INSERT INTO appointment (id, date_time, employee_id, patient_id, therapy_id, session_notes) VALUES (716, '2023-12-27T12:00', 127, 21, 70, 'Slight improvement in limb coordination and strength.'); --#9P3R1, 29
INSERT INTO appointment (id, date_time, employee_id, patient_id, therapy_id, session_notes) VALUES (717, '2024-01-01T12:00', 127, 21, 70, 'Patient demonstrates increased ability in daily tasks.'); --#9P3R1, 29
INSERT INTO appointment (id, date_time, employee_id, patient_id, therapy_id, session_notes) VALUES (718, '2024-01-03T12:00', 136, 21, 70, 'Good progress in regaining motor control, focusing on balance.'); --#9P3R1, 29
INSERT INTO appointment (id, date_time, employee_id, patient_id, therapy_id, session_notes) VALUES (719, '2024-01-08T12:00', 127, 21, 70, 'Notable gains in speech and cognitive functions.'); --#9P3R1, 29
INSERT INTO appointment (id, date_time, employee_id, patient_id, therapy_id, session_notes) VALUES (720, '2024-01-11T12:00', 136, 21, 70, 'Continued improvement in walking and movement coordination.'); --#9P3R1, 29
INSERT INTO appointment (id, date_time, employee_id, patient_id, therapy_id, session_notes) VALUES (721, '2024-01-12T12:00', 127, 21, 70, 'Significant progress in overall recovery from stroke.'); --#9P3R1, 29
INSERT INTO appointment (id, date_time, employee_id, patient_id, therapy_id, session_notes) VALUES (722, '2024-01-15T12:00', 136, 21, 70, 'Patient able to perform more complex tasks with less difficulty.'); --#9P3R1, 29
INSERT INTO appointment (id, date_time, employee_id, patient_id, therapy_id, session_notes) VALUES (723, '2024-01-16T12:00', 127, 21, 70, 'Further gains in independence, improved quality of life.'); --#9P3R1, 29
INSERT INTO appointment (id, date_time, employee_id, patient_id, therapy_id, session_notes) VALUES (724, '2024-01-19T12:00', 136, 21, 70, 'Excellent adherence to therapy, notable improvement in speech clarity.'); --#9P3R1, 29
INSERT INTO appointment (id, date_time, employee_id, patient_id, therapy_id, session_notes) VALUES (725, '2024-01-22T12:00', 136, 21, 70, 'Continued progress, patient showing greater mobility and agility.'); --#9P3R1, 29
INSERT INTO appointment (id, date_time, employee_id, patient_id, therapy_id, session_notes) VALUES (726, '2024-01-25T12:00', 136, 21, 70, 'Significant improvement in cognitive functions, better problem-solving skills.'); --#9P3R1, 29
INSERT INTO appointment (id, date_time, employee_id, patient_id, therapy_id, session_notes) VALUES (727, '2024-01-26T12:00', 136, 21, 70, 'Patient more confident in performing daily activities independently.'); --#9P3R1, 29
INSERT INTO appointment (id, date_time, employee_id, patient_id, therapy_id, session_notes) VALUES (728, '2024-01-29T12:00', 127, 21, 70, 'Continued gains in fine motor skills, hand-eye coordination improved.'); --#9P3R1, 29
INSERT INTO appointment (id, date_time, employee_id, patient_id, therapy_id, session_notes) VALUES (729, '2024-01-31T12:00', 127, 21, 70, 'Significant strides in stroke recovery, patient more active and engaged.'); --#9P3R1, 29
INSERT INTO appointment (id, date_time, employee_id, patient_id, therapy_id, session_notes) VALUES (730, '2024-02-02T12:00', 127, 21, 70, 'Excellent progress, patient regaining more normalcy in life.'); --#9P3R1, 29
INSERT INTO appointment (id, date_time, employee_id, patient_id, therapy_id, session_notes) VALUES (731, '2024-02-05T12:00', 136, 21, 70, 'Focus now on refining skills and maximizing independence.'); --#9P3R1, 29
INSERT INTO appointment (id, date_time, employee_id, patient_id, therapy_id, session_notes) VALUES (732, '2024-02-07T12:00', 136, 21, 70, 'Patient''s recovery well ahead of expectations, near-complete functional restoration.'); --#9P3R1, 29
INSERT INTO appointment (id, date_time, employee_id, patient_id, therapy_id, session_notes) VALUES (733, '2024-02-08T12:00', 136, 21, 70, 'Continued therapy focusing on long-term maintenance and health.'); --#9P3R1, 29
INSERT INTO appointment (id, date_time, employee_id, patient_id, therapy_id, session_notes) VALUES (734, '2024-02-09T12:00', 127, 21, 70, 'Full recovery from stroke effects, patient advised on preventive measures and lifestyle adjustments.'); --#9P3R1, 29
INSERT INTO appointment (id, date_time, employee_id, patient_id, therapy_id, session_notes) VALUES (735, '2023-12-21T19:00', 143, 20, 71, 'Initial assessment completed, started with stretching and foam rolling.'); --#8L2Q4, 14
INSERT INTO appointment (id, date_time, employee_id, patient_id, therapy_id, session_notes) VALUES (736, '2023-12-22T19:00', 137, 20, 71, 'Patient reports reduced hip and knee pain, improvement in mobility.'); --#8L2Q4, 14
INSERT INTO appointment (id, date_time, employee_id, patient_id, therapy_id, session_notes) VALUES (737, '2023-12-25T19:00', 146, 20, 71, 'Good progress, introduced strengthening exercises for hip muscles.'); --#8L2Q4, 14
INSERT INTO appointment (id, date_time, employee_id, patient_id, therapy_id, session_notes) VALUES (738, '2023-12-27T19:00', 145, 20, 71, 'Notable reduction in pain, increased exercise intensity.'); --#8L2Q4, 14
INSERT INTO appointment (id, date_time, employee_id, patient_id, therapy_id, session_notes) VALUES (739, '2024-01-01T19:00', 148, 20, 71, 'Patient performing daily activities more comfortably.'); --#8L2Q4, 14
INSERT INTO appointment (id, date_time, employee_id, patient_id, therapy_id, session_notes) VALUES (740, '2024-01-03T19:00', 132, 20, 71, 'Continued improvement, focusing on flexibility and strength.'); --#8L2Q4, 14
INSERT INTO appointment (id, date_time, employee_id, patient_id, therapy_id, session_notes) VALUES (741, '2024-01-05T19:00', 137, 20, 71, 'Significant gains in hip and knee function.'); --#8L2Q4, 14
INSERT INTO appointment (id, date_time, employee_id, patient_id, therapy_id, session_notes) VALUES (742, '2024-01-08T19:00', 126, 20, 71, 'Symptoms greatly reduced, advised on long-term care and prevention.'); --#8L2Q4, 14
INSERT INTO appointment (id, date_time, employee_id, patient_id, therapy_id, session_notes) VALUES (743, '2024-01-10T18:00', 130, 100, 72, 'Began with basic range of motion exercises, patient coping well.'); --#4C7X3, 5
INSERT INTO appointment (id, date_time, employee_id, patient_id, therapy_id, session_notes) VALUES (744, '2024-01-12T18:00', 140, 100, 72, 'Slight improvement in arm movement, pain management effective.'); --#4C7X3, 5
INSERT INTO appointment (id, date_time, employee_id, patient_id, therapy_id, session_notes) VALUES (745, '2024-01-15T18:00', 144, 100, 72, 'Patient shows progress in strength, pain reducing.'); --#4C7X3, 5
INSERT INTO appointment (id, date_time, employee_id, patient_id, therapy_id, session_notes) VALUES (746, '2024-01-18T18:00', 139, 100, 72, 'Further gains in arm function, reduced discomfort.'); --#4C7X3, 5
INSERT INTO appointment (id, date_time, employee_id, patient_id, therapy_id, session_notes) VALUES (747, '2024-01-22T18:00', 126, 100, 72, 'Patient reports much less pain during daily activities.'); --#4C7X3, 5
INSERT INTO appointment (id, date_time, employee_id, patient_id, therapy_id, session_notes) VALUES (748, '2024-01-25T18:00', 145, 100, 72, 'Increased resistance in exercises, good tolerance.'); --#4C7X3, 5
INSERT INTO appointment (id, date_time, employee_id, patient_id, therapy_id, session_notes) VALUES (749, '2024-01-26T18:00', 135, 100, 72, 'Significant improvement in strength and mobility.'); --#4C7X3, 5
INSERT INTO appointment (id, date_time, employee_id, patient_id, therapy_id, session_notes) VALUES (750, '2024-01-29T18:00', 148, 100, 72, 'Patient performing all exercises with ease, minimal pain.'); --#4C7X3, 5
INSERT INTO appointment (id, date_time, employee_id, patient_id, therapy_id, session_notes) VALUES (751, '2024-02-01T18:00', 132, 100, 72, 'Biceps function greatly improved, focus on maintenance.'); --#4C7X3, 5
INSERT INTO appointment (id, date_time, employee_id, patient_id, therapy_id, session_notes) VALUES (752, '2024-02-02T18:00', 140, 100, 72, 'Excellent recovery, patient advised to continue with exercises at home.'); --#4C7X3, 5
INSERT INTO appointment (id, date_time, employee_id, patient_id, therapy_id, session_notes) VALUES (753, '2024-01-16T16:00', 127, 40, 73, 'Initiated muscle strengthening exercises, patient adapting well.'); --#2J6Z7, 30
INSERT INTO appointment (id, date_time, employee_id, patient_id, therapy_id, session_notes) VALUES (754, '2024-01-19T16:00', 127, 40, 73, 'Patient shows early signs of muscle tone improvement.'); --#2J6Z7, 30
INSERT INTO appointment (id, date_time, employee_id, patient_id, therapy_id, session_notes) VALUES (755, '2024-01-22T16:00', 127, 40, 73, 'Good progress, focusing on resistance training for muscle growth.'); --#2J6Z7, 30
INSERT INTO appointment (id, date_time, employee_id, patient_id, therapy_id, session_notes) VALUES (756, '2024-01-24T16:00', 136, 40, 73, 'Notable improvement in muscle strength, reduced atrophy signs.'); --#2J6Z7, 30
INSERT INTO appointment (id, date_time, employee_id, patient_id, therapy_id, session_notes) VALUES (757, '2024-01-25T16:00', 127, 40, 73, 'Patient able to perform exercises with increased resistance.'); --#2J6Z7, 30
INSERT INTO appointment (id, date_time, employee_id, patient_id, therapy_id, session_notes) VALUES (758, '2024-01-29T16:00', 136, 40, 73, 'Continued improvement in muscle mass and function.'); --#2J6Z7, 30
INSERT INTO appointment (id, date_time, employee_id, patient_id, therapy_id, session_notes) VALUES (759, '2024-02-01T16:00', 136, 40, 73, 'Significant gains in overall muscle tone and strength.'); --#2J6Z7, 30
INSERT INTO appointment (id, date_time, employee_id, patient_id, therapy_id, session_notes) VALUES (760, '2024-02-05T16:00', 127, 40, 73, 'Excellent progress in preventing muscle atrophy, patient advised on long-term fitness strategies.'); --#2J6Z7, 30
INSERT INTO appointment (id, date_time, employee_id, patient_id, therapy_id, session_notes) VALUES (761, '2023-12-22T19:00', 140, 74, 74, 'Began therapy with foot and calf stretching.'); --#6B5Q3, 19
INSERT INTO appointment (id, date_time, employee_id, patient_id, therapy_id, session_notes) VALUES (762, '2023-12-25T19:00', 143, 74, 74, 'Patient reports less heel pain, especially in the mornings.'); --#6B5Q3, 19
INSERT INTO appointment (id, date_time, employee_id, patient_id, therapy_id, session_notes) VALUES (763, '2023-12-26T19:00', 132, 74, 74, 'Good progress, introduced strengthening exercises for foot arch.'); --#6B5Q3, 19
INSERT INTO appointment (id, date_time, employee_id, patient_id, therapy_id, session_notes) VALUES (764, '2023-12-28T19:00', 148, 74, 74, 'Notable reduction in heel pain, arch support exercises effective.'); --#6B5Q3, 19
INSERT INTO appointment (id, date_time, employee_id, patient_id, therapy_id, session_notes) VALUES (765, '2024-01-01T19:00', 132, 74, 74, 'Patient performing daily activities with less discomfort.'); --#6B5Q3, 19
INSERT INTO appointment (id, date_time, employee_id, patient_id, therapy_id, session_notes) VALUES (766, '2024-01-04T19:00', 144, 74, 74, 'Continued improvement in foot function, focusing on flexibility.'); --#6B5Q3, 19
INSERT INTO appointment (id, date_time, employee_id, patient_id, therapy_id, session_notes) VALUES (767, '2024-01-05T19:00', 139, 74, 74, 'Significant gains in foot strength and mobility.'); --#6B5Q3, 19
INSERT INTO appointment (id, date_time, employee_id, patient_id, therapy_id, session_notes) VALUES (768, '2024-01-08T19:00', 146, 74, 74, 'Excellent recovery, patient advised to continue with supportive footwear.'); --#6B5Q3, 19
INSERT INTO appointment (id, date_time, employee_id, patient_id, therapy_id, session_notes) VALUES (769, '2024-01-04T08:00', 145, 91, 75, 'Initiated therapy with basic ankle mobilization.'); --#6W1E6, 18
INSERT INTO appointment (id, date_time, employee_id, patient_id, therapy_id, session_notes) VALUES (770, '2024-01-08T08:00', 142, 91, 75, 'Patient reports reduced swelling and pain, improvement in stability.'); --#6W1E6, 18
INSERT INTO appointment (id, date_time, employee_id, patient_id, therapy_id, session_notes) VALUES (771, '2024-01-09T08:00', 139, 91, 75, 'Good progress, introduced balance and proprioception exercises.'); --#6W1E6, 18
INSERT INTO appointment (id, date_time, employee_id, patient_id, therapy_id, session_notes) VALUES (772, '2024-01-11T08:00', 130, 91, 75, 'Notable gains in ankle strength and mobility.'); --#6W1E6, 18
INSERT INTO appointment (id, date_time, employee_id, patient_id, therapy_id, session_notes) VALUES (773, '2024-01-15T08:00', 143, 91, 75, 'Patient able to perform daily activities with less discomfort.'); --#6W1E6, 18
INSERT INTO appointment (id, date_time, employee_id, patient_id, therapy_id, session_notes) VALUES (774, '2024-01-16T08:00', 142, 91, 75, 'Continued improvement, focusing on dynamic movements.'); --#6W1E6, 18
INSERT INTO appointment (id, date_time, employee_id, patient_id, therapy_id, session_notes) VALUES (775, '2024-01-17T08:00', 148, 91, 75, 'Significant improvement in ankle function, pain well managed.'); --#6W1E6, 18
INSERT INTO appointment (id, date_time, employee_id, patient_id, therapy_id, session_notes) VALUES (776, '2024-01-18T08:00', 132, 91, 75, 'Ankle nearly back to pre-injury level, advised on preventive exercises.'); --#6W1E6, 18
INSERT INTO appointment (id, date_time, employee_id, patient_id, therapy_id, session_notes) VALUES (777, '2024-01-03T11:00', 147, 77, 76, 'Began with relaxation techniques and gentle stretching.'); --#6L2M9, 36
INSERT INTO appointment (id, date_time, employee_id, patient_id, therapy_id, session_notes) VALUES (778, '2024-01-05T11:00', 128, 77, 76, 'Patient reports reduced muscle spasms and tension.'); --#6L2M9, 36
INSERT INTO appointment (id, date_time, employee_id, patient_id, therapy_id, session_notes) VALUES (779, '2024-01-08T11:00', 147, 77, 76, 'Good progress, focusing on stress reduction and muscle relaxation.'); --#6L2M9, 36
INSERT INTO appointment (id, date_time, employee_id, patient_id, therapy_id, session_notes) VALUES (780, '2024-01-11T11:00', 147, 77, 76, 'Notable improvement in managing muscle spasms, patient more comfortable.'); --#6L2M9, 36
INSERT INTO appointment (id, date_time, employee_id, patient_id, therapy_id, session_notes) VALUES (781, '2024-01-15T11:00', 147, 77, 76, 'Patient able to engage in activities with less muscle tension.'); --#6L2M9, 36
INSERT INTO appointment (id, date_time, employee_id, patient_id, therapy_id, session_notes) VALUES (782, '2024-01-18T11:00', 147, 77, 76, 'Significant improvement in quality of life, muscle spasms well managed.'); --#6L2M9, 36
INSERT INTO appointment (id, date_time, employee_id, patient_id, therapy_id, session_notes) VALUES (783, '2023-12-18T11:00', 127, 70, 77, 'Began with basic motor skill exercises, patient showing initial progress.'); --#9P3R1, 29
INSERT INTO appointment (id, date_time, employee_id, patient_id, therapy_id, session_notes) VALUES (784, '2023-12-21T11:00', 136, 70, 77, 'Slight improvement in limb coordination and strength.'); --#9P3R1, 29
INSERT INTO appointment (id, date_time, employee_id, patient_id, therapy_id, session_notes) VALUES (785, '2023-12-25T11:00', 127, 70, 77, 'Patient demonstrates increased ability in daily tasks.'); --#9P3R1, 29
INSERT INTO appointment (id, date_time, employee_id, patient_id, therapy_id, session_notes) VALUES (786, '2023-12-26T11:00', 136, 70, 77, 'Good progress in regaining motor control, focusing on balance.'); --#9P3R1, 29
INSERT INTO appointment (id, date_time, employee_id, patient_id, therapy_id, session_notes) VALUES (787, '2023-12-28T11:00', 136, 70, 77, 'Notable gains in speech and cognitive functions.'); --#9P3R1, 29
INSERT INTO appointment (id, date_time, employee_id, patient_id, therapy_id, session_notes) VALUES (788, '2024-01-01T11:00', 136, 70, 77, 'Continued improvement in walking and movement coordination.'); --#9P3R1, 29
INSERT INTO appointment (id, date_time, employee_id, patient_id, therapy_id, session_notes) VALUES (789, '2024-01-04T11:00', 127, 70, 77, 'Significant progress in overall recovery from stroke.'); --#9P3R1, 29
INSERT INTO appointment (id, date_time, employee_id, patient_id, therapy_id, session_notes) VALUES (790, '2024-01-05T11:00', 127, 70, 77, 'Patient able to perform more complex tasks with less difficulty.'); --#9P3R1, 29
INSERT INTO appointment (id, date_time, employee_id, patient_id, therapy_id, session_notes) VALUES (791, '2024-01-08T11:00', 136, 70, 77, 'Further gains in independence, improved quality of life.'); --#9P3R1, 29
INSERT INTO appointment (id, date_time, employee_id, patient_id, therapy_id, session_notes) VALUES (792, '2024-01-09T11:00', 136, 70, 77, 'Excellent adherence to therapy, notable improvement in speech clarity.'); --#9P3R1, 29
INSERT INTO appointment (id, date_time, employee_id, patient_id, therapy_id, session_notes) VALUES (793, '2024-01-12T11:00', 127, 70, 77, 'Continued progress, patient showing greater mobility and agility.'); --#9P3R1, 29
INSERT INTO appointment (id, date_time, employee_id, patient_id, therapy_id, session_notes) VALUES (794, '2024-01-15T11:00', 136, 70, 77, 'Significant improvement in cognitive functions, better problem-solving skills.'); --#9P3R1, 29
INSERT INTO appointment (id, date_time, employee_id, patient_id, therapy_id, session_notes) VALUES (795, '2024-01-17T11:00', 136, 70, 77, 'Patient more confident in performing daily activities independently.'); --#9P3R1, 29
INSERT INTO appointment (id, date_time, employee_id, patient_id, therapy_id, session_notes) VALUES (796, '2024-01-19T11:00', 136, 70, 77, 'Continued gains in fine motor skills, hand-eye coordination improved.'); --#9P3R1, 29
INSERT INTO appointment (id, date_time, employee_id, patient_id, therapy_id, session_notes) VALUES (797, '2024-01-22T11:00', 136, 70, 77, 'Significant strides in stroke recovery, patient more active and engaged.'); --#9P3R1, 29
INSERT INTO appointment (id, date_time, employee_id, patient_id, therapy_id, session_notes) VALUES (798, '2024-01-24T11:00', 127, 70, 77, 'Excellent progress, patient regaining more normalcy in life.'); --#9P3R1, 29
INSERT INTO appointment (id, date_time, employee_id, patient_id, therapy_id, session_notes) VALUES (799, '2024-01-29T11:00', 136, 70, 77, 'Focus now on refining skills and maximizing independence.'); --#9P3R1, 29
INSERT INTO appointment (id, date_time, employee_id, patient_id, therapy_id, session_notes) VALUES (800, '2024-01-30T11:00', 127, 70, 77, 'Patient''s recovery well ahead of expectations, near-complete functional restoration.'); --#9P3R1, 29
INSERT INTO appointment (id, date_time, employee_id, patient_id, therapy_id, session_notes) VALUES (801, '2024-02-01T11:00', 127, 70, 77, 'Continued therapy focusing on long-term maintenance and health.'); --#9P3R1, 29
INSERT INTO appointment (id, date_time, employee_id, patient_id, therapy_id, session_notes) VALUES (802, '2024-02-05T11:00', 136, 70, 77, 'Full recovery from stroke effects, patient advised on preventive measures and lifestyle adjustments.'); --#9P3R1, 29
INSERT INTO appointment (id, date_time, employee_id, patient_id, therapy_id, session_notes) VALUES (803, '2024-01-05T17:00', 135, 51, 78, 'Began with basic knee mobilization, patient tolerating well.'); --#6F2G1, 13
INSERT INTO appointment (id, date_time, employee_id, patient_id, therapy_id, session_notes) VALUES (804, '2024-01-08T17:00', 142, 51, 78, 'Slight improvement in knee movement, pain management effective.'); --#6F2G1, 13
INSERT INTO appointment (id, date_time, employee_id, patient_id, therapy_id, session_notes) VALUES (805, '2024-01-09T17:00', 145, 51, 78, 'Patient shows progress in strength, introduced more dynamic exercises.'); --#6F2G1, 13
INSERT INTO appointment (id, date_time, employee_id, patient_id, therapy_id, session_notes) VALUES (806, '2024-01-10T17:00', 132, 51, 78, 'Notable improvement in knee function, reduced discomfort.'); --#6F2G1, 13
INSERT INTO appointment (id, date_time, employee_id, patient_id, therapy_id, session_notes) VALUES (807, '2024-01-12T17:00', 140, 51, 78, 'Patient able to perform daily activities with less pain.'); --#6F2G1, 13
INSERT INTO appointment (id, date_time, employee_id, patient_id, therapy_id, session_notes) VALUES (808, '2024-01-15T17:00', 140, 51, 78, 'Continued progress, focusing on knee stability.'); --#6F2G1, 13
INSERT INTO appointment (id, date_time, employee_id, patient_id, therapy_id, session_notes) VALUES (809, '2024-01-17T17:00', 137, 51, 78, 'Significant gains in knee mobility and strength.'); --#6F2G1, 13
INSERT INTO appointment (id, date_time, employee_id, patient_id, therapy_id, session_notes) VALUES (810, '2024-01-22T17:00', 140, 51, 78, 'Knee function nearly back to normal, continue with strengthening exercises.'); --#6F2G1, 13
INSERT INTO appointment (id, date_time, employee_id, patient_id, therapy_id, session_notes) VALUES (811, '2023-12-25T15:00', 130, 30, 79, 'Started with gentle hip mobilization exercises.'); --#2T8L4, 17
INSERT INTO appointment (id, date_time, employee_id, patient_id, therapy_id, session_notes) VALUES (812, '2023-12-28T15:00', 126, 30, 79, 'Patient reports reduced hip pain, improved mobility.'); --#2T8L4, 17
INSERT INTO appointment (id, date_time, employee_id, patient_id, therapy_id, session_notes) VALUES (813, '2024-01-01T15:00', 141, 30, 79, 'Good progress, introduced hip strengthening exercises.'); --#2T8L4, 17
INSERT INTO appointment (id, date_time, employee_id, patient_id, therapy_id, session_notes) VALUES (814, '2024-01-04T15:00', 140, 30, 79, 'Notable improvement in hip function, pain reducing.'); --#2T8L4, 17
INSERT INTO appointment (id, date_time, employee_id, patient_id, therapy_id, session_notes) VALUES (815, '2024-01-08T15:00', 139, 30, 79, 'Patient able to walk and sit with less discomfort.'); --#2T8L4, 17
INSERT INTO appointment (id, date_time, employee_id, patient_id, therapy_id, session_notes) VALUES (816, '2024-01-10T15:00', 143, 30, 79, 'Continued improvement, focusing on flexibility and strength.'); --#2T8L4, 17
INSERT INTO appointment (id, date_time, employee_id, patient_id, therapy_id, session_notes) VALUES (817, '2024-01-12T15:00', 148, 30, 79, 'Significant reduction in hip pain and inflammation.'); --#2T8L4, 17
INSERT INTO appointment (id, date_time, employee_id, patient_id, therapy_id, session_notes) VALUES (818, '2024-01-15T15:00', 130, 30, 79, 'Hip mobility nearly back to normal, pain well managed.'); --#2T8L4, 17
INSERT INTO appointment (id, date_time, employee_id, patient_id, therapy_id, session_notes) VALUES (819, '2024-01-16T15:00', 141, 30, 79, 'Patient performing all exercises with ease, minimal discomfort.'); --#2T8L4, 17
INSERT INTO appointment (id, date_time, employee_id, patient_id, therapy_id, session_notes) VALUES (820, '2024-01-18T15:00', 139, 30, 79, 'Excellent recovery, advised on long-term hip care.'); --#2T8L4, 17
INSERT INTO appointment (id, date_time, employee_id, patient_id, therapy_id, session_notes) VALUES (821, '2024-01-03T18:00', 144, 67, 80, 'Initiated therapy focusing on sciatic nerve relief.'); --#9P1H4, 22
INSERT INTO appointment (id, date_time, employee_id, patient_id, therapy_id, session_notes) VALUES (822, '2024-01-08T18:00', 135, 67, 80, 'Patient reports less leg pain and improved comfort while sitting.'); --#9P1H4, 22
INSERT INTO appointment (id, date_time, employee_id, patient_id, therapy_id, session_notes) VALUES (823, '2024-01-11T18:00', 143, 67, 80, 'Good progress, introduced back and hip stretching.'); --#9P1H4, 22
INSERT INTO appointment (id, date_time, employee_id, patient_id, therapy_id, session_notes) VALUES (824, '2024-01-15T18:00', 143, 67, 80, 'Notable reduction in sciatic pain, improved mobility.'); --#9P1H4, 22
INSERT INTO appointment (id, date_time, employee_id, patient_id, therapy_id, session_notes) VALUES (825, '2024-01-17T18:00', 126, 67, 80, 'Patient able to walk and sit for longer periods with less discomfort.'); --#9P1H4, 22
INSERT INTO appointment (id, date_time, employee_id, patient_id, therapy_id, session_notes) VALUES (826, '2024-01-22T18:00', 146, 67, 80, 'Continued improvement, focusing on back and hip strength.'); --#9P1H4, 22
INSERT INTO appointment (id, date_time, employee_id, patient_id, therapy_id, session_notes) VALUES (827, '2024-01-24T18:00', 143, 67, 80, 'Significant relief from sciatica symptoms, patient advised on long-term care.'); --#9P1H4, 22
INSERT INTO appointment (id, date_time, employee_id, patient_id, therapy_id, session_notes) VALUES (828, '2023-12-15T19:00', 144, 23, 81, 'Began with basic knee mobilization, patient tolerating well.'); --#6F2G1, 13
INSERT INTO appointment (id, date_time, employee_id, patient_id, therapy_id, session_notes) VALUES (829, '2023-12-18T19:00', 130, 23, 81, 'Slight improvement in knee movement, pain management effective.'); --#6F2G1, 13
INSERT INTO appointment (id, date_time, employee_id, patient_id, therapy_id, session_notes) VALUES (830, '2023-12-20T19:00', 142, 23, 81, 'Patient shows progress in strength, introduced more dynamic exercises.'); --#6F2G1, 13
INSERT INTO appointment (id, date_time, employee_id, patient_id, therapy_id, session_notes) VALUES (831, '2023-12-22T19:00', 141, 23, 81, 'Notable improvement in knee function, reduced discomfort.'); --#6F2G1, 13
INSERT INTO appointment (id, date_time, employee_id, patient_id, therapy_id, session_notes) VALUES (832, '2023-12-25T19:00', 148, 23, 81, 'Patient able to perform daily activities with less pain.'); --#6F2G1, 13
INSERT INTO appointment (id, date_time, employee_id, patient_id, therapy_id, session_notes) VALUES (833, '2023-12-26T19:00', 146, 23, 81, 'Continued progress, focusing on knee stability.'); --#6F2G1, 13
INSERT INTO appointment (id, date_time, employee_id, patient_id, therapy_id, session_notes) VALUES (834, '2023-12-28T19:00', 132, 23, 81, 'Significant gains in knee mobility and strength.'); --#6F2G1, 13
INSERT INTO appointment (id, date_time, employee_id, patient_id, therapy_id, session_notes) VALUES (835, '2024-01-01T19:00', 143, 23, 81, 'Knee function nearly back to normal, continue with strengthening exercises.'); --#6F2G1, 13
INSERT INTO appointment (id, date_time, employee_id, patient_id, therapy_id, session_notes) VALUES (836, '2024-01-03T18:00', 144, 34, 82, 'Began therapy with foot and calf stretching.'); --#6B5Q3, 19
INSERT INTO appointment (id, date_time, employee_id, patient_id, therapy_id, session_notes) VALUES (837, '2024-01-08T18:00', 143, 34, 82, 'Patient reports less heel pain, especially in the mornings.'); --#6B5Q3, 19
INSERT INTO appointment (id, date_time, employee_id, patient_id, therapy_id, session_notes) VALUES (838, '2024-01-11T18:00', 144, 34, 82, 'Good progress, introduced strengthening exercises for foot arch.'); --#6B5Q3, 19
INSERT INTO appointment (id, date_time, employee_id, patient_id, therapy_id, session_notes) VALUES (839, '2024-01-12T18:00', 144, 34, 82, 'Notable reduction in heel pain, arch support exercises effective.'); --#6B5Q3, 19
INSERT INTO appointment (id, date_time, employee_id, patient_id, therapy_id, session_notes) VALUES (840, '2024-01-15T18:00', 143, 34, 82, 'Patient performing daily activities with less discomfort.'); --#6B5Q3, 19
INSERT INTO appointment (id, date_time, employee_id, patient_id, therapy_id, session_notes) VALUES (841, '2024-01-17T18:00', 148, 34, 82, 'Continued improvement in foot function, focusing on flexibility.'); --#6B5Q3, 19
INSERT INTO appointment (id, date_time, employee_id, patient_id, therapy_id, session_notes) VALUES (842, '2024-01-19T18:00', 141, 34, 82, 'Significant gains in foot strength and mobility.'); --#6B5Q3, 19
INSERT INTO appointment (id, date_time, employee_id, patient_id, therapy_id, session_notes) VALUES (843, '2024-01-22T18:00', 145, 34, 82, 'Excellent recovery, patient advised to continue with supportive footwear.'); --#6B5Q3, 19
INSERT INTO appointment (id, date_time, employee_id, patient_id, therapy_id, session_notes) VALUES (844, '2024-01-10T14:00', 146, 101, 83, 'Started with gentle hip mobilization exercises.'); --#2T8L4, 17
INSERT INTO appointment (id, date_time, employee_id, patient_id, therapy_id, session_notes) VALUES (845, '2024-01-12T14:00', 139, 101, 83, 'Patient reports reduced hip pain, improved mobility.'); --#2T8L4, 17
INSERT INTO appointment (id, date_time, employee_id, patient_id, therapy_id, session_notes) VALUES (846, '2024-01-15T14:00', 144, 101, 83, 'Good progress, introduced hip strengthening exercises.'); --#2T8L4, 17
INSERT INTO appointment (id, date_time, employee_id, patient_id, therapy_id, session_notes) VALUES (847, '2024-01-17T14:00', 135, 101, 83, 'Notable improvement in hip function, pain reducing.'); --#2T8L4, 17
INSERT INTO appointment (id, date_time, employee_id, patient_id, therapy_id, session_notes) VALUES (848, '2024-01-18T14:00', 145, 101, 83, 'Patient able to walk and sit with less discomfort.'); --#2T8L4, 17
INSERT INTO appointment (id, date_time, employee_id, patient_id, therapy_id, session_notes) VALUES (849, '2024-01-22T14:00', 143, 101, 83, 'Continued improvement, focusing on flexibility and strength.'); --#2T8L4, 17
INSERT INTO appointment (id, date_time, employee_id, patient_id, therapy_id, session_notes) VALUES (850, '2024-01-23T14:00', 140, 101, 83, 'Significant reduction in hip pain and inflammation.'); --#2T8L4, 17
INSERT INTO appointment (id, date_time, employee_id, patient_id, therapy_id, session_notes) VALUES (851, '2024-01-26T14:00', 142, 101, 83, 'Hip mobility nearly back to normal, pain well managed.'); --#2T8L4, 17
INSERT INTO appointment (id, date_time, employee_id, patient_id, therapy_id, session_notes) VALUES (852, '2024-01-29T14:00', 141, 101, 83, 'Patient performing all exercises with ease, minimal discomfort.'); --#2T8L4, 17
INSERT INTO appointment (id, date_time, employee_id, patient_id, therapy_id, session_notes) VALUES (853, '2024-02-01T14:00', 137, 101, 83, 'Excellent recovery, advised on long-term hip care.'); --#2T8L4, 17
INSERT INTO appointment (id, date_time, employee_id, patient_id, therapy_id, session_notes) VALUES (854, '2024-01-03T15:00', 136, 37, 84, 'Began with basic motor skill exercises, patient showing initial progress.'); --#9P3R1, 29
INSERT INTO appointment (id, date_time, employee_id, patient_id, therapy_id, session_notes) VALUES (855, '2024-01-05T15:00', 136, 37, 84, 'Slight improvement in limb coordination and strength.'); --#9P3R1, 29
INSERT INTO appointment (id, date_time, employee_id, patient_id, therapy_id, session_notes) VALUES (856, '2024-01-08T15:00', 127, 37, 84, 'Patient demonstrates increased ability in daily tasks.'); --#9P3R1, 29
INSERT INTO appointment (id, date_time, employee_id, patient_id, therapy_id, session_notes) VALUES (857, '2024-01-09T15:00', 127, 37, 84, 'Good progress in regaining motor control, focusing on balance.'); --#9P3R1, 29
INSERT INTO appointment (id, date_time, employee_id, patient_id, therapy_id, session_notes) VALUES (858, '2024-01-12T15:00', 136, 37, 84, 'Notable gains in speech and cognitive functions.'); --#9P3R1, 29
INSERT INTO appointment (id, date_time, employee_id, patient_id, therapy_id, session_notes) VALUES (859, '2024-01-15T15:00', 136, 37, 84, 'Continued improvement in walking and movement coordination.'); --#9P3R1, 29
INSERT INTO appointment (id, date_time, employee_id, patient_id, therapy_id, session_notes) VALUES (860, '2024-01-17T15:00', 127, 37, 84, 'Significant progress in overall recovery from stroke.'); --#9P3R1, 29
INSERT INTO appointment (id, date_time, employee_id, patient_id, therapy_id, session_notes) VALUES (861, '2024-01-19T15:00', 127, 37, 84, 'Patient able to perform more complex tasks with less difficulty.'); --#9P3R1, 29
INSERT INTO appointment (id, date_time, employee_id, patient_id, therapy_id, session_notes) VALUES (862, '2024-01-22T15:00', 136, 37, 84, 'Further gains in independence, improved quality of life.'); --#9P3R1, 29
INSERT INTO appointment (id, date_time, employee_id, patient_id, therapy_id, session_notes) VALUES (863, '2024-01-23T15:00', 136, 37, 84, 'Excellent adherence to therapy, notable improvement in speech clarity.'); --#9P3R1, 29
INSERT INTO appointment (id, date_time, employee_id, patient_id, therapy_id, session_notes) VALUES (864, '2024-01-26T15:00', 136, 37, 84, 'Continued progress, patient showing greater mobility and agility.'); --#9P3R1, 29
INSERT INTO appointment (id, date_time, employee_id, patient_id, therapy_id, session_notes) VALUES (865, '2024-01-29T15:00', 127, 37, 84, 'Significant improvement in cognitive functions, better problem-solving skills.'); --#9P3R1, 29
INSERT INTO appointment (id, date_time, employee_id, patient_id, therapy_id, session_notes) VALUES (866, '2024-01-31T15:00', 127, 37, 84, 'Patient more confident in performing daily activities independently.'); --#9P3R1, 29
INSERT INTO appointment (id, date_time, employee_id, patient_id, therapy_id, session_notes) VALUES (867, '2024-02-05T15:00', 127, 37, 84, 'Continued gains in fine motor skills, hand-eye coordination improved.'); --#9P3R1, 29
INSERT INTO appointment (id, date_time, employee_id, patient_id, therapy_id, session_notes) VALUES (868, '2024-02-07T15:00', 127, 37, 84, 'Significant strides in stroke recovery, patient more active and engaged.'); --#9P3R1, 29
INSERT INTO appointment (id, date_time, employee_id, patient_id, therapy_id, session_notes) VALUES (869, '2024-02-08T15:00', 136, 37, 84, 'Excellent progress, patient regaining more normalcy in life.'); --#9P3R1, 29
INSERT INTO appointment (id, date_time, employee_id, patient_id, therapy_id, session_notes) VALUES (870, '2024-02-12T15:00', 136, 37, 84, 'Focus now on refining skills and maximizing independence.'); --#9P3R1, 29
INSERT INTO appointment (id, date_time, employee_id, patient_id, therapy_id, session_notes) VALUES (871, '2024-02-14T15:00', 136, 37, 84, 'Patient''s recovery well ahead of expectations, near-complete functional restoration.'); --#9P3R1, 29
INSERT INTO appointment (id, date_time, employee_id, patient_id, therapy_id, session_notes) VALUES (872, '2024-02-15T15:00', 136, 37, 84, 'Continued therapy focusing on long-term maintenance and health.'); --#9P3R1, 29
INSERT INTO appointment (id, date_time, employee_id, patient_id, therapy_id, session_notes) VALUES (873, '2024-02-19T15:00', 127, 37, 84, 'Full recovery from stroke effects, patient advised on preventive measures and lifestyle adjustments.'); --#9P3R1, 29
INSERT INTO appointment (id, date_time, employee_id, patient_id, therapy_id, session_notes) VALUES (874, '2024-01-08T08:00', 145, 16, 85, 'Began with basic knee mobilization, patient tolerating well.'); --#6F2G1, 13
INSERT INTO appointment (id, date_time, employee_id, patient_id, therapy_id, session_notes) VALUES (875, '2024-01-11T08:00', 142, 16, 85, 'Slight improvement in knee movement, pain management effective.'); --#6F2G1, 13
INSERT INTO appointment (id, date_time, employee_id, patient_id, therapy_id, session_notes) VALUES (876, '2024-01-15T08:00', 135, 16, 85, 'Patient shows progress in strength, introduced more dynamic exercises.'); --#6F2G1, 13
INSERT INTO appointment (id, date_time, employee_id, patient_id, therapy_id, session_notes) VALUES (877, '2024-01-16T08:00', 141, 16, 85, 'Notable improvement in knee function, reduced discomfort.'); --#6F2G1, 13
INSERT INTO appointment (id, date_time, employee_id, patient_id, therapy_id, session_notes) VALUES (878, '2024-01-19T08:00', 126, 16, 85, 'Patient able to perform daily activities with less pain.'); --#6F2G1, 13
INSERT INTO appointment (id, date_time, employee_id, patient_id, therapy_id, session_notes) VALUES (879, '2024-01-22T08:00', 145, 16, 85, 'Continued progress, focusing on knee stability.'); --#6F2G1, 13
INSERT INTO appointment (id, date_time, employee_id, patient_id, therapy_id, session_notes) VALUES (880, '2024-01-25T08:00', 145, 16, 85, 'Significant gains in knee mobility and strength.'); --#6F2G1, 13
INSERT INTO appointment (id, date_time, employee_id, patient_id, therapy_id, session_notes) VALUES (881, '2024-01-29T08:00', 141, 16, 85, 'Knee function nearly back to normal, continue with strengthening exercises.'); --#6F2G1, 13